N,v,beta,T,i0,eps,mean_v,mean_beta,sd_v,sd_beta,mse_v,mse_beta,time_v,time_beta
50,0.01,1.0,5,1,0.010000,-8.040000,7.820000,10.442441,8.860680,1.089735e+02,7.821673e+01,0.035369,0.035401
50,0.01,1.0,5,1,0.018182,-8.112500,7.386500,7.867712,6.644398,6.193601e+01,4.429838e+01,0.035383,0.035405
50,0.01,1.0,5,1,0.050909,-7.961250,7.943571,4.239662,4.403535,1.836929e+01,1.931378e+01,0.035213,0.035585
50,0.01,1.0,5,1,0.026364,-8.128621,7.347241,5.945778,5.640289,3.547672e+01,3.205900e+01,0.035398,0.035439
50,0.01,1.0,5,1,0.059091,-7.857385,7.965692,3.783659,4.095183,1.487793e+01,1.670350e+01,0.035240,0.035766
50,0.01,1.0,5,1,0.034545,-7.960526,7.494474,5.078851,4.838633,2.615899e+01,2.353385e+01,0.035424,0.035684
50,0.01,1.0,5,1,0.042727,-7.896596,7.664894,4.585669,4.836083,2.150320e+01,2.338023e+01,0.035425,0.035906
50,0.01,1.0,5,1,0.100000,-7.616000,8.341000,3.177962,3.507160,1.111629e+01,1.239743e+01,0.035167,0.036294
50,0.01,1.0,5,1,0.075455,-7.937229,8.129398,3.612595,3.842498,1.349848e+01,1.473501e+01,0.035490,0.036014
50,0.01,1.0,5,1,0.091818,-7.654257,8.333861,3.310456,3.662977,1.189532e+01,1.350478e+01,0.035503,0.036308
50,0.01,1.0,5,1,0.083636,-7.763370,8.400652,3.506873,3.746054,1.302487e+01,1.417247e+01,0.035367,0.036484
50,0.01,1.0,5,1,0.067273,-7.845676,8.022568,3.678178,3.830756,1.411256e+01,1.462012e+01,0.035845,0.036063
50,0.01,1.0,10,1,0.018182,-10.323500,9.421500,10.096810,9.004058,1.021971e+02,8.096894e+01,0.038910,0.038943
50,0.01,1.0,10,1,0.010000,-10.180000,9.880000,12.443350,12.948213,1.551305e+02,1.669857e+02,0.039036,0.038968
50,0.01,1.0,10,1,0.042727,-10.211277,9.811064,6.297634,6.759130,4.035565e+01,4.550944e+01,0.038771,0.039354
50,0.01,1.0,10,1,0.050909,-10.279107,10.239821,5.861535,6.370452,3.495349e+01,4.054220e+01,0.038638,0.039572
50,0.01,1.0,10,1,0.059091,-10.060769,10.292615,5.214726,5.905277,2.823954e+01,3.489432e+01,0.038584,0.039501
50,0.01,1.0,10,1,0.067273,-9.962432,10.299865,4.990541,5.446489,2.618185e+01,2.971298e+01,0.038523,0.039662
50,0.01,1.0,10,1,0.083636,-9.805543,10.754891,4.638692,5.042246,2.320005e+01,2.606934e+01,0.038257,0.039629
50,0.01,1.0,10,1,0.026364,-10.468966,9.202069,8.124017,7.320220,6.617986e+01,5.384551e+01,0.039531,0.039379
50,0.01,1.0,10,1,0.034545,-10.227105,9.610526,6.969857,6.699942,4.920968e+01,4.478818e+01,0.039308,0.039652
50,0.01,1.0,10,1,0.100000,-9.535000,10.605000,4.197320,4.687656,2.010847e+01,2.239642e+01,0.038100,0.039821
50,0.01,1.0,10,1,0.091818,-9.637525,10.603564,4.412384,4.913525,2.163504e+01,2.455431e+01,0.038675,0.040028
50,0.01,1.0,10,1,0.075455,-10.015301,10.414217,4.865392,5.265044,2.483209e+01,2.788386e+01,0.039011,0.040289
50,0.01,1.0,15,1,0.018182,-10.417000,9.449000,10.303958,9.239779,1.063909e+02,8.527929e+01,0.039684,0.039960
50,0.01,1.0,15,1,0.010000,-10.290000,9.920000,12.782585,13.407559,1.636049e+02,1.790443e+02,0.040123,0.039913
50,0.01,1.0,15,1,0.026364,-10.552414,9.221034,8.223495,7.461399,6.780035e+01,5.597573e+01,0.039828,0.040087
50,0.01,1.0,15,1,0.034545,-10.316842,9.653947,7.034284,6.781646,5.009801e+01,4.589220e+01,0.039723,0.040132
50,0.01,1.0,15,1,0.042727,-10.302553,9.867234,6.382174,6.949373,4.140999e+01,4.810686e+01,0.039731,0.040552
50,0.01,1.0,15,1,0.059091,-10.133538,10.334923,5.328354,5.987967,2.945708e+01,3.586339e+01,0.039594,0.040499
50,0.01,1.0,15,1,0.083636,-9.874891,10.832609,4.704492,5.129336,2.385166e+01,2.699047e+01,0.039092,0.040901
50,0.01,1.0,15,1,0.050909,-10.369464,10.273214,5.985935,6.432246,3.641063e+01,4.131519e+01,0.039644,0.040495
50,0.01,1.0,15,1,0.067273,-10.026351,10.351892,5.083372,5.549385,2.716088e+01,3.083703e+01,0.039440,0.040703
50,0.01,1.0,15,1,0.075455,-10.081566,10.483133,4.942313,5.369935,2.562362e+01,2.900909e+01,0.039575,0.040761
50,0.01,1.0,15,1,0.100000,-9.597000,10.682000,4.258684,4.779724,2.069631e+01,2.329569e+01,0.039108,0.040872
50,0.01,1.0,15,1,0.091818,-9.701782,10.683069,4.471447,5.022177,2.221730e+01,2.566426e+01,0.039508,0.041107
50,0.01,1.0,20,1,0.010000,-10.290000,9.920000,12.782585,13.407559,1.636062e+02,1.790443e+02,0.040426,0.040333
50,0.01,1.0,20,1,0.018182,-10.417000,9.449000,10.303958,9.239779,1.063920e+02,8.527973e+01,0.040419,0.040852
50,0.01,1.0,20,1,0.026364,-10.552414,9.221034,8.223495,7.461399,6.780135e+01,5.597637e+01,0.040628,0.040727
50,0.01,1.0,20,1,0.034545,-10.316842,9.653947,7.034284,6.781646,5.009935e+01,4.589246e+01,0.040570,0.041041
50,0.01,1.0,20,1,0.075455,-10.081566,10.483133,4.942313,5.369935,2.562531e+01,2.900862e+01,0.039768,0.041243
50,0.01,1.0,20,1,0.067273,-10.026351,10.351892,5.083372,5.549385,2.716266e+01,3.083667e+01,0.039880,0.041267
50,0.01,1.0,20,1,0.059091,-10.133538,10.334923,5.328354,5.987967,2.945870e+01,3.586305e+01,0.040114,0.041043
50,0.01,1.0,20,1,0.042727,-10.302553,9.867234,6.382174,6.949373,4.141135e+01,4.810693e+01,0.040484,0.040997
50,0.01,1.0,20,1,0.050909,-10.369464,10.273214,5.985935,6.432246,3.641190e+01,4.131491e+01,0.040685,0.041494
50,0.01,1.0,20,1,0.100000,-9.597000,10.682000,4.258684,4.779724,2.069873e+01,2.329505e+01,0.039761,0.041630
50,0.01,1.0,20,1,0.083636,-9.874891,10.832609,4.704492,5.129336,2.385366e+01,2.698969e+01,0.040529,0.041932
50,0.01,1.0,20,1,0.091818,-9.701782,10.683069,4.471447,5.022177,2.221956e+01,2.566361e+01,0.040186,0.041938
50,0.01,2.0,5,1,0.010000,-41.900000,14.150000,26.674635,15.703148,7.094165e+02,2.477268e+02,0.045151,0.044911
50,0.01,2.0,5,1,0.018182,-42.531500,15.746500,19.210485,12.493745,3.676153e+02,1.554886e+02,0.044927,0.045159
50,0.01,2.0,5,1,0.026364,-41.762069,16.955172,15.760542,12.311962,2.483818e+02,1.527943e+02,0.045035,0.044945
50,0.01,2.0,5,1,0.042727,-40.781915,16.242553,12.907886,9.549105,1.698296e+02,9.122395e+01,0.044887,0.044991
50,0.01,2.0,5,1,0.050909,-40.517321,16.240714,11.489388,9.054092,1.364733e+02,8.204962e+01,0.044875,0.045093
50,0.01,2.0,5,1,0.059091,-40.742308,16.281692,10.584380,8.320114,1.156212e+02,6.940193e+01,0.044940,0.045179
50,0.01,2.0,5,1,0.075455,-40.376627,16.229639,9.798179,7.208447,1.012643e+02,5.214091e+01,0.044771,0.045216
50,0.01,2.0,5,1,0.067273,-40.796622,16.357297,10.213695,7.525794,1.077271e+02,5.697321e+01,0.045251,0.045629
50,0.01,2.0,5,1,0.034545,-40.986579,16.358158,13.972666,10.525397,1.975724e+02,1.109043e+02,0.045601,0.045716
50,0.01,2.0,5,1,0.091818,-39.899505,16.217921,9.209867,6.636409,9.262103e+01,4.423836e+01,0.044505,0.045211
50,0.01,2.0,5,1,0.083636,-40.109348,16.225000,9.495554,7.019657,9.679028e+01,4.945978e+01,0.044871,0.045193
50,0.01,2.0,5,1,0.100000,-39.650000,16.118000,8.720792,6.367910,8.537250e+01,4.064868e+01,0.044893,0.045579
50,0.01,2.0,10,1,0.010000,-50.850000,17.940000,40.967865,26.856872,1.672586e+03,7.205255e+02,0.056711,0.056156
50,0.01,2.0,10,1,0.018182,-51.447000,18.551500,29.695564,20.156841,8.784353e+02,4.089465e+02,0.056564,0.056314
50,0.01,2.0,10,1,0.042727,-49.565532,17.892553,18.415515,13.857008,3.428390e+02,1.932319e+02,0.056126,0.055848
50,0.01,2.0,10,1,0.034545,-49.673684,17.967632,20.231974,15.490343,4.122846e+02,2.411913e+02,0.055967,0.056254
50,0.01,2.0,10,1,0.026364,-50.562069,18.954138,24.256646,18.304581,5.876035e+02,3.398177e+02,0.056555,0.056189
50,0.01,2.0,10,1,0.075455,-48.877108,17.511205,14.002428,11.008329,2.039204e+02,1.217532e+02,0.055426,0.056279
50,0.01,2.0,10,1,0.050909,-49.042321,18.210893,16.572670,13.471973,2.812477e+02,1.837493e+02,0.056432,0.056399
50,0.01,2.0,10,1,0.083636,-48.542283,17.381196,13.221858,10.412320,1.848350e+02,1.087872e+02,0.055334,0.056300
50,0.01,2.0,10,1,0.067273,-49.134324,17.562838,14.543733,11.550059,2.178651e+02,1.340336e+02,0.055704,0.056363
50,0.01,2.0,10,1,0.059091,-49.112462,17.742154,15.170787,12.374881,2.365409e+02,1.541074e+02,0.055935,0.056456
50,0.01,2.0,10,1,0.091818,-48.355347,17.109901,12.817756,9.630560,1.756134e+02,9.276811e+01,0.055465,0.056463
50,0.01,2.0,10,1,0.100000,-48.351000,16.859000,11.697344,9.138183,1.482863e+02,8.331279e+01,0.055864,0.056871
50,0.01,2.0,15,1,0.010000,-50.990000,17.970000,42.669399,27.102440,1.814648e+03,7.338793e+02,0.057694,0.057341
50,0.01,2.0,15,1,0.026364,-51.005862,18.878276,25.383650,19.002506,6.429704e+02,3.654911e+02,0.057437,0.057344
50,0.01,2.0,15,1,0.034545,-50.035526,17.828684,21.176259,16.010757,4.509416e+02,2.571878e+02,0.057526,0.057393
50,0.01,2.0,15,1,0.042727,-49.935319,17.784894,19.157582,14.218171,3.702720e+02,2.030988e+02,0.057341,0.057444
50,0.01,2.0,15,1,0.018182,-51.804500,18.425000,31.395814,20.426167,9.818474e+02,4.194142e+02,0.057834,0.057519
50,0.01,2.0,15,1,0.067273,-49.541622,17.473649,15.005344,11.720586,2.308538e+02,1.378468e+02,0.057017,0.057492
50,0.01,2.0,15,1,0.050909,-49.399821,18.126429,17.204993,13.682572,3.021702e+02,1.892355e+02,0.057124,0.057586
50,0.01,2.0,15,1,0.075455,-49.282651,17.366747,14.431319,11.169175,2.154211e+02,1.250707e+02,0.056895,0.057694
50,0.01,2.0,15,1,0.083636,-48.910543,17.247283,13.628483,10.556324,1.952260e+02,1.116075e+02,0.056854,0.057937
50,0.01,2.0,15,1,0.091818,-48.653762,16.983564,13.171097,9.790289,1.847261e+02,9.573878e+01,0.056801,0.057954
50,0.01,2.0,15,1,0.059091,-49.479692,17.672769,15.649722,12.588407,2.508501e+02,1.593010e+02,0.057727,0.057910
50,0.01,2.0,15,1,0.100000,-48.685000,16.695000,12.063380,9.274794,1.566703e+02,8.573219e+01,0.056857,0.058174
50,0.01,2.0,20,1,0.010000,-51.060000,17.970000,42.767307,27.102440,1.822840e+03,7.338800e+02,0.058203,0.057815
50,0.01,2.0,20,1,0.026364,-51.036207,18.878276,25.435748,19.002506,6.455542e+02,3.654921e+02,0.057758,0.058111
50,0.01,2.0,20,1,0.034545,-50.044211,17.828684,21.196319,16.010757,4.517768e+02,2.571884e+02,0.057950,0.058116
50,0.01,2.0,20,1,0.050909,-49.403750,18.136250,17.222254,13.690206,3.027729e+02,1.894772e+02,0.057553,0.058112
50,0.01,2.0,20,1,0.059091,-49.483077,17.681231,15.672814,12.593180,2.515839e+02,1.594418e+02,0.057737,0.058321
50,0.01,2.0,20,1,0.042727,-49.940000,17.796596,19.178764,14.231748,3.710863e+02,2.035152e+02,0.058048,0.058309
50,0.01,2.0,20,1,0.083636,-48.910543,17.254457,13.647664,10.555261,1.957851e+02,1.115968e+02,0.057238,0.058191
50,0.01,2.0,20,1,0.018182,-51.837500,18.425000,31.447495,20.426167,9.850664e+02,4.194151e+02,0.058625,0.058756
50,0.01,2.0,20,1,0.091818,-48.651584,16.990099,13.190419,9.787268,1.852896e+02,9.568697e+01,0.057029,0.058697
50,0.01,2.0,20,1,0.067273,-49.543108,17.476622,15.025740,11.723186,2.314867e+02,1.379140e+02,0.058134,0.058577
50,0.01,2.0,20,1,0.075455,-49.278675,17.374699,14.448347,11.167494,2.159670e+02,1.250482e+02,0.057620,0.058812
50,0.01,2.0,20,1,0.100000,-48.685000,16.701000,12.080741,9.270930,1.571285e+02,8.566375e+01,0.056847,0.058473
50,0.01,4.0,5,1,0.010000,-50.210000,2.810000,37.507441,13.365758,1.402569e+03,1.794471e+02,0.048210,0.047748
50,0.01,4.0,5,1,0.034545,-51.106579,3.039474,20.596460,7.476992,4.225967e+02,5.668717e+01,0.048176,0.047815
50,0.01,4.0,5,1,0.018182,-51.892500,2.359500,30.452148,8.739305,9.238782e+02,7.890130e+01,0.048338,0.048186
50,0.01,4.0,5,1,0.050909,-51.415179,3.396250,16.753307,6.860703,2.795513e+02,4.729818e+01,0.048160,0.047819
50,0.01,4.0,5,1,0.042727,-51.472979,2.953617,18.439747,6.629211,3.386713e+02,4.495558e+01,0.048282,0.047834
50,0.01,4.0,5,1,0.026364,-51.927586,2.765172,24.975309,7.940951,6.215618e+02,6.443717e+01,0.048498,0.048233
50,0.01,4.0,5,1,0.067273,-51.401216,3.742973,14.680108,7.143267,2.146437e+02,5.091167e+01,0.048362,0.047987
50,0.01,4.0,5,1,0.059091,-50.864000,3.587692,15.366645,7.112173,2.354642e+02,5.058722e+01,0.048915,0.048251
50,0.01,4.0,5,1,0.091818,-51.751188,3.907723,12.597494,6.236842,1.581937e+02,3.876068e+01,0.048420,0.048093
50,0.01,4.0,5,1,0.075455,-51.949157,3.807590,14.255343,6.788346,2.027165e+02,4.595233e+01,0.048814,0.048371
50,0.01,4.0,5,1,0.083636,-51.794457,3.701739,13.448885,6.292878,1.803140e+02,3.955781e+01,0.048888,0.048249
50,0.01,4.0,5,1,0.100000,-51.841000,3.879000,11.795444,5.899306,1.387809e+02,3.468923e+01,0.048463,0.048122
50,0.01,4.0,10,1,0.010000,-48.400000,2.280000,38.666139,15.898511,1.491130e+03,2.527825e+02,0.051105,0.050895
50,0.01,4.0,10,1,0.026364,-50.937586,1.915517,27.140443,8.679221,7.348881e+02,7.693147e+01,0.051302,0.051008
50,0.01,4.0,10,1,0.034545,-49.699737,2.359211,22.301143,8.348088,4.953681e+02,7.028815e+01,0.051402,0.050838
50,0.01,4.0,10,1,0.042727,-49.425106,2.143830,19.996546,7.095857,3.984249e+02,5.147576e+01,0.051494,0.051199
50,0.01,4.0,10,1,0.059091,-48.939846,2.788923,16.893375,7.143235,2.850337e+02,5.107817e+01,0.051425,0.050754
50,0.01,4.0,10,1,0.018182,-51.425000,1.716000,33.986144,9.907078,1.152988e+03,1.002519e+02,0.052012,0.051628
50,0.01,4.0,10,1,0.067273,-49.332027,3.020541,15.758673,7.323426,2.475886e+02,5.349356e+01,0.051478,0.050654
50,0.01,4.0,10,1,0.075455,-50.055301,3.097229,15.172566,6.963080,2.293375e+02,4.832979e+01,0.051520,0.050959
50,0.01,4.0,10,1,0.050909,-49.338929,2.559464,17.680552,6.967476,3.115908e+02,4.889306e+01,0.052603,0.051433
50,0.01,4.0,10,1,0.100000,-49.685000,3.200000,12.723801,6.124134,1.612680e+02,3.736409e+01,0.051844,0.050942
50,0.01,4.0,10,1,0.091818,-49.679703,3.266238,13.441466,6.414705,1.799724e+02,4.098469e+01,0.052237,0.051312
50,0.01,4.0,10,1,0.083636,-49.853913,3.022609,14.344028,6.479418,2.049288e+02,4.188931e+01,0.052176,0.051589
50,0.01,4.0,15,1,0.010000,-48.380000,2.300000,38.671145,16.037106,1.491513e+03,2.571389e+02,0.051902,0.051629
50,0.01,4.0,15,1,0.018182,-51.408500,1.721500,33.954557,9.979051,1.150864e+03,1.016415e+02,0.051915,0.051395
50,0.01,4.0,15,1,0.026364,-50.911034,1.919310,27.105614,8.719686,7.329935e+02,7.760596e+01,0.052043,0.051609
50,0.01,4.0,15,1,0.050909,-49.313393,2.583036,17.667581,7.035830,3.111389e+02,4.980386e+01,0.051880,0.051214
50,0.01,4.0,15,1,0.034545,-49.679474,2.362105,22.280208,8.373305,4.944384e+02,7.069167e+01,0.052361,0.051495
50,0.01,4.0,15,1,0.042727,-49.397021,2.146170,19.971942,7.118845,3.974513e+02,5.178224e+01,0.052148,0.051597
50,0.01,4.0,15,1,0.059091,-48.914462,2.809231,16.876652,7.191238,2.844793e+02,5.173762e+01,0.052089,0.051592
50,0.01,4.0,15,1,0.075455,-49.942651,3.126386,15.153275,7.019228,2.287216e+02,4.909906e+01,0.052341,0.051235
50,0.01,4.0,15,1,0.067273,-49.288919,3.036892,15.744219,7.357341,2.471577e+02,5.397771e+01,0.052267,0.051497
50,0.01,4.0,15,1,0.083636,-49.752283,3.048913,14.329103,6.550555,2.045049e+02,4.279597e+01,0.052008,0.051139
50,0.01,4.0,15,1,0.091818,-49.579505,3.296733,13.434784,6.479337,1.798234e+02,4.181394e+01,0.052173,0.051502
50,0.01,4.0,15,1,0.100000,-49.581000,3.227000,12.731045,6.191004,1.614824e+02,3.817912e+01,0.052341,0.051756
50,0.01,4.0,20,1,0.010000,-48.380000,2.300000,38.671145,16.037106,1.491513e+03,2.571388e+02,0.052420,0.052101
50,0.01,4.0,20,1,0.018182,-51.408500,1.721500,33.954557,9.979051,1.150864e+03,1.016413e+02,0.052313,0.052054
50,0.01,4.0,20,1,0.026364,-50.911034,1.919310,27.105614,8.719686,7.329939e+02,7.760583e+01,0.052294,0.051883
50,0.01,4.0,20,1,0.034545,-49.679474,2.362105,22.280208,8.373305,4.944384e+02,7.069158e+01,0.052186,0.051952
50,0.01,4.0,20,1,0.050909,-49.313393,2.583036,17.667581,7.035830,3.111387e+02,4.980379e+01,0.052704,0.052191
50,0.01,4.0,20,1,0.059091,-48.914462,2.809231,16.876652,7.191238,2.844791e+02,5.173758e+01,0.052552,0.052063
50,0.01,4.0,20,1,0.042727,-49.397021,2.146170,19.971942,7.118845,3.974512e+02,5.178213e+01,0.052803,0.052565
50,0.01,4.0,20,1,0.067273,-49.288919,3.036892,15.744219,7.357341,2.471575e+02,5.397768e+01,0.052433,0.051966
50,0.01,4.0,20,1,0.075455,-49.941325,3.126386,15.154416,7.019228,2.287557e+02,4.909904e+01,0.052482,0.051916
50,0.01,4.0,20,1,0.083636,-49.751087,3.048913,14.330279,6.550555,2.045386e+02,4.279595e+01,0.052750,0.051972
50,0.01,4.0,20,1,0.091818,-49.578416,3.296733,13.435883,6.479337,1.798532e+02,4.181394e+01,0.052814,0.052000
50,0.01,4.0,20,1,0.100000,-49.581000,3.227000,12.731045,6.191004,1.614824e+02,3.817911e+01,0.052868,0.052306
50,0.01,8.0,5,1,0.010000,-48.020000,0.010000,26.134492,0.158114,6.814727e+02,6.526976e-01,0.045584,0.045271
50,0.01,8.0,5,1,0.034545,-49.413158,0.442895,14.786544,3.797764,2.178578e+02,1.449452e+01,0.045390,0.045123
50,0.01,8.0,5,1,0.018182,-49.087500,0.533500,20.819838,5.891501,4.317324e+02,3.464321e+01,0.045798,0.045406
50,0.01,8.0,5,1,0.026364,-49.355862,0.553793,16.809016,4.965982,2.814722e+02,2.462411e+01,0.045993,0.045348
50,0.01,8.0,5,1,0.059091,-49.092154,0.761538,11.232243,3.666993,1.256590e+02,1.339472e+01,0.045744,0.045052
50,0.01,8.0,5,1,0.042727,-49.392340,0.557021,13.558302,3.648796,1.831707e+02,1.332064e+01,0.045880,0.045420
50,0.01,8.0,5,1,0.075455,-49.344940,0.792530,10.065853,3.339204,1.009702e+02,1.110578e+01,0.045642,0.045230
50,0.01,8.0,5,1,0.067273,-49.120946,0.741757,10.698409,3.406375,1.139982e+02,1.156065e+01,0.045757,0.045334
50,0.01,8.0,5,1,0.050909,-49.629643,0.569643,12.410090,3.392779,1.536619e+02,1.151905e+01,0.046014,0.045579
50,0.01,8.0,5,1,0.083636,-49.069565,0.829783,9.616915,3.248323,9.211694e+01,1.051015e+01,0.045619,0.045388
50,0.01,8.0,5,1,0.100000,-49.288000,0.743000,9.129455,2.808693,8.304442e+01,7.860722e+00,0.045507,0.045028
50,0.01,8.0,5,1,0.091818,-49.229901,0.756931,9.475182,2.958639,8.943378e+01,8.720592e+00,0.045924,0.045594
50,0.01,8.0,10,1,0.010000,-47.170000,0.010000,24.329690,0.158114,5.929880e+02,6.232193e-01,0.046394,0.045997
50,0.01,8.0,10,1,0.018182,-48.642000,0.533500,20.477151,5.891501,4.177792e+02,3.463345e+01,0.046380,0.045934
50,0.01,8.0,10,1,0.034545,-49.300263,0.425526,14.802521,3.789781,2.183168e+02,1.443314e+01,0.046672,0.046299
50,0.01,8.0,10,1,0.026364,-49.192759,0.553793,16.900478,4.965982,2.845136e+02,2.461511e+01,0.047105,0.046634
50,0.01,8.0,10,1,0.050909,-49.466607,0.483214,12.495641,3.292581,1.557161e+02,1.088790e+01,0.046719,0.046511
50,0.01,8.0,10,1,0.042727,-49.272979,0.454043,13.660793,3.512489,1.859349e+02,1.239678e+01,0.046891,0.046480
50,0.01,8.0,10,1,0.075455,-49.204458,0.775301,10.225603,3.429384,1.041788e+02,1.171370e+01,0.046700,0.046264
50,0.01,8.0,10,1,0.059091,-48.963538,0.741231,11.351365,3.798773,1.283412e+02,1.437474e+01,0.047057,0.046510
50,0.01,8.0,10,1,0.067273,-49.005000,0.723919,10.891382,3.516401,1.181479e+02,1.231917e+01,0.046880,0.046583
50,0.01,8.0,10,1,0.083636,-48.936848,0.814239,9.761739,3.324453,9.491727e+01,1.100873e+01,0.046913,0.046168
50,0.01,8.0,10,1,0.091818,-49.051287,0.742772,9.605465,3.027996,9.189689e+01,9.133745e+00,0.046407,0.045923
50,0.01,8.0,10,1,0.100000,-49.109000,0.730000,9.239037,2.870551,8.502632e+01,8.209963e+00,0.046639,0.046248
50,0.01,8.0,15,1,0.010000,-47.170000,0.010000,24.329690,0.158114,5.929879e+02,6.232142e-01,0.047167,0.046877
50,0.01,8.0,15,1,0.018182,-48.642000,0.533500,20.477151,5.891501,4.177792e+02,3.463344e+01,0.047156,0.046867
50,0.01,8.0,15,1,0.026364,-49.192759,0.553793,16.900478,4.965982,2.845136e+02,2.461511e+01,0.047320,0.047121
50,0.01,8.0,15,1,0.034545,-49.300263,0.425526,14.802521,3.789781,2.183168e+02,1.443314e+01,0.047422,0.046908
50,0.01,8.0,15,1,0.050909,-49.466607,0.483214,12.495641,3.292581,1.557161e+02,1.088790e+01,0.046944,0.046505
50,0.01,8.0,15,1,0.042727,-49.272979,0.454043,13.660793,3.512489,1.859349e+02,1.239678e+01,0.047045,0.046472
50,0.01,8.0,15,1,0.067273,-49.005000,0.723919,10.891382,3.516401,1.181479e+02,1.231917e+01,0.047102,0.046915
50,0.01,8.0,15,1,0.059091,-48.963538,0.741231,11.351365,3.798773,1.283412e+02,1.437474e+01,0.047354,0.047252
50,0.01,8.0,15,1,0.075455,-49.204458,0.775301,10.225603,3.429384,1.041788e+02,1.171370e+01,0.047581,0.046960
50,0.01,8.0,15,1,0.083636,-48.936848,0.814239,9.761739,3.324453,9.491727e+01,1.100873e+01,0.047252,0.047058
50,0.01,8.0,15,1,0.091818,-49.051287,0.742772,9.605465,3.027996,9.189689e+01,9.133744e+00,0.047307,0.046922
50,0.01,8.0,15,1,0.100000,-49.109000,0.730000,9.239037,2.870551,8.502633e+01,8.209963e+00,0.047513,0.047410
50,0.01,8.0,20,1,0.010000,-47.170000,0.010000,24.329690,0.158114,5.929879e+02,6.232142e-01,0.047961,0.047671
50,0.01,8.0,20,1,0.018182,-48.642000,0.533500,20.477151,5.891501,4.177792e+02,3.463344e+01,0.047868,0.047543
50,0.01,8.0,20,1,0.034545,-49.300263,0.425526,14.802521,3.789781,2.183168e+02,1.443314e+01,0.047664,0.047482
50,0.01,8.0,20,1,0.026364,-49.192759,0.553793,16.900478,4.965982,2.845136e+02,2.461511e+01,0.047818,0.047542
50,0.01,8.0,20,1,0.042727,-49.272979,0.454043,13.660793,3.512489,1.859349e+02,1.239678e+01,0.047952,0.047450
50,0.01,8.0,20,1,0.050909,-49.466607,0.483214,12.495641,3.292581,1.557161e+02,1.088790e+01,0.048114,0.047803
50,0.01,8.0,20,1,0.059091,-48.963538,0.741231,11.351365,3.798773,1.283412e+02,1.437474e+01,0.047991,0.047546
50,0.01,8.0,20,1,0.083636,-48.936848,0.814239,9.761739,3.324453,9.491727e+01,1.100873e+01,0.048145,0.047861
50,0.01,8.0,20,1,0.067273,-49.005000,0.723919,10.891382,3.516401,1.181479e+02,1.231917e+01,0.048518,0.048133
50,0.01,8.0,20,1,0.091818,-49.051287,0.742772,9.605465,3.027996,9.189689e+01,9.133744e+00,0.047921,0.047793
50,0.01,8.0,20,1,0.075455,-49.204458,0.775301,10.225603,3.429384,1.041788e+02,1.171370e+01,0.048675,0.048337
50,0.01,8.0,20,1,0.100000,-49.109000,0.730000,9.239037,2.870551,8.502633e+01,8.209963e+00,0.048211,0.047673
50,0.01,16.0,5,1,0.010000,-47.290000,0.000000,16.879591,0.000000,2.867240e+02,3.833045e-02,0.042942,0.042513
50,0.01,16.0,5,1,0.018182,-48.317500,0.258500,13.861125,4.087244,1.918357e+02,1.664267e+01,0.042814,0.042534
50,0.01,16.0,5,1,0.026364,-48.680690,0.364138,12.203746,4.063891,1.484412e+02,1.647750e+01,0.042576,0.042318
50,0.01,16.0,5,1,0.034545,-48.593947,0.277895,10.552711,3.101391,1.110837e+02,9.586892e+00,0.042762,0.042459
50,0.01,16.0,5,1,0.050909,-48.321429,0.284821,8.486000,2.590088,7.219216e+01,6.689648e+00,0.042950,0.042561
50,0.01,16.0,5,1,0.042727,-48.374255,0.339362,8.990927,3.086062,8.091195e+01,9.506298e+00,0.043235,0.042904
50,0.01,16.0,5,1,0.059091,-48.515077,0.245385,7.944556,2.231460,6.310407e+01,4.961957e+00,0.042761,0.042467
50,0.01,16.0,5,1,0.067273,-48.560541,0.359730,7.563915,2.523511,5.718200e+01,6.369515e+00,0.042970,0.042689
50,0.01,16.0,5,1,0.083636,-48.799348,0.346739,6.839013,2.215876,4.662752e+01,4.913252e+00,0.043068,0.042637
50,0.01,16.0,5,1,0.075455,-48.699518,0.384337,7.009123,2.456151,4.902494e+01,6.044102e+00,0.043436,0.042894
50,0.01,16.0,5,1,0.091818,-49.264752,0.315842,6.944757,2.018421,4.810392e+01,4.072143e+00,0.043120,0.042728
50,0.01,16.0,5,1,0.100000,-49.082000,0.339000,6.523073,2.001588,4.238612e+01,4.010840e+00,0.043442,0.043144
50,0.01,16.0,10,1,0.010000,-47.290000,0.000000,16.879591,0.000000,2.867120e+02,3.819320e-02,0.043906,0.043590
50,0.01,16.0,10,1,0.018182,-48.317500,0.258500,13.861125,4.087244,1.918309e+02,1.664272e+01,0.044357,0.043996
50,0.01,16.0,10,1,0.026364,-48.680690,0.364138,12.203746,4.063891,1.484390e+02,1.647761e+01,0.043831,0.043490
50,0.01,16.0,10,1,0.034545,-48.593947,0.277895,10.552711,3.101391,1.110808e+02,9.586950e+00,0.043729,0.043536
50,0.01,16.0,10,1,0.042727,-48.374255,0.339362,8.990927,3.086062,8.090753e+01,9.506399e+00,0.043815,0.043386
50,0.01,16.0,10,1,0.059091,-48.515077,0.245385,7.944556,2.231460,6.310065e+01,4.961992e+00,0.044004,0.043625
50,0.01,16.0,10,1,0.050909,-48.321429,0.284821,8.486000,2.590088,7.218737e+01,6.689710e+00,0.044060,0.044167
50,0.01,16.0,10,1,0.067273,-48.560541,0.359730,7.563915,2.523511,5.717889e+01,6.369630e+00,0.043825,0.043457
50,0.01,16.0,10,1,0.083636,-48.799348,0.346739,6.839013,2.215876,4.662609e+01,4.913359e+00,0.043700,0.043692
50,0.01,16.0,10,1,0.075455,-48.699518,0.384337,7.009123,2.456151,4.902281e+01,6.044234e+00,0.044207,0.043879
50,0.01,16.0,10,1,0.091818,-49.264752,0.315842,6.944757,2.018421,4.810575e+01,4.072227e+00,0.043944,0.043718
50,0.01,16.0,10,1,0.100000,-49.082000,0.339000,6.523073,2.001588,4.238667e+01,4.010941e+00,0.044112,0.043812
50,0.01,16.0,15,1,0.010000,-47.290000,0.000000,16.879591,0.000000,2.867120e+02,3.819320e-02,0.044486,0.044299
50,0.01,16.0,15,1,0.034545,-48.593947,0.277895,10.552711,3.101391,1.110808e+02,9.586950e+00,0.044236,0.044072
50,0.01,16.0,15,1,0.018182,-48.317500,0.258500,13.861125,4.087244,1.918309e+02,1.664272e+01,0.044867,0.044218
50,0.01,16.0,15,1,0.026364,-48.680690,0.364138,12.203746,4.063891,1.484390e+02,1.647761e+01,0.044971,0.044959
50,0.01,16.0,15,1,0.042727,-48.374255,0.339362,8.990927,3.086062,8.090753e+01,9.506399e+00,0.044635,0.044311
50,0.01,16.0,15,1,0.050909,-48.321429,0.284821,8.486000,2.590088,7.218737e+01,6.689710e+00,0.044370,0.044314
50,0.01,16.0,15,1,0.059091,-48.515077,0.245385,7.944556,2.231460,6.310065e+01,4.961992e+00,0.044455,0.044413
50,0.01,16.0,15,1,0.075455,-48.699518,0.384337,7.009123,2.456151,4.902281e+01,6.044234e+00,0.044306,0.044159
50,0.01,16.0,15,1,0.067273,-48.560541,0.359730,7.563915,2.523511,5.717889e+01,6.369630e+00,0.044779,0.044610
50,0.01,16.0,15,1,0.091818,-49.264752,0.315842,6.944757,2.018421,4.810575e+01,4.072227e+00,0.044821,0.044331
50,0.01,16.0,15,1,0.083636,-48.799348,0.346739,6.839013,2.215876,4.662609e+01,4.913359e+00,0.045047,0.044944
50,0.01,16.0,15,1,0.100000,-49.082000,0.339000,6.523073,2.001588,4.238667e+01,4.010941e+00,0.044448,0.044345
50,0.01,16.0,20,1,0.010000,-47.290000,0.000000,16.879591,0.000000,2.867120e+02,3.819320e-02,0.045320,0.045042
50,0.01,16.0,20,1,0.018182,-48.317500,0.258500,13.861125,4.087244,1.918309e+02,1.664272e+01,0.044963,0.044868
50,0.01,16.0,20,1,0.026364,-48.680690,0.364138,12.203746,4.063891,1.484390e+02,1.647761e+01,0.045908,0.045725
50,0.01,16.0,20,1,0.042727,-48.374255,0.339362,8.990927,3.086062,8.090753e+01,9.506399e+00,0.045335,0.045220
50,0.01,16.0,20,1,0.034545,-48.593947,0.277895,10.552711,3.101391,1.110808e+02,9.586950e+00,0.045771,0.045788
50,0.01,16.0,20,1,0.050909,-48.321429,0.284821,8.486000,2.590088,7.218737e+01,6.689710e+00,0.045178,0.045104
50,0.01,16.0,20,1,0.059091,-48.515077,0.245385,7.944556,2.231460,6.310065e+01,4.961992e+00,0.045172,0.044869
50,0.01,16.0,20,1,0.067273,-48.560541,0.359730,7.563915,2.523511,5.717889e+01,6.369630e+00,0.045119,0.044936
50,0.01,16.0,20,1,0.075455,-48.699518,0.384337,7.009123,2.456151,4.902281e+01,6.044234e+00,0.045914,0.045588
50,0.01,16.0,20,1,0.091818,-49.264752,0.315842,6.944757,2.018421,4.810575e+01,4.072227e+00,0.045744,0.045489
50,0.01,16.0,20,1,0.083636,-48.799348,0.346739,6.839013,2.215876,4.662609e+01,4.913359e+00,0.046123,0.045709
50,0.01,16.0,20,1,0.100000,-49.082000,0.339000,6.523073,2.001588,4.238667e+01,4.010941e+00,0.045275,0.045163
50,0.3,1.0,5,1,0.010000,-4.510000,3.000000,6.480965,5.064841,4.184119e+01,2.555397e+01,0.031801,0.031748
50,0.3,1.0,5,1,0.018182,-4.257000,3.118500,4.311037,3.714375,1.862114e+01,1.374447e+01,0.032020,0.032042
50,0.3,1.0,5,1,0.026364,-4.263448,3.087586,3.464958,3.183092,1.206410e+01,1.009215e+01,0.031805,0.032128
50,0.3,1.0,5,1,0.059091,-4.098769,3.066462,2.367261,2.129208,5.822157e+00,4.515405e+00,0.031431,0.031884
50,0.3,1.0,5,1,0.034545,-4.295789,3.048158,3.109464,2.678792,9.716255e+00,7.147441e+00,0.032041,0.032209
50,0.3,1.0,5,1,0.050909,-4.115179,3.107500,2.534144,2.261128,6.621012e+00,5.094226e+00,0.031890,0.032205
50,0.3,1.0,5,1,0.042727,-4.238511,2.946596,2.898410,2.441257,8.490251e+00,5.949452e+00,0.032631,0.032706
50,0.3,1.0,5,1,0.067273,-4.028378,3.132027,2.157365,1.979817,4.950270e+00,3.908759e+00,0.031642,0.032223
50,0.3,1.0,5,1,0.075455,-3.949398,3.142289,2.019896,1.940871,4.473169e+00,3.758195e+00,0.031713,0.032342
50,0.3,1.0,5,1,0.091818,-3.929505,3.219406,1.886340,1.782208,3.979410e+00,3.188015e+00,0.031382,0.032264
50,0.3,1.0,5,1,0.100000,-3.883000,3.234000,1.834126,1.745546,3.849457e+00,3.063977e+00,0.031423,0.032401
50,0.3,1.0,5,1,0.083636,-3.913370,3.212717,1.917712,1.812893,4.119827e+00,3.295843e+00,0.031912,0.032462
50,0.3,1.0,10,1,0.010000,-4.960000,3.280000,7.689925,5.867650,5.890362e+01,3.429313e+01,0.033843,0.033580
50,0.3,1.0,10,1,0.018182,-4.653000,3.366000,5.024672,4.282878,2.529018e+01,1.827187e+01,0.034036,0.033265
50,0.3,1.0,10,1,0.026364,-4.612414,3.315172,3.975051,3.727071,1.591409e+01,1.383551e+01,0.032930,0.033080
50,0.3,1.0,10,1,0.034545,-4.617105,3.253684,3.533697,3.060210,1.260942e+01,9.331705e+00,0.033006,0.033164
50,0.3,1.0,10,1,0.050909,-4.409821,3.343214,2.854420,2.665981,8.502547e+00,7.079606e+00,0.032910,0.033388
50,0.3,1.0,10,1,0.042727,-4.545106,3.159574,3.252147,2.808276,1.077147e+01,7.880319e+00,0.033085,0.033580
50,0.3,1.0,10,1,0.059091,-4.398308,3.296615,2.676015,2.487715,7.534301e+00,6.164478e+00,0.032793,0.033307
50,0.3,1.0,10,1,0.067273,-4.304865,3.381757,2.413759,2.308496,6.332025e+00,5.311761e+00,0.032804,0.033530
50,0.3,1.0,10,1,0.075455,-4.214458,3.392771,2.254640,2.247903,5.731860e+00,5.038281e+00,0.032759,0.033561
50,0.3,1.0,10,1,0.083636,-4.166848,3.460217,2.130215,2.096166,5.268598e+00,4.396245e+00,0.032597,0.033672
50,0.3,1.0,10,1,0.091818,-4.172376,3.461188,2.086252,2.057260,5.074433e+00,4.235573e+00,0.032681,0.033716
50,0.3,1.0,10,1,0.100000,-4.119000,3.472000,2.019133,1.996160,4.894626e+00,3.992090e+00,0.033144,0.034212
50,0.3,1.0,15,1,0.010000,-4.960000,3.280000,7.689925,5.867650,5.890426e+01,3.429330e+01,0.033816,0.033763
50,0.3,1.0,15,1,0.018182,-4.653000,3.366000,5.024672,4.282878,2.529344e+01,1.827167e+01,0.033918,0.034035
50,0.3,1.0,15,1,0.026364,-4.612414,3.315172,3.975051,3.727071,1.591770e+01,1.383553e+01,0.033747,0.033962
50,0.3,1.0,15,1,0.034545,-4.617105,3.253684,3.533697,3.060210,1.261298e+01,9.331992e+00,0.033852,0.034169
50,0.3,1.0,15,1,0.042727,-4.545106,3.159574,3.252147,2.808276,1.077565e+01,7.881011e+00,0.033779,0.034187
50,0.3,1.0,15,1,0.059091,-4.398308,3.296615,2.676015,2.487715,7.539738e+00,6.164580e+00,0.033556,0.034107
50,0.3,1.0,15,1,0.050909,-4.409821,3.343214,2.854420,2.665981,8.507886e+00,7.079506e+00,0.033840,0.034467
50,0.3,1.0,15,1,0.067273,-4.304865,3.383243,2.413759,2.310032,6.338261e+00,5.318746e+00,0.033614,0.034322
50,0.3,1.0,15,1,0.075455,-4.214458,3.394096,2.254640,2.249718,5.738869e+00,5.046290e+00,0.033587,0.034398
50,0.3,1.0,15,1,0.083636,-4.166848,3.461413,2.130215,2.097692,5.276014e+00,4.402353e+00,0.033267,0.034246
50,0.3,1.0,15,1,0.091818,-4.172376,3.462277,2.086252,2.058386,5.081802e+00,4.239890e+00,0.033631,0.034645
50,0.3,1.0,15,1,0.100000,-4.119000,3.473000,2.019133,1.997117,4.902451e+00,3.995544e+00,0.033442,0.034769
50,0.3,1.0,20,1,0.010000,-4.960000,3.280000,7.689925,5.867650,5.890426e+01,3.429330e+01,0.034699,0.034717
50,0.3,1.0,20,1,0.018182,-4.653000,3.366000,5.024672,4.282878,2.529344e+01,1.827167e+01,0.034439,0.034757
50,0.3,1.0,20,1,0.026364,-4.612414,3.315172,3.975051,3.727071,1.591771e+01,1.383553e+01,0.034420,0.034711
50,0.3,1.0,20,1,0.034545,-4.617105,3.253684,3.533697,3.060210,1.261299e+01,9.331992e+00,0.034868,0.035099
50,0.3,1.0,20,1,0.042727,-4.545106,3.159574,3.252147,2.808276,1.077566e+01,7.881012e+00,0.034632,0.035053
50,0.3,1.0,20,1,0.059091,-4.398308,3.296615,2.676015,2.487715,7.539750e+00,6.164580e+00,0.034354,0.034814
50,0.3,1.0,20,1,0.050909,-4.409821,3.343214,2.854420,2.665981,8.507897e+00,7.079506e+00,0.034304,0.035011
50,0.3,1.0,20,1,0.067273,-4.304865,3.383243,2.413759,2.310032,6.338274e+00,5.318746e+00,0.034237,0.035036
50,0.3,1.0,20,1,0.075455,-4.214458,3.394096,2.254640,2.249718,5.738884e+00,5.046289e+00,0.034263,0.035065
50,0.3,1.0,20,1,0.083636,-4.166848,3.461413,2.130215,2.097692,5.276029e+00,4.402351e+00,0.034651,0.035473
50,0.3,1.0,20,1,0.091818,-4.172376,3.462277,2.086252,2.058386,5.081817e+00,4.239888e+00,0.034445,0.035474
50,0.3,1.0,20,1,0.100000,-4.119000,3.473000,2.019133,1.997117,4.902467e+00,3.995543e+00,0.034294,0.035430
50,0.3,2.0,5,1,0.018182,-23.281500,7.331500,11.574430,7.049732,1.349839e+02,4.956955e+01,0.039587,0.039834
50,0.3,2.0,5,1,0.010000,-23.880000,7.740000,16.903803,9.956855,2.850147e+02,9.919449e+01,0.040635,0.040807
50,0.3,2.0,5,1,0.026364,-23.433793,7.119655,10.631005,6.191921,1.137622e+02,3.818923e+01,0.040370,0.040244
50,0.3,2.0,5,1,0.034545,-23.421316,7.011053,9.404415,5.248635,8.931270e+01,2.744117e+01,0.039841,0.040311
50,0.3,2.0,5,1,0.050909,-22.936964,7.140179,7.695090,4.336143,6.150708e+01,1.873219e+01,0.040007,0.040598
50,0.3,2.0,5,1,0.059091,-22.915538,7.062000,7.439105,3.953141,5.771706e+01,1.556484e+01,0.040788,0.040948
50,0.3,2.0,5,1,0.042727,-23.165532,7.222553,8.342532,4.716902,7.117417e+01,2.218417e+01,0.040876,0.041539
50,0.3,2.0,5,1,0.067273,-22.367162,7.158919,6.847189,3.662894,5.136314e+01,1.337146e+01,0.040661,0.041403
50,0.3,2.0,5,1,0.075455,-22.229277,7.139398,6.726509,3.536958,5.034637e+01,1.246518e+01,0.039928,0.040686
50,0.3,2.0,5,1,0.083636,-21.919891,7.126087,6.287354,3.348632,4.617186e+01,1.117190e+01,0.039552,0.040503
50,0.3,2.0,5,1,0.100000,-21.450000,7.309000,5.679571,3.212874,4.159897e+01,1.033953e+01,0.039514,0.040726
50,0.3,2.0,5,1,0.091818,-21.757129,7.177228,6.044449,3.330663,4.406370e+01,1.106096e+01,0.039997,0.041354
50,0.3,2.0,10,1,0.010000,-29.730000,9.740000,22.540728,15.119418,5.060668e+02,2.305409e+02,0.045578,0.045718
50,0.3,2.0,10,1,0.026364,-28.831379,8.697586,14.478694,8.908923,2.098342e+02,7.947173e+01,0.045553,0.045844
50,0.3,2.0,10,1,0.018182,-28.946500,8.888000,16.075865,10.158920,2.582183e+02,1.034943e+02,0.046376,0.046613
50,0.3,2.0,10,1,0.034545,-28.846053,8.417895,13.081428,7.421672,1.714497e+02,5.499677e+01,0.045021,0.045563
50,0.3,2.0,10,1,0.042727,-28.401064,8.528511,11.421369,6.551775,1.320289e+02,4.298371e+01,0.045122,0.045805
50,0.3,2.0,10,1,0.050909,-28.002857,8.379643,10.254716,5.952133,1.081551e+02,3.539532e+01,0.045092,0.046138
50,0.3,2.0,10,1,0.067273,-27.210135,8.331757,9.009096,5.092201,8.781459e+01,2.590659e+01,0.044419,0.045924
50,0.3,2.0,10,1,0.059091,-27.951846,8.278769,9.855221,5.455535,1.003446e+02,2.969648e+01,0.044977,0.046559
50,0.3,2.0,10,1,0.075455,-26.924819,8.226145,8.827252,4.869631,8.617264e+01,2.364973e+01,0.044568,0.046121
50,0.3,2.0,10,1,0.083636,-26.413152,8.183043,8.084754,4.539358,7.692224e+01,2.054124e+01,0.044994,0.046968
50,0.3,2.0,10,1,0.091818,-26.163663,8.255446,7.719638,4.426619,7.295266e+01,1.955908e+01,0.044154,0.046285
50,0.3,2.0,10,1,0.100000,-25.769000,8.372000,7.284066,4.217257,6.951008e+01,1.781826e+01,0.044423,0.047119
50,0.3,2.0,15,1,0.010000,-29.820000,9.720000,22.518792,15.462144,5.050880e+02,2.408665e+02,0.046873,0.047543
50,0.3,2.0,15,1,0.018182,-29.106000,8.882500,16.237673,10.346258,2.633418e+02,1.072881e+02,0.046328,0.046429
50,0.3,2.0,15,1,0.026364,-28.964138,8.724138,14.561741,9.242064,2.121938e+02,8.551090e+01,0.046500,0.046660
50,0.3,2.0,15,1,0.042727,-28.560213,8.542553,11.472180,6.730332,1.330522e+02,4.534595e+01,0.045570,0.046613
50,0.3,2.0,15,1,0.034545,-29.019737,8.435263,13.144977,7.654690,1.729889e+02,5.849833e+01,0.046971,0.047789
50,0.3,2.0,15,1,0.050909,-28.175714,8.377679,10.285966,6.108806,1.085721e+02,3.726713e+01,0.045850,0.047003
50,0.3,2.0,15,1,0.075455,-27.070602,8.214217,8.869790,4.963408,8.672417e+01,2.455968e+01,0.045241,0.046934
50,0.3,2.0,15,1,0.059091,-28.116000,8.285538,9.929566,5.587895,1.016131e+02,3.114910e+01,0.046004,0.047328
50,0.3,2.0,15,1,0.067273,-27.367703,8.315405,9.062694,5.201032,8.853922e+01,2.700613e+01,0.045704,0.047520
50,0.3,2.0,15,1,0.083636,-26.555435,8.154348,8.125522,4.618264,7.737120e+01,2.125135e+01,0.045486,0.047638
50,0.3,2.0,15,1,0.091818,-26.304158,8.234752,7.766906,4.523676,7.347032e+01,2.041122e+01,0.045525,0.047652
50,0.3,2.0,15,1,0.100000,-25.897000,8.351000,7.325798,4.288252,6.998462e+01,1.839837e+01,0.045390,0.048121
50,0.3,2.0,20,1,0.018182,-29.106000,8.882500,16.237673,10.346258,2.633428e+02,1.072880e+02,0.046832,0.047181
50,0.3,2.0,20,1,0.010000,-29.820000,9.720000,22.518792,15.462144,5.050882e+02,2.408663e+02,0.047111,0.047068
50,0.3,2.0,20,1,0.026364,-28.964138,8.724138,14.561741,9.242064,2.121949e+02,8.551082e+01,0.046453,0.047068
50,0.3,2.0,20,1,0.034545,-29.019737,8.435263,13.144977,7.654690,1.729900e+02,5.849829e+01,0.046421,0.047399
50,0.3,2.0,20,1,0.042727,-28.560213,8.542553,11.472180,6.730332,1.330538e+02,4.534589e+01,0.046548,0.047361
50,0.3,2.0,20,1,0.050909,-28.175714,8.377679,10.285966,6.108806,1.085742e+02,3.726709e+01,0.046406,0.047606
50,0.3,2.0,20,1,0.067273,-27.367703,8.315405,9.062694,5.201032,8.854227e+01,2.700610e+01,0.045820,0.047636
50,0.3,2.0,20,1,0.059091,-28.116000,8.285538,9.929566,5.587895,1.016153e+02,3.114908e+01,0.046240,0.047822
50,0.3,2.0,20,1,0.075455,-27.070602,8.214217,8.869790,4.963408,8.672758e+01,2.455966e+01,0.045946,0.047758
50,0.3,2.0,20,1,0.083636,-26.555435,8.154348,8.125522,4.618264,7.737521e+01,2.125134e+01,0.045605,0.047486
50,0.3,2.0,20,1,0.091818,-26.304158,8.234752,7.766906,4.523676,7.347463e+01,2.041120e+01,0.045704,0.047780
50,0.3,2.0,20,1,0.100000,-25.897000,8.351000,7.325798,4.288252,6.998941e+01,1.839834e+01,0.045530,0.048020
50,0.3,4.0,5,1,0.010000,-53.670000,3.790000,29.796096,9.962827,8.859130e+02,9.935628e+01,0.046955,0.046675
50,0.3,4.0,5,1,0.018182,-51.942000,3.624500,21.212369,6.700992,4.483591e+02,4.547943e+01,0.047157,0.046890
50,0.3,4.0,5,1,0.026364,-51.150000,3.645172,17.583800,5.812393,3.094730e+02,3.436900e+01,0.047024,0.047067
50,0.3,4.0,5,1,0.034545,-50.805526,4.162632,15.358550,6.378002,2.374293e+02,4.062589e+01,0.046770,0.046654
50,0.3,4.0,5,1,0.042727,-50.852766,4.547447,13.825677,6.300262,1.927257e+02,3.953740e+01,0.046692,0.046638
50,0.3,4.0,5,1,0.059091,-50.437538,4.472769,11.684188,5.676882,1.397582e+02,3.209852e+01,0.046571,0.046570
50,0.3,4.0,5,1,0.050909,-50.537143,4.453036,13.066860,5.628391,1.734663e+02,3.155373e+01,0.046833,0.046779
50,0.3,4.0,5,1,0.067273,-50.598514,4.431216,11.259310,5.278561,1.294486e+02,2.775568e+01,0.046828,0.046956
50,0.3,4.0,5,1,0.075455,-50.126867,4.401325,10.376875,4.829870,1.123380e+02,2.324289e+01,0.046903,0.046787
50,0.3,4.0,5,1,0.091818,-49.832178,4.298713,9.271067,4.389517,9.211447e+01,1.922886e+01,0.046535,0.046746
50,0.3,4.0,5,1,0.083636,-49.894565,4.342609,9.807719,4.532778,1.019978e+02,2.048676e+01,0.047290,0.047267
50,0.3,4.0,5,1,0.100000,-49.849000,4.243000,9.012121,4.261436,8.731353e+01,1.815012e+01,0.046480,0.046842
50,0.3,4.0,10,1,0.010000,-56.240000,3.970000,36.161346,13.812212,1.310841e+03,1.900164e+02,0.052507,0.051927
50,0.3,4.0,10,1,0.026364,-53.422069,3.489655,20.852873,7.576775,4.331102e+02,5.745649e+01,0.052061,0.051971
50,0.3,4.0,10,1,0.018182,-54.334500,3.542000,25.232233,9.419296,6.351142e+02,8.859431e+01,0.052667,0.052371
50,0.3,4.0,10,1,0.034545,-53.075000,3.705263,18.489237,7.385914,3.405531e+02,5.443100e+01,0.052793,0.052254
50,0.3,4.0,10,1,0.042727,-53.034043,4.044255,17.159953,7.151086,2.933778e+02,5.093419e+01,0.052316,0.052048
50,0.3,4.0,10,1,0.050909,-52.945357,3.932500,16.184203,6.436730,2.610340e+02,4.127299e+01,0.052420,0.051966
50,0.3,4.0,10,1,0.067273,-52.846081,3.955541,13.374866,6.006701,1.784124e+02,3.593997e+01,0.052345,0.052072
50,0.3,4.0,10,1,0.059091,-52.752615,3.929538,14.432552,6.194496,2.078067e+02,3.822602e+01,0.052770,0.052595
50,0.3,4.0,10,1,0.075455,-52.293735,3.914940,12.544669,5.464499,1.578273e+02,2.975182e+01,0.052567,0.052490
50,0.3,4.0,10,1,0.091818,-51.872079,3.661584,10.851576,4.762026,1.194313e+02,2.271284e+01,0.051952,0.051829
50,0.3,4.0,10,1,0.083636,-51.896087,3.760326,11.459985,5.039541,1.328817e+02,2.536151e+01,0.052237,0.052136
50,0.3,4.0,10,1,0.100000,-51.900000,3.574000,10.507384,4.538106,1.120281e+02,2.070869e+01,0.052199,0.052412
50,0.3,4.0,15,1,0.018182,-54.158500,3.503500,25.211601,9.916768,6.337394e+02,9.820609e+01,0.052813,0.052543
50,0.3,4.0,15,1,0.010000,-55.940000,3.970000,36.044601,13.812212,1.300735e+03,1.900157e+02,0.053422,0.053064
50,0.3,4.0,15,1,0.026364,-53.285517,3.463103,20.944718,7.876449,4.369304e+02,6.209006e+01,0.052917,0.052833
50,0.3,4.0,15,1,0.042727,-52.975532,4.051277,17.209018,7.323158,2.951044e+02,5.341578e+01,0.052826,0.052598
50,0.3,4.0,15,1,0.034545,-53.002632,3.716842,18.540216,7.625366,3.424839e+02,5.799992e+01,0.053395,0.053571
50,0.3,4.0,15,1,0.050909,-52.919821,3.938393,16.280665,6.569049,2.641831e+02,4.298501e+01,0.053323,0.053181
50,0.3,4.0,15,1,0.059091,-52.761077,3.931231,14.491752,6.301747,2.095152e+02,3.955947e+01,0.052991,0.053163
50,0.3,4.0,15,1,0.067273,-52.844595,3.957027,13.422003,6.092409,1.796829e+02,3.697185e+01,0.053053,0.053235
50,0.3,4.0,15,1,0.075455,-52.296386,3.916265,12.578163,5.538997,1.586830e+02,3.056667e+01,0.053178,0.053022
50,0.3,4.0,15,1,0.083636,-51.900870,3.761522,11.476427,5.104903,1.332755e+02,2.601784e+01,0.052623,0.053034
50,0.3,4.0,15,1,0.091818,-51.856832,3.656139,10.845642,4.816773,1.193808e+02,2.323415e+01,0.052612,0.052667
50,0.3,4.0,15,1,0.100000,-51.909000,3.567000,10.505567,4.578823,1.119959e+02,2.107855e+01,0.052604,0.052673
50,0.3,4.0,20,1,0.010000,-55.940000,3.970000,36.044601,13.812212,1.300735e+03,1.900157e+02,0.053900,0.053709
50,0.3,4.0,20,1,0.026364,-53.285517,3.463103,20.944718,7.876449,4.369304e+02,6.209003e+01,0.053454,0.053282
50,0.3,4.0,20,1,0.018182,-54.158500,3.503500,25.211601,9.916768,6.337391e+02,9.820606e+01,0.053786,0.053447
50,0.3,4.0,20,1,0.034545,-53.002632,3.719737,18.540216,7.630704,3.424840e+02,5.807933e+01,0.053782,0.053697
50,0.3,4.0,20,1,0.042727,-52.973191,4.053617,17.211338,7.327207,2.951858e+02,5.347507e+01,0.053572,0.053394
50,0.3,4.0,20,1,0.050909,-52.917857,3.940357,16.283060,6.572067,2.642626e+02,4.302423e+01,0.053541,0.053482
50,0.3,4.0,20,1,0.059091,-52.761077,3.932923,14.491752,6.303938,2.095154e+02,3.958670e+01,0.053647,0.053420
50,0.3,4.0,20,1,0.067273,-52.844595,3.958514,13.422003,6.094034,1.796830e+02,3.699141e+01,0.053347,0.053394
50,0.3,4.0,20,1,0.075455,-52.296386,3.917590,12.578163,5.540325,1.586833e+02,3.058106e+01,0.053381,0.053446
50,0.3,4.0,20,1,0.091818,-51.856832,3.657228,10.845642,4.817766,1.193812e+02,2.324289e+01,0.053458,0.053618
50,0.3,4.0,20,1,0.083636,-51.900870,3.762717,11.476427,5.106092,1.332759e+02,2.602932e+01,0.053881,0.053792
50,0.3,4.0,20,1,0.100000,-51.909000,3.568000,10.505567,4.579658,1.119963e+02,2.108526e+01,0.053343,0.053470
50,0.3,8.0,5,1,0.026364,-50.577241,0.887586,18.273462,5.105906,3.337017e+02,2.596799e+01,0.045769,0.045345
50,0.3,8.0,5,1,0.010000,-51.910000,0.350000,30.093177,4.924378,9.076895e+02,2.439544e+01,0.046017,0.045677
50,0.3,8.0,5,1,0.018182,-50.000500,0.753500,20.760559,5.733808,4.295078e+02,3.275304e+01,0.045937,0.045796
50,0.3,8.0,5,1,0.034545,-51.291842,0.865526,16.272487,4.369964,2.668744e+02,1.902072e+01,0.045905,0.045412
50,0.3,8.0,5,1,0.042727,-51.484681,0.938511,14.629116,4.080745,2.170154e+02,1.659501e+01,0.045775,0.045510
50,0.3,8.0,5,1,0.050909,-50.845536,0.860357,12.897443,3.559528,1.674360e+02,1.261986e+01,0.045786,0.045439
50,0.3,8.0,5,1,0.067273,-50.388919,0.781892,10.960058,3.128176,1.203976e+02,9.750063e+00,0.045632,0.045468
50,0.3,8.0,5,1,0.059091,-50.787846,0.749692,11.919610,3.065660,1.431165e+02,9.369363e+00,0.045917,0.045598
50,0.3,8.0,5,1,0.075455,-50.904819,0.796506,10.617526,2.957820,1.141989e+02,8.715853e+00,0.045754,0.045431
50,0.3,8.0,5,1,0.083636,-50.906087,0.809457,10.064961,2.788377,1.028197e+02,7.745062e+00,0.046373,0.045735
50,0.3,8.0,5,1,0.091818,-50.820000,0.819010,9.532796,2.643544,9.220097e+01,6.960942e+00,0.045994,0.045962
50,0.3,8.0,5,1,0.100000,-50.691000,0.799000,9.036726,2.470173,8.270725e+01,6.079275e+00,0.046112,0.045710
50,0.3,8.0,10,1,0.010000,-50.630000,0.330000,29.329490,4.910453,8.587972e+02,2.423299e+01,0.047050,0.046658
50,0.3,8.0,10,1,0.026364,-49.977931,0.880000,18.616906,5.080994,3.457940e+02,2.572034e+01,0.046815,0.046577
50,0.3,8.0,10,1,0.018182,-49.274500,0.742500,20.755877,5.731276,4.290875e+02,3.271896e+01,0.047816,0.046999
50,0.3,8.0,10,1,0.034545,-50.779474,0.859737,16.570138,4.353272,2.759374e+02,1.887927e+01,0.047587,0.047262
50,0.3,8.0,10,1,0.042727,-50.890213,0.933830,15.052945,4.078116,2.285111e+02,1.658358e+01,0.047820,0.047219
50,0.3,8.0,10,1,0.059091,-50.034769,0.739538,12.119427,3.065088,1.469748e+02,9.360339e+00,0.047318,0.046804
50,0.3,8.0,10,1,0.050909,-50.336786,0.852500,13.230685,3.557889,1.756226e+02,1.261116e+01,0.047567,0.047242
50,0.3,8.0,10,1,0.075455,-50.406506,0.808434,10.756461,3.002012,1.166725e+02,8.976187e+00,0.047553,0.046929
50,0.3,8.0,10,1,0.067273,-49.838919,0.795270,11.144739,3.181166,1.241051e+02,1.007934e+01,0.047789,0.047307
50,0.3,8.0,10,1,0.091818,-50.436634,0.816832,9.613418,2.704339,9.355506e+01,7.284644e+00,0.047131,0.046602
50,0.3,8.0,10,1,0.083636,-50.391957,0.816630,10.163763,2.857360,1.042881e+02,8.132285e+00,0.047338,0.046827
50,0.3,8.0,10,1,0.100000,-50.339000,0.810000,9.122841,2.557158,8.417008e+01,6.513104e+00,0.047516,0.046944
50,0.3,8.0,15,1,0.010000,-50.630000,0.330000,29.329490,4.910453,8.587996e+02,2.423290e+01,0.048061,0.047669
50,0.3,8.0,15,1,0.026364,-49.977931,0.880000,18.616906,5.080994,3.457953e+02,2.572035e+01,0.047928,0.047618
50,0.3,8.0,15,1,0.018182,-49.274500,0.742500,20.755877,5.731276,4.290876e+02,3.271895e+01,0.048662,0.048147
50,0.3,8.0,15,1,0.034545,-50.779474,0.859737,16.570138,4.353272,2.759401e+02,1.887928e+01,0.048053,0.047925
50,0.3,8.0,15,1,0.042727,-50.890213,0.933830,15.052945,4.078116,2.285140e+02,1.658361e+01,0.047989,0.047731
50,0.3,8.0,15,1,0.050909,-50.336786,0.852500,13.230685,3.557889,1.756245e+02,1.261117e+01,0.047862,0.047532
50,0.3,8.0,15,1,0.075455,-50.402530,0.808434,10.754653,3.002012,1.166263e+02,8.976190e+00,0.047768,0.047627
50,0.3,8.0,15,1,0.059091,-50.031385,0.739538,12.121712,3.065088,1.470258e+02,9.360329e+00,0.048594,0.048287
50,0.3,8.0,15,1,0.067273,-49.835946,0.795270,11.143755,3.181166,1.240806e+02,1.007934e+01,0.048228,0.048017
50,0.3,8.0,15,1,0.083636,-50.390761,0.816630,10.162848,2.857360,1.042688e+02,8.132289e+00,0.047703,0.047375
50,0.3,8.0,15,1,0.091818,-50.436634,0.816832,9.613418,2.704339,9.355718e+01,7.284648e+00,0.048313,0.048216
50,0.3,8.0,15,1,0.100000,-50.339000,0.810000,9.122841,2.557158,8.417204e+01,6.513107e+00,0.047890,0.047764
50,0.3,8.0,20,1,0.010000,-50.630000,0.330000,29.329490,4.910453,8.587996e+02,2.423290e+01,0.048516,0.048258
50,0.3,8.0,20,1,0.018182,-49.274500,0.742500,20.755877,5.731276,4.290876e+02,3.271895e+01,0.048682,0.048296
50,0.3,8.0,20,1,0.026364,-49.977931,0.880000,18.616906,5.080994,3.457953e+02,2.572035e+01,0.049166,0.048812
50,0.3,8.0,20,1,0.042727,-50.890213,0.933830,15.052945,4.078116,2.285140e+02,1.658361e+01,0.048479,0.048146
50,0.3,8.0,20,1,0.034545,-50.779474,0.859737,16.570138,4.353272,2.759401e+02,1.887928e+01,0.048691,0.048679
50,0.3,8.0,20,1,0.050909,-50.336786,0.852500,13.230685,3.557889,1.756245e+02,1.261117e+01,0.048334,0.048389
50,0.3,8.0,20,1,0.059091,-50.031385,0.739538,12.121712,3.065088,1.470258e+02,9.360329e+00,0.048372,0.047951
50,0.3,8.0,20,1,0.083636,-50.390761,0.816630,10.162848,2.857360,1.042688e+02,8.132289e+00,0.048458,0.048380
50,0.3,8.0,20,1,0.067273,-49.835946,0.795270,11.143755,3.181166,1.240806e+02,1.007934e+01,0.049105,0.048423
50,0.3,8.0,20,1,0.075455,-50.402530,0.808434,10.754653,3.002012,1.166263e+02,8.976190e+00,0.048855,0.049242
50,0.3,8.0,20,1,0.091818,-50.436634,0.816832,9.613418,2.704339,9.355718e+01,7.284648e+00,0.049302,0.048694
50,0.3,8.0,20,1,0.100000,-50.339000,0.810000,9.122841,2.557158,8.417204e+01,6.513107e+00,0.048940,0.048973
50,0.3,16.0,5,1,0.018182,-49.071000,0.000000,14.289861,0.000000,2.033855e+02,3.869086e-02,0.043025,0.042826
50,0.3,16.0,5,1,0.010000,-48.500000,0.000000,19.210052,0.000000,3.678251e+02,3.869086e-02,0.044109,0.043656
50,0.3,16.0,5,1,0.026364,-49.116897,0.132759,12.448508,2.099098,1.543540e+02,4.392676e+00,0.043388,0.043342
50,0.3,16.0,5,1,0.050909,-48.796786,0.133571,8.621984,1.491022,7.409311e+01,2.218239e+00,0.042921,0.042914
50,0.3,16.0,5,1,0.034545,-48.854474,0.101316,10.743420,1.601943,1.149883e+02,2.565056e+00,0.043659,0.043632
50,0.3,16.0,5,1,0.042727,-48.706596,0.159149,9.189770,1.776537,8.421512e+01,3.144868e+00,0.043478,0.043489
50,0.3,16.0,5,1,0.059091,-48.603077,0.116769,7.534646,1.284699,5.672140e+01,1.650239e+00,0.044141,0.043614
50,0.3,16.0,5,1,0.075455,-48.813494,0.092771,6.890406,1.006187,4.733231e+01,1.019164e+00,0.043408,0.043625
50,0.3,16.0,5,1,0.083636,-48.731196,0.084891,6.554410,0.907842,4.287448e+01,8.333812e-01,0.043266,0.043294
50,0.3,16.0,5,1,0.067273,-48.660135,0.104054,7.144253,1.128561,5.096895e+01,1.277139e+00,0.043848,0.043720
50,0.3,16.0,5,1,0.091818,-48.824752,0.077327,6.398286,0.826945,4.081421e+01,6.953527e-01,0.043616,0.043409
50,0.3,16.0,5,1,0.100000,-48.710000,0.071000,5.934245,0.759286,3.517331e+01,5.900095e-01,0.043709,0.043550
50,0.3,16.0,10,1,0.010000,-48.500000,0.000000,19.210052,0.000000,3.678104e+02,3.830433e-02,0.043808,0.043510
50,0.3,16.0,10,1,0.018182,-49.021500,0.000000,14.269406,0.000000,2.028016e+02,3.830433e-02,0.044004,0.043535
50,0.3,16.0,10,1,0.026364,-49.037241,0.132759,12.354839,2.099098,1.520322e+02,4.392551e+00,0.044217,0.044010
50,0.3,16.0,10,1,0.050909,-48.731964,0.133571,8.561392,1.491022,7.308173e+01,2.218116e+00,0.043802,0.043521
50,0.3,16.0,10,1,0.034545,-48.756053,0.101316,10.615396,1.601943,1.123005e+02,2.564869e+00,0.044120,0.044244
50,0.3,16.0,10,1,0.042727,-48.629362,0.159149,9.081315,1.776537,8.228554e+01,3.144795e+00,0.043881,0.043582
50,0.3,16.0,10,1,0.059091,-48.572615,0.116769,7.488345,1.284699,5.604260e+01,1.650083e+00,0.043840,0.043656
50,0.3,16.0,10,1,0.083636,-48.704891,0.083696,6.536739,0.907756,4.265133e+01,8.332726e-01,0.043718,0.043405
50,0.3,16.0,10,1,0.075455,-48.783012,0.092771,6.869195,1.006187,4.704876e+01,1.018960e+00,0.044279,0.044096
50,0.3,16.0,10,1,0.067273,-48.624459,0.104054,7.109888,1.128561,5.049720e+01,1.276957e+00,0.044326,0.044486
50,0.3,16.0,10,1,0.091818,-48.801881,0.076238,6.384699,0.826867,4.064478e+01,6.952483e-01,0.044665,0.044656
50,0.3,16.0,10,1,0.100000,-48.686000,0.070000,5.925187,0.759214,3.507259e+01,5.899042e-01,0.044586,0.044134
50,0.3,16.0,15,1,0.010000,-48.500000,0.000000,19.210052,0.000000,3.678104e+02,3.830431e-02,0.044503,0.044206
50,0.3,16.0,15,1,0.018182,-49.021500,0.000000,14.269406,0.000000,2.028016e+02,3.830431e-02,0.044758,0.044609
50,0.3,16.0,15,1,0.026364,-49.037241,0.132759,12.354839,2.099098,1.520322e+02,4.392551e+00,0.044826,0.044427
50,0.3,16.0,15,1,0.034545,-48.756053,0.101316,10.615396,1.601943,1.123005e+02,2.564869e+00,0.044557,0.044328
50,0.3,16.0,15,1,0.050909,-48.731964,0.133571,8.561392,1.491022,7.308172e+01,2.218116e+00,0.044794,0.044598
50,0.3,16.0,15,1,0.042727,-48.629362,0.159149,9.081315,1.776537,8.228554e+01,3.144795e+00,0.044768,0.044655
50,0.3,16.0,15,1,0.067273,-48.624459,0.104054,7.109888,1.128561,5.049719e+01,1.276957e+00,0.044484,0.044166
50,0.3,16.0,15,1,0.059091,-48.572615,0.116769,7.488345,1.284699,5.604260e+01,1.650083e+00,0.044870,0.044906
50,0.3,16.0,15,1,0.083636,-48.704891,0.083696,6.536739,0.907756,4.265133e+01,8.332725e-01,0.044712,0.044778
50,0.3,16.0,15,1,0.075455,-48.783012,0.092771,6.869195,1.006187,4.704876e+01,1.018960e+00,0.045334,0.044945
50,0.3,16.0,15,1,0.091818,-48.801881,0.076238,6.384699,0.826867,4.064478e+01,6.952482e-01,0.044941,0.044802
50,0.3,16.0,15,1,0.100000,-48.686000,0.070000,5.925187,0.759214,3.507259e+01,5.899042e-01,0.045133,0.044665
50,0.3,16.0,20,1,0.010000,-48.500000,0.000000,19.210052,0.000000,3.678104e+02,3.830431e-02,0.045396,0.045206
50,0.3,16.0,20,1,0.018182,-49.021500,0.000000,14.269406,0.000000,2.028016e+02,3.830431e-02,0.045444,0.045331
50,0.3,16.0,20,1,0.034545,-48.756053,0.101316,10.615396,1.601943,1.123005e+02,2.564869e+00,0.045295,0.045238
50,0.3,16.0,20,1,0.026364,-49.037241,0.132759,12.354839,2.099098,1.520322e+02,4.392551e+00,0.045603,0.045485
50,0.3,16.0,20,1,0.050909,-48.731964,0.133571,8.561392,1.491022,7.308172e+01,2.218116e+00,0.045527,0.045644
50,0.3,16.0,20,1,0.042727,-48.629362,0.159149,9.081315,1.776537,8.228554e+01,3.144795e+00,0.046179,0.045579
50,0.3,16.0,20,1,0.059091,-48.572615,0.116769,7.488345,1.284699,5.604260e+01,1.650083e+00,0.045430,0.045120
50,0.3,16.0,20,1,0.067273,-48.624459,0.104054,7.109888,1.128561,5.049719e+01,1.276957e+00,0.046232,0.045875
50,0.3,16.0,20,1,0.083636,-48.704891,0.083696,6.536739,0.907756,4.265133e+01,8.332725e-01,0.045555,0.045547
50,0.3,16.0,20,1,0.075455,-48.783012,0.092771,6.869195,1.006187,4.704876e+01,1.018960e+00,0.046096,0.045973
50,0.3,16.0,20,1,0.091818,-48.801881,0.076238,6.384699,0.826867,4.064478e+01,6.952482e-01,0.045529,0.045605
50,0.3,16.0,20,1,0.100000,-48.686000,0.070000,5.925187,0.759214,3.507259e+01,5.899042e-01,0.045901,0.045368
50,0.5,1.0,5,1,0.010000,-2.890000,1.310000,4.455593,2.486691,1.977313e+01,6.165796e+00,0.029495,0.029520
50,0.5,1.0,5,1,0.018182,-2.838000,1.347500,3.495246,1.950197,1.216924e+01,3.790130e+00,0.029310,0.029258
50,0.5,1.0,5,1,0.026364,-2.677931,1.225172,2.725045,1.515150,7.434934e+00,2.314676e+00,0.029336,0.029275
50,0.5,1.0,5,1,0.034545,-2.605263,1.276579,2.340291,1.350448,5.527722e+00,1.829979e+00,0.029151,0.029288
50,0.5,1.0,5,1,0.050909,-2.606607,1.402500,1.862883,1.224743,3.528396e+00,1.494085e+00,0.029106,0.029388
50,0.5,1.0,5,1,0.042727,-2.579149,1.331702,2.049260,1.262862,4.270095e+00,1.592204e+00,0.029541,0.029872
50,0.5,1.0,5,1,0.059091,-2.597692,1.423231,1.714275,1.272307,3.003789e+00,1.613201e+00,0.029138,0.029584
50,0.5,1.0,5,1,0.067273,-2.583514,1.397297,1.574796,1.214990,2.554928e+00,1.470314e+00,0.029125,0.029454
50,0.5,1.0,5,1,0.083636,-2.576630,1.396522,1.390578,1.074095,2.014895e+00,1.149078e+00,0.028899,0.029472
50,0.5,1.0,5,1,0.075455,-2.638675,1.383614,1.514206,1.110705,2.339417e+00,1.228819e+00,0.029443,0.029938
50,0.5,1.0,5,1,0.091818,-2.520198,1.409307,1.294646,1.044206,1.795169e+00,1.086268e+00,0.028984,0.029897
50,0.5,1.0,5,1,0.100000,-2.484000,1.402000,1.236268,1.028654,1.674993e+00,1.053976e+00,0.029425,0.030167
50,0.5,1.0,10,1,0.010000,-3.000000,1.300000,4.683775,2.486914,2.185220e+01,6.175942e+00,0.030442,0.030316
50,0.5,1.0,10,1,0.018182,-2.931500,1.347500,3.608195,1.961843,1.296746e+01,3.839635e+00,0.030395,0.030355
50,0.5,1.0,10,1,0.026364,-2.753793,1.225172,2.787568,1.522284,7.779187e+00,2.348515e+00,0.030213,0.030383
50,0.5,1.0,10,1,0.034545,-2.697895,1.288158,2.496618,1.373477,6.273314e+00,1.897966e+00,0.030274,0.030374
50,0.5,1.0,10,1,0.042727,-2.661064,1.336383,2.176015,1.281709,4.801403e+00,1.644284e+00,0.030231,0.030428
50,0.5,1.0,10,1,0.050909,-2.689107,1.410357,1.992278,1.249438,4.022999e+00,1.555103e+00,0.030124,0.030459
50,0.5,1.0,10,1,0.059091,-2.677231,1.430000,1.825757,1.291102,3.396175e+00,1.660291e+00,0.029907,0.030256
50,0.5,1.0,10,1,0.067273,-2.653378,1.406216,1.682523,1.235077,2.909407e+00,1.519716e+00,0.030173,0.030608
50,0.5,1.0,10,1,0.075455,-2.704940,1.391566,1.609556,1.131107,2.641903e+00,1.275489e+00,0.030032,0.030589
50,0.5,1.0,10,1,0.083636,-2.636413,1.404891,1.475221,1.093857,2.267878e+00,1.192194e+00,0.030136,0.030679
50,0.5,1.0,10,1,0.091818,-2.574653,1.420198,1.366953,1.066225,2.004328e+00,1.132324e+00,0.029978,0.030624
50,0.5,1.0,10,1,0.100000,-2.537000,1.416000,1.300441,1.046818,1.857542e+00,1.091549e+00,0.029964,0.030695
50,0.5,1.0,15,1,0.010000,-3.000000,1.300000,4.683775,2.486914,2.185218e+01,6.175960e+00,0.031331,0.031167
50,0.5,1.0,15,1,0.018182,-2.931500,1.347500,3.608195,1.961843,1.296747e+01,3.839646e+00,0.031784,0.031673
50,0.5,1.0,15,1,0.034545,-2.697895,1.288158,2.496618,1.373477,6.273410e+00,1.897986e+00,0.031105,0.031125
50,0.5,1.0,15,1,0.026364,-2.753793,1.225172,2.787568,1.522284,7.779262e+00,2.348543e+00,0.031388,0.031169
50,0.5,1.0,15,1,0.042727,-2.661064,1.336383,2.176015,1.281709,4.801512e+00,1.644297e+00,0.030878,0.031155
50,0.5,1.0,15,1,0.050909,-2.689107,1.410357,1.992278,1.249438,4.023098e+00,1.555105e+00,0.030854,0.031486
50,0.5,1.0,15,1,0.059091,-2.677231,1.430000,1.825757,1.291102,3.396278e+00,1.660291e+00,0.030792,0.031249
50,0.5,1.0,15,1,0.067273,-2.653378,1.406216,1.682523,1.235077,2.909520e+00,1.519719e+00,0.031234,0.031747
50,0.5,1.0,15,1,0.075455,-2.704940,1.391566,1.609556,1.131107,2.641996e+00,1.275494e+00,0.030696,0.031367
50,0.5,1.0,15,1,0.083636,-2.636413,1.404891,1.475221,1.093857,2.267997e+00,1.192197e+00,0.030943,0.031779
50,0.5,1.0,15,1,0.091818,-2.574653,1.420198,1.366953,1.066225,2.004470e+00,1.132325e+00,0.030810,0.031575
50,0.5,1.0,15,1,0.100000,-2.537000,1.416000,1.300441,1.046818,1.857698e+00,1.091551e+00,0.030995,0.031723
50,0.5,1.0,20,1,0.010000,-3.000000,1.300000,4.683775,2.486914,2.185218e+01,6.175960e+00,0.032635,0.032601
50,0.5,1.0,20,1,0.018182,-2.931500,1.347500,3.608195,1.961843,1.296747e+01,3.839646e+00,0.032107,0.032247
50,0.5,1.0,20,1,0.026364,-2.753793,1.225172,2.787568,1.522284,7.779262e+00,2.348543e+00,0.032011,0.031968
50,0.5,1.0,20,1,0.034545,-2.697895,1.288158,2.496618,1.373477,6.273410e+00,1.897986e+00,0.032410,0.032376
50,0.5,1.0,20,1,0.042727,-2.661064,1.336383,2.176015,1.281709,4.801512e+00,1.644297e+00,0.031836,0.032045
50,0.5,1.0,20,1,0.050909,-2.689107,1.410357,1.992278,1.249438,4.023098e+00,1.555105e+00,0.031570,0.032013
50,0.5,1.0,20,1,0.059091,-2.677231,1.430000,1.825757,1.291102,3.396278e+00,1.660291e+00,0.031527,0.032142
50,0.5,1.0,20,1,0.067273,-2.653378,1.406216,1.682523,1.235077,2.909520e+00,1.519719e+00,0.032089,0.032453
50,0.5,1.0,20,1,0.075455,-2.704940,1.391566,1.609556,1.131107,2.641996e+00,1.275494e+00,0.031714,0.032421
50,0.5,1.0,20,1,0.083636,-2.636413,1.404891,1.475221,1.093857,2.267997e+00,1.192197e+00,0.031930,0.032870
50,0.5,1.0,20,1,0.091818,-2.574653,1.420198,1.366953,1.066225,2.004470e+00,1.132325e+00,0.031740,0.032557
50,0.5,1.0,20,1,0.100000,-2.537000,1.416000,1.300441,1.046818,1.857698e+00,1.091551e+00,0.031942,0.032849
50,0.5,2.0,5,1,0.010000,-13.390000,3.190000,13.856439,5.391211,1.912670e+02,2.899580e+01,0.035101,0.035114
50,0.5,2.0,5,1,0.018182,-12.749000,2.799500,8.856962,3.718085,7.881352e+01,1.379912e+01,0.035089,0.035106
50,0.5,2.0,5,1,0.026364,-12.752414,3.140690,7.148428,3.680840,5.157151e+01,1.352236e+01,0.034884,0.035375
50,0.5,2.0,5,1,0.034545,-12.577632,3.227632,6.237670,3.368910,3.974672e+01,1.136877e+01,0.034690,0.035060
50,0.5,2.0,5,1,0.042727,-12.188936,3.281277,5.440344,3.005870,3.139885e+01,9.093874e+00,0.034584,0.035068
50,0.5,2.0,5,1,0.050909,-12.021429,3.191964,5.103212,2.656832,2.835076e+01,7.078272e+00,0.034542,0.035104
50,0.5,2.0,5,1,0.059091,-11.856308,3.139231,4.619806,2.498918,2.420956e+01,6.247100e+00,0.034432,0.035343
50,0.5,2.0,5,1,0.075455,-11.622892,3.183373,4.216581,2.180604,2.151737e+01,4.780083e+00,0.034239,0.035201
50,0.5,2.0,5,1,0.067273,-11.758108,3.133514,4.265032,2.286145,2.141716e+01,5.231177e+00,0.034629,0.035497
50,0.5,2.0,5,1,0.083636,-11.540435,3.211522,4.090408,2.042283,2.080210e+01,4.210915e+00,0.034397,0.035533
50,0.5,2.0,5,1,0.091818,-11.399703,3.184554,3.948185,1.950861,2.025573e+01,3.835202e+00,0.034304,0.035590
50,0.5,2.0,5,1,0.100000,-11.242000,3.162000,3.741448,1.877059,1.938318e+01,3.544809e+00,0.034288,0.035576
50,0.5,2.0,10,1,0.010000,-14.800000,3.170000,16.236208,6.064090,2.626657e+02,3.662847e+01,0.037452,0.037552
50,0.5,2.0,10,1,0.026364,-14.375862,3.345517,8.660205,4.301822,7.526050e+01,1.844773e+01,0.036904,0.037242
50,0.5,2.0,10,1,0.042727,-13.483191,3.512979,6.311873,3.443216,4.237620e+01,1.189489e+01,0.036761,0.037519
50,0.5,2.0,10,1,0.034545,-14.036579,3.450526,7.410278,3.885144,5.587743e+01,1.508769e+01,0.037169,0.037615
50,0.5,2.0,10,1,0.018182,-14.228500,2.876500,10.857128,4.126734,1.182096e+02,1.707893e+01,0.038009,0.037876
50,0.5,2.0,10,1,0.059091,-13.068000,3.330462,5.295838,2.802005,3.216533e+01,7.832309e+00,0.037045,0.038016
50,0.5,2.0,10,1,0.050909,-13.284464,3.400179,5.875767,2.996225,3.777443e+01,8.974380e+00,0.037273,0.038333
50,0.5,2.0,10,1,0.067273,-12.944324,3.304459,4.899929,2.534951,2.866900e+01,6.407624e+00,0.037086,0.038285
50,0.5,2.0,10,1,0.075455,-12.758675,3.375542,4.815685,2.393660,2.869797e+01,5.731281e+00,0.037079,0.038332
50,0.5,2.0,10,1,0.083636,-12.646413,3.417174,4.682803,2.221677,2.798476e+01,4.955485e+00,0.036522,0.038089
50,0.5,2.0,10,1,0.091818,-12.472475,3.438317,4.511044,2.157783,2.730447e+01,4.685624e+00,0.037598,0.038303
50,0.5,2.0,10,1,0.100000,-12.275000,3.432000,4.264901,2.090180,2.623963e+01,4.396860e+00,0.036430,0.038427
50,0.5,2.0,15,1,0.010000,-14.800000,3.170000,16.236208,6.064090,2.626737e+02,3.662862e+01,0.038413,0.038165
50,0.5,2.0,15,1,0.018182,-14.223000,2.876500,10.854922,4.126734,1.181937e+02,1.707992e+01,0.038094,0.038192
50,0.5,2.0,15,1,0.034545,-14.039474,3.450526,7.416833,3.885144,5.599424e+01,1.508703e+01,0.037719,0.038255
50,0.5,2.0,15,1,0.026364,-14.375862,3.345517,8.668958,4.301822,7.542977e+01,1.844737e+01,0.038021,0.038427
50,0.5,2.0,15,1,0.042727,-13.483191,3.512979,6.317316,3.443216,4.248439e+01,1.189405e+01,0.038098,0.038562
50,0.5,2.0,15,1,0.059091,-13.068000,3.330462,5.300451,2.802005,3.226374e+01,7.831990e+00,0.037978,0.038794
50,0.5,2.0,15,1,0.050909,-13.284464,3.400179,5.881039,2.996225,3.788067e+01,8.973861e+00,0.038275,0.038851
50,0.5,2.0,15,1,0.067273,-12.945811,3.305946,4.902947,2.535084,2.874464e+01,6.408302e+00,0.037468,0.038655
50,0.5,2.0,15,1,0.075455,-12.760000,3.376867,4.817972,2.393902,2.877079e+01,5.732397e+00,0.037401,0.038771
50,0.5,2.0,15,1,0.083636,-12.647609,3.425543,4.684886,2.228511,2.805812e+01,4.988577e+00,0.037058,0.038692
50,0.5,2.0,15,1,0.091818,-12.473564,3.445941,4.512871,2.162471,2.737916e+01,4.708548e+00,0.036913,0.038604
50,0.5,2.0,15,1,0.100000,-12.276000,3.439000,4.266337,2.094775,2.631493e+01,4.418417e+00,0.036725,0.038840
50,0.5,2.0,20,1,0.010000,-14.800000,3.170000,16.236208,6.064090,2.626737e+02,3.662862e+01,0.039003,0.038903
50,0.5,2.0,20,1,0.034545,-14.039474,3.450526,7.416833,3.885144,5.599427e+01,1.508703e+01,0.038390,0.038931
50,0.5,2.0,20,1,0.026364,-14.375862,3.345517,8.668958,4.301822,7.542979e+01,1.844736e+01,0.038805,0.038978
50,0.5,2.0,20,1,0.018182,-14.223000,2.876500,10.854922,4.126734,1.181937e+02,1.707992e+01,0.039147,0.039423
50,0.5,2.0,20,1,0.042727,-13.483191,3.512979,6.317316,3.443216,4.248444e+01,1.189405e+01,0.038304,0.039283
50,0.5,2.0,20,1,0.059091,-13.068000,3.330462,5.300451,2.802005,3.226381e+01,7.831989e+00,0.037968,0.039098
50,0.5,2.0,20,1,0.050909,-13.284464,3.400179,5.881039,2.996225,3.788073e+01,8.973860e+00,0.038288,0.039082
50,0.5,2.0,20,1,0.067273,-12.945811,3.305946,4.902947,2.535084,2.874472e+01,6.408302e+00,0.038201,0.039223
50,0.5,2.0,20,1,0.075455,-12.760000,3.376867,4.817972,2.393902,2.877087e+01,5.732396e+00,0.038054,0.039563
50,0.5,2.0,20,1,0.083636,-12.647609,3.425543,4.684886,2.228511,2.805820e+01,4.988576e+00,0.038207,0.039808
50,0.5,2.0,20,1,0.091818,-12.473564,3.445941,4.512871,2.162471,2.737925e+01,4.708547e+00,0.037770,0.039560
50,0.5,2.0,20,1,0.100000,-12.276000,3.439000,4.266337,2.094775,2.631503e+01,4.418416e+00,0.038051,0.039937
50,0.5,4.0,5,1,0.010000,-42.330000,3.700000,23.907790,8.732987,5.699093e+02,7.605849e+01,0.043827,0.043982
50,0.5,4.0,5,1,0.018182,-44.137500,3.377000,16.934325,5.683326,2.866738e+02,3.217108e+01,0.043592,0.043544
50,0.5,4.0,5,1,0.026364,-42.672414,3.447931,13.638416,4.571878,1.854565e+02,2.082227e+01,0.043494,0.043484
50,0.5,4.0,5,1,0.034545,-42.248684,3.404211,12.578707,3.969110,1.583381e+02,1.569114e+01,0.043647,0.043914
50,0.5,4.0,5,1,0.042727,-42.401489,3.489574,11.639587,3.838174,1.354444e+02,1.468335e+01,0.043302,0.043775
50,0.5,4.0,5,1,0.050909,-41.654643,3.470893,10.257567,3.504582,1.069238e+02,1.224014e+01,0.043213,0.043740
50,0.5,4.0,5,1,0.059091,-41.507231,3.465846,9.531601,3.167015,9.306667e+01,9.996212e+00,0.043218,0.043680
50,0.5,4.0,5,1,0.067273,-40.835270,3.405541,9.289903,2.862171,9.114537e+01,8.159631e+00,0.042776,0.043459
50,0.5,4.0,5,1,0.083636,-39.616739,3.319130,8.400253,2.582716,8.250619e+01,6.648235e+00,0.042771,0.043616
50,0.5,4.0,5,1,0.075455,-40.298434,3.378193,8.886334,2.779325,8.657313e+01,7.693811e+00,0.043898,0.044511
50,0.5,4.0,5,1,0.091818,-39.155644,3.357723,8.261439,2.511484,8.363944e+01,6.283131e+00,0.043272,0.044545
50,0.5,4.0,5,1,0.100000,-38.937000,3.269000,7.846723,2.376654,7.876419e+01,5.639617e+00,0.042591,0.044019
50,0.5,4.0,10,1,0.010000,-45.200000,4.070000,26.925078,11.325776,7.229504e+02,1.282285e+02,0.048466,0.048319
50,0.5,4.0,10,1,0.026364,-45.881379,3.542759,16.297606,6.133347,2.646183e+02,3.749218e+01,0.048165,0.048498
50,0.5,4.0,10,1,0.042727,-45.474468,3.608936,12.713192,4.957995,1.614265e+02,2.453328e+01,0.047693,0.048311
50,0.5,4.0,10,1,0.034545,-45.430000,3.569211,14.432607,5.285409,2.079762e+02,2.785753e+01,0.047825,0.048396
50,0.5,4.0,10,1,0.018182,-47.008500,3.712500,19.796074,8.319881,3.910650e+02,6.905042e+01,0.048751,0.048538
50,0.5,4.0,10,1,0.050909,-44.720893,3.614286,11.373377,4.487556,1.308604e+02,2.010991e+01,0.047604,0.048394
50,0.5,4.0,10,1,0.059091,-44.328308,3.538615,10.607072,3.985611,1.153552e+02,1.584498e+01,0.048437,0.049277
50,0.5,4.0,10,1,0.067273,-43.540676,3.432297,10.172815,3.623197,1.098475e+02,1.307723e+01,0.047309,0.048353
50,0.5,4.0,10,1,0.075455,-42.983494,3.427229,9.734657,3.478166,1.043708e+02,1.205098e+01,0.047044,0.048265
50,0.5,4.0,10,1,0.083636,-42.333261,3.366957,9.228114,3.254013,9.933617e+01,1.054659e+01,0.046946,0.048645
50,0.5,4.0,10,1,0.091818,-41.842475,3.380594,9.122895,3.059358,1.013940e+02,9.322260e+00,0.046809,0.048808
50,0.5,4.0,10,1,0.100000,-41.604000,3.276000,8.643409,2.902762,9.501768e+01,8.404329e+00,0.046825,0.048685
50,0.5,4.0,15,1,0.010000,-45.340000,4.090000,27.156663,11.376052,7.352205e+02,1.293938e+02,0.049383,0.049007
50,0.5,4.0,15,1,0.050909,-44.742500,3.612321,11.439986,4.500025,1.323828e+02,2.022085e+01,0.048197,0.049070
50,0.5,4.0,15,1,0.034545,-45.461842,3.566316,14.568044,5.304646,2.118781e+02,2.805956e+01,0.048750,0.049150
50,0.5,4.0,15,1,0.042727,-45.504894,3.606596,12.801867,4.972578,1.636724e+02,2.467669e+01,0.048627,0.049209
50,0.5,4.0,15,1,0.026364,-45.907931,3.538966,16.425561,6.159923,2.687877e+02,3.781655e+01,0.048836,0.049276
50,0.5,4.0,15,1,0.018182,-47.102000,3.723500,19.892772,8.356843,3.950112e+02,6.967200e+01,0.049242,0.049521
50,0.5,4.0,15,1,0.059091,-44.331692,3.536923,10.637487,3.996393,1.160768e+02,1.593033e+01,0.048230,0.049239
50,0.5,4.0,15,1,0.067273,-43.543649,3.430811,10.192460,3.632482,1.103597e+02,1.314424e+01,0.048111,0.049333
50,0.5,4.0,15,1,0.075455,-42.991446,3.427229,9.769582,3.484877,1.051556e+02,1.209757e+01,0.048027,0.049394
50,0.5,4.0,15,1,0.083636,-42.350000,3.366957,9.251643,3.259853,9.983022e+01,1.058446e+01,0.047775,0.049267
50,0.5,4.0,15,1,0.091818,-41.863168,3.381683,9.150103,3.064228,1.019240e+02,9.351950e+00,0.047438,0.049217
50,0.5,4.0,15,1,0.100000,-41.629000,3.277000,8.674045,2.907203,9.554368e+01,8.429707e+00,0.047628,0.049867
50,0.5,4.0,20,1,0.026364,-45.907931,3.538966,16.425561,6.159923,2.687877e+02,3.781655e+01,0.049260,0.049546
50,0.5,4.0,20,1,0.010000,-45.340000,4.090000,27.156663,11.376052,7.352206e+02,1.293938e+02,0.049513,0.049549
50,0.5,4.0,20,1,0.018182,-47.102000,3.723500,19.892772,8.356843,3.950111e+02,6.967200e+01,0.049573,0.049597
50,0.5,4.0,20,1,0.034545,-45.461842,3.566316,14.568044,5.304646,2.118782e+02,2.805956e+01,0.049066,0.049879
50,0.5,4.0,20,1,0.042727,-45.504894,3.606596,12.801867,4.972578,1.636724e+02,2.467669e+01,0.049232,0.049944
50,0.5,4.0,20,1,0.059091,-44.331692,3.536923,10.637487,3.996393,1.160769e+02,1.593033e+01,0.048550,0.049565
50,0.5,4.0,20,1,0.067273,-43.543649,3.430811,10.192460,3.632482,1.103599e+02,1.314424e+01,0.048287,0.049851
50,0.5,4.0,20,1,0.050909,-44.742500,3.612321,11.439986,4.500025,1.323829e+02,2.022085e+01,0.049720,0.050617
50,0.5,4.0,20,1,0.083636,-42.350000,3.366957,9.251643,3.259853,9.983054e+01,1.058446e+01,0.048410,0.049757
50,0.5,4.0,20,1,0.075455,-42.991446,3.427229,9.769582,3.484877,1.051558e+02,1.209757e+01,0.048680,0.050219
50,0.5,4.0,20,1,0.100000,-41.629000,3.277000,8.674045,2.907203,9.554406e+01,8.429707e+00,0.048016,0.050142
50,0.5,4.0,20,1,0.091818,-41.863168,3.381683,9.150103,3.064228,1.019243e+02,9.351950e+00,0.049003,0.050851
50,0.5,8.0,5,1,0.010000,-51.060000,0.370000,27.268124,1.924295,7.407167e+02,4.006582e+00,0.045701,0.045165
50,0.5,8.0,5,1,0.018182,-50.275500,0.720500,18.810206,3.477147,3.525766e+02,1.208792e+01,0.045673,0.045518
50,0.5,8.0,5,1,0.026364,-49.830000,0.534828,14.170839,2.430284,2.007413e+02,6.042269e+00,0.045776,0.045443
50,0.5,8.0,5,1,0.042727,-50.501702,0.500851,12.109525,1.839394,1.460878e+02,3.557751e+00,0.045530,0.045540
50,0.5,8.0,5,1,0.034545,-50.272895,0.480526,12.989631,1.868419,1.682258e+02,3.682973e+00,0.045929,0.045801
50,0.5,8.0,5,1,0.050909,-50.623571,0.707143,11.449768,2.208802,1.305766e+02,4.910912e+00,0.045426,0.045395
50,0.5,8.0,5,1,0.067273,-51.410135,0.753649,10.094599,2.015852,1.020185e+02,4.080054e+00,0.044919,0.045070
50,0.5,8.0,5,1,0.059091,-50.975692,0.661692,10.692022,1.966115,1.139463e+02,3.924483e+00,0.045402,0.045434
50,0.5,8.0,5,1,0.075455,-51.453494,0.706386,9.771928,1.821369,9.569846e+01,3.356079e+00,0.045592,0.045486
50,0.5,8.0,5,1,0.083636,-51.643804,0.674348,9.296557,1.663697,8.699866e+01,2.824413e+00,0.045901,0.045736
50,0.5,8.0,5,1,0.091818,-51.468020,0.670891,8.674769,1.564606,7.556299e+01,2.507607e+00,0.045082,0.045341
50,0.5,8.0,5,1,0.100000,-51.230000,0.718000,7.991844,1.529980,6.391061e+01,2.378280e+00,0.045376,0.045525
50,0.5,8.0,10,1,0.010000,-51.090000,0.550000,28.806356,5.111459,8.267980e+02,2.612747e+01,0.047757,0.047438
50,0.5,8.0,10,1,0.018182,-50.209500,0.731500,20.027589,4.283250,3.996041e+02,1.829315e+01,0.047560,0.047230
50,0.5,8.0,10,1,0.026364,-50.266207,0.519655,15.336473,2.979334,2.343374e+02,8.966483e+00,0.047575,0.047085
50,0.5,8.0,10,1,0.050909,-50.831786,0.601071,12.035927,2.347364,1.443738e+02,5.562561e+00,0.047440,0.046977
50,0.5,8.0,10,1,0.034545,-50.545000,0.431316,13.977711,2.276602,1.945951e+02,5.358146e+00,0.047976,0.047172
50,0.5,8.0,10,1,0.042727,-50.684255,0.430638,12.788685,2.104272,1.629194e+02,4.606813e+00,0.047635,0.047198
50,0.5,8.0,10,1,0.059091,-51.158462,0.572000,11.133885,2.097644,1.238596e+02,4.473708e+00,0.047422,0.047339
50,0.5,8.0,10,1,0.067273,-51.671757,0.698649,10.354069,2.192910,1.080763e+02,4.820366e+00,0.047568,0.047395
50,0.5,8.0,10,1,0.075455,-51.615181,0.656024,9.972535,1.982277,1.002263e+02,3.961217e+00,0.047560,0.047445
50,0.5,8.0,10,1,0.083636,-51.819565,0.606196,9.378709,1.792958,8.926545e+01,3.273556e+00,0.047452,0.047209
50,0.5,8.0,10,1,0.091818,-51.662970,0.610990,8.914100,1.690635,8.042179e+01,2.915984e+00,0.047142,0.047172
50,0.5,8.0,10,1,0.100000,-51.371000,0.660000,8.258749,1.667339,6.863756e+01,2.814693e+00,0.047367,0.047516
50,0.5,8.0,15,1,0.010000,-51.090000,0.550000,28.806356,5.111459,8.267979e+02,2.612736e+01,0.048038,0.047885
50,0.5,8.0,15,1,0.018182,-50.215000,0.731500,20.021516,4.283250,3.993584e+02,1.829310e+01,0.047895,0.047950
50,0.5,8.0,15,1,0.042727,-50.684255,0.430638,12.788685,2.104272,1.629193e+02,4.606664e+00,0.047806,0.047649
50,0.5,8.0,15,1,0.026364,-50.270000,0.519655,15.331643,2.979334,2.341879e+02,8.966364e+00,0.048216,0.047927
50,0.5,8.0,15,1,0.050909,-50.831786,0.601071,12.035927,2.347364,1.443737e+02,5.562470e+00,0.048076,0.048032
50,0.5,8.0,15,1,0.059091,-51.161846,0.572000,11.130795,2.097644,1.237953e+02,4.473607e+00,0.048253,0.047811
50,0.5,8.0,15,1,0.034545,-50.545000,0.431316,13.977711,2.276602,1.945950e+02,5.357998e+00,0.048675,0.048370
50,0.5,8.0,15,1,0.067273,-51.674730,0.698649,10.350743,2.192910,1.080143e+02,4.820307e+00,0.048202,0.048429
50,0.5,8.0,15,1,0.075455,-51.617831,0.656024,9.970166,1.982277,1.001848e+02,3.961143e+00,0.048179,0.048032
50,0.5,8.0,15,1,0.083636,-51.821957,0.606196,9.375926,1.792958,8.921939e+01,3.273466e+00,0.048346,0.048000
50,0.5,8.0,15,1,0.091818,-51.665149,0.610990,8.912847,1.690635,8.040428e+01,2.915896e+00,0.047806,0.047938
50,0.5,8.0,15,1,0.100000,-51.373000,0.660000,8.257078,1.667339,6.861328e+01,2.814621e+00,0.047696,0.047842
50,0.5,8.0,20,1,0.018182,-50.215000,0.731500,20.021516,4.283250,3.993584e+02,1.829310e+01,0.048778,0.048567
50,0.5,8.0,20,1,0.042727,-50.684255,0.430638,12.788685,2.104272,1.629193e+02,4.606664e+00,0.048548,0.048455
50,0.5,8.0,20,1,0.034545,-50.545000,0.431316,13.977711,2.276602,1.945950e+02,5.357998e+00,0.048954,0.048782
50,0.5,8.0,20,1,0.050909,-50.831786,0.601071,12.035927,2.347364,1.443737e+02,5.562470e+00,0.048883,0.048907
50,0.5,8.0,20,1,0.010000,-51.090000,0.550000,28.806356,5.111459,8.267978e+02,2.612736e+01,0.049623,0.049259
50,0.5,8.0,20,1,0.026364,-50.270000,0.519655,15.331643,2.979334,2.341879e+02,8.966364e+00,0.049547,0.049321
50,0.5,8.0,20,1,0.059091,-51.161846,0.572000,11.130795,2.097644,1.237953e+02,4.473606e+00,0.048920,0.048681
50,0.5,8.0,20,1,0.067273,-51.674730,0.698649,10.350743,2.192910,1.080143e+02,4.820307e+00,0.048854,0.048812
50,0.5,8.0,20,1,0.075455,-51.617831,0.656024,9.970166,1.982277,1.001848e+02,3.961143e+00,0.048697,0.048531
50,0.5,8.0,20,1,0.083636,-51.821957,0.606196,9.375926,1.792958,8.921939e+01,3.273466e+00,0.048565,0.048671
50,0.5,8.0,20,1,0.091818,-51.665149,0.610990,8.912847,1.690635,8.040427e+01,2.915896e+00,0.049005,0.048987
50,0.5,8.0,20,1,0.100000,-51.373000,0.660000,8.257078,1.667339,6.861328e+01,2.814621e+00,0.048614,0.048595
50,0.5,16.0,5,1,0.010000,-49.690000,0.020000,23.189002,0.316228,5.358898e+02,1.319625e-01,0.042978,0.042684
50,0.5,16.0,5,1,0.018182,-48.675000,0.016500,13.512712,0.194142,1.820723e+02,7.117427e-02,0.043005,0.042723
50,0.5,16.0,5,1,0.026364,-48.885517,0.299655,12.060575,2.611200,1.449366e+02,6.801045e+00,0.043201,0.042967
50,0.5,16.0,5,1,0.042727,-49.013191,0.243404,9.354984,1.852028,8.717989e+01,3.418179e+00,0.043094,0.042891
50,0.5,16.0,5,1,0.050909,-48.985357,0.251429,8.239831,1.718247,6.764488e+01,2.943218e+00,0.043030,0.042913
50,0.5,16.0,5,1,0.059091,-48.992308,0.221692,7.562624,1.481766,5.698415e+01,2.187322e+00,0.043093,0.042845
50,0.5,16.0,5,1,0.067273,-49.569865,0.194730,7.575575,1.301551,5.735110e+01,1.687285e+00,0.043099,0.042896
50,0.5,16.0,5,1,0.034545,-49.253947,0.228684,10.842962,1.992758,1.171143e+02,3.956029e+00,0.043810,0.043763
50,0.5,16.0,5,1,0.075455,-49.773012,0.201446,7.262357,1.237140,5.294118e+01,1.524395e+00,0.043059,0.043028
50,0.5,16.0,5,1,0.083636,-49.883804,0.181739,6.961789,1.116115,4.883716e+01,1.241060e+00,0.042932,0.042778
50,0.5,16.0,5,1,0.091818,-49.701485,0.189505,6.720635,1.081275,4.531006e+01,1.164588e+00,0.043590,0.043448
50,0.5,16.0,5,1,0.100000,-49.725000,0.174000,6.158028,0.992807,3.812073e+01,9.823946e-01,0.044032,0.043934
50,0.5,16.0,10,1,0.010000,-49.440000,0.020000,23.066527,0.316228,5.300620e+02,1.310581e-01,0.044057,0.043798
50,0.5,16.0,10,1,0.026364,-48.809655,0.295862,12.265810,2.610943,1.499245e+02,6.799456e+00,0.044321,0.044095
50,0.5,16.0,10,1,0.050909,-48.957857,0.249464,8.288131,1.718252,6.843467e+01,2.943296e+00,0.044225,0.044062
50,0.5,16.0,10,1,0.018182,-48.405500,0.016500,13.433418,0.194142,1.801975e+02,7.025218e-02,0.044763,0.044928
50,0.5,16.0,10,1,0.042727,-49.029574,0.241064,9.451926,1.851964,8.898470e+01,3.417960e+00,0.044396,0.044137
50,0.5,16.0,10,1,0.067273,-49.494054,0.190270,7.586701,1.300295,5.749461e+01,1.684054e+00,0.043701,0.043591
50,0.5,16.0,10,1,0.034545,-49.207632,0.225789,10.992161,1.992562,1.203592e+02,3.955229e+00,0.044529,0.044404
50,0.5,16.0,10,1,0.059091,-48.946615,0.216615,7.567436,1.480336,5.705635e+01,2.182999e+00,0.044305,0.043956
50,0.5,16.0,10,1,0.083636,-49.809674,0.178152,6.929558,1.115249,4.835093e+01,1.239174e+00,0.044746,0.044159
50,0.5,16.0,10,1,0.075455,-49.701446,0.197470,7.255328,1.236179,5.280845e+01,1.522027e+00,0.044543,0.044542
50,0.5,16.0,10,1,0.091818,-49.642673,0.186238,6.671205,1.080606,4.463725e+01,1.163163e+00,0.044044,0.043851
50,0.5,16.0,10,1,0.100000,-49.664000,0.171000,6.135935,0.992193,3.783361e+01,9.812041e-01,0.045050,0.044477
50,0.5,16.0,15,1,0.010000,-49.440000,0.020000,23.066527,0.316228,5.300620e+02,1.310578e-01,0.044758,0.044489
50,0.5,16.0,15,1,0.026364,-48.809655,0.295862,12.265810,2.610943,1.499245e+02,6.799457e+00,0.044979,0.044734
50,0.5,16.0,15,1,0.059091,-48.946615,0.216615,7.567436,1.480336,5.705635e+01,2.182999e+00,0.044701,0.044596
50,0.5,16.0,15,1,0.034545,-49.207632,0.225789,10.992161,1.992562,1.203592e+02,3.955229e+00,0.045107,0.044982
50,0.5,16.0,15,1,0.050909,-48.957857,0.249464,8.288131,1.718252,6.843466e+01,2.943296e+00,0.045055,0.044859
50,0.5,16.0,15,1,0.042727,-49.029574,0.241064,9.451926,1.851964,8.898469e+01,3.417960e+00,0.045378,0.045462
50,0.5,16.0,15,1,0.018182,-48.405500,0.016500,13.433418,0.194142,1.801974e+02,7.025182e-02,0.045688,0.046309
50,0.5,16.0,15,1,0.067273,-49.494054,0.190270,7.586701,1.300295,5.749463e+01,1.684054e+00,0.045554,0.045429
50,0.5,16.0,15,1,0.083636,-49.809674,0.178152,6.929558,1.115249,4.835095e+01,1.239174e+00,0.044771,0.044918
50,0.5,16.0,15,1,0.075455,-49.701446,0.197470,7.255328,1.236179,5.280848e+01,1.522027e+00,0.046178,0.045585
50,0.5,16.0,15,1,0.091818,-49.642673,0.186238,6.671205,1.080606,4.463727e+01,1.163163e+00,0.045068,0.045028
50,0.5,16.0,15,1,0.100000,-49.664000,0.171000,6.135935,0.992193,3.783363e+01,9.812040e-01,0.045684,0.045414
50,0.5,16.0,20,1,0.010000,-49.440000,0.020000,23.066527,0.316228,5.300620e+02,1.310578e-01,0.046435,0.046499
50,0.5,16.0,20,1,0.026364,-48.809655,0.295862,12.265810,2.610943,1.499245e+02,6.799457e+00,0.045462,0.045316
50,0.5,16.0,20,1,0.034545,-49.207632,0.225789,10.992161,1.992562,1.203592e+02,3.955229e+00,0.045357,0.045167
50,0.5,16.0,20,1,0.018182,-48.405500,0.016500,13.433418,0.194142,1.801974e+02,7.025182e-02,0.045695,0.045768
50,0.5,16.0,20,1,0.050909,-48.957857,0.249464,8.288131,1.718252,6.843466e+01,2.943296e+00,0.045454,0.045460
50,0.5,16.0,20,1,0.042727,-49.029574,0.241064,9.451926,1.851964,8.898469e+01,3.417960e+00,0.045972,0.045823
50,0.5,16.0,20,1,0.059091,-48.946615,0.216615,7.567436,1.480336,5.705635e+01,2.182999e+00,0.045515,0.045428
50,0.5,16.0,20,1,0.067273,-49.494054,0.190270,7.586701,1.300295,5.749463e+01,1.684054e+00,0.045816,0.045630
50,0.5,16.0,20,1,0.075455,-49.701446,0.197470,7.255328,1.236179,5.280848e+01,1.522027e+00,0.045620,0.045197
50,0.5,16.0,20,1,0.083636,-49.809674,0.178152,6.929558,1.115249,4.835095e+01,1.239174e+00,0.045501,0.045479
50,0.5,16.0,20,1,0.091818,-49.642673,0.186238,6.671205,1.080606,4.463727e+01,1.163163e+00,0.045559,0.045658
50,0.5,16.0,20,1,0.100000,-49.664000,0.171000,6.135935,0.992193,3.783363e+01,9.812040e-01,0.047528,0.046401
50,0.8,1.0,5,1,0.010000,-1.410000,0.330000,2.325626,1.058576,5.388989e+00,1.117866e+00,0.026525,0.026771
50,0.8,1.0,5,1,0.018182,-1.457500,0.313500,1.698838,0.808095,2.874509e+00,6.510568e-01,0.026362,0.026392
50,0.8,1.0,5,1,0.026364,-1.441379,0.307241,1.376152,0.643758,1.886424e+00,4.131381e-01,0.026299,0.026418
50,0.8,1.0,5,1,0.042727,-1.394894,0.304255,1.104410,0.463718,1.218540e+00,2.144389e-01,0.025782,0.025961
50,0.8,1.0,5,1,0.034545,-1.386579,0.301053,1.202271,0.536279,1.444452e+00,2.866159e-01,0.026149,0.026446
50,0.8,1.0,5,1,0.050909,-1.357321,0.306429,0.975750,0.438627,9.579580e-01,1.919651e-01,0.025871,0.025915
50,0.8,1.0,5,1,0.059091,-1.340308,0.306308,0.890423,0.392177,8.029973e-01,1.535236e-01,0.026153,0.026185
50,0.8,1.0,5,1,0.067273,-1.311081,0.295811,0.832739,0.371320,7.115958e-01,1.373885e-01,0.025805,0.026132
50,0.8,1.0,5,1,0.075455,-1.306747,0.295542,0.786533,0.347614,6.383474e-01,1.204092e-01,0.026336,0.026556
50,0.8,1.0,5,1,0.091818,-1.324356,0.285347,0.731528,0.316956,5.502443e-01,1.000665e-01,0.025870,0.026288
50,0.8,1.0,5,1,0.083636,-1.316413,0.290543,0.755864,0.325246,5.884455e-01,1.053684e-01,0.026096,0.026528
50,0.8,1.0,5,1,0.100000,-1.301000,0.297000,0.694679,0.339118,5.045812e-01,1.146225e-01,0.026210,0.027067
50,0.8,1.0,10,1,0.018182,-1.457500,0.313500,1.698838,0.808095,2.874507e+00,6.510506e-01,0.026942,0.026864
50,0.8,1.0,10,1,0.034545,-1.386579,0.301053,1.202271,0.536279,1.444549e+00,2.866127e-01,0.026808,0.026910
50,0.8,1.0,10,1,0.026364,-1.441379,0.307241,1.376152,0.643758,1.886445e+00,4.131334e-01,0.027126,0.027139
50,0.8,1.0,10,1,0.010000,-1.410000,0.330000,2.325626,1.058576,5.389053e+00,1.117856e+00,0.027592,0.027278
50,0.8,1.0,10,1,0.050909,-1.357321,0.306429,0.975750,0.438627,9.580968e-01,1.919606e-01,0.026934,0.027255
50,0.8,1.0,10,1,0.059091,-1.340308,0.306308,0.890423,0.392177,8.031600e-01,1.535191e-01,0.026855,0.027152
50,0.8,1.0,10,1,0.042727,-1.394894,0.304255,1.104410,0.463718,1.218626e+00,2.144349e-01,0.027499,0.027694
50,0.8,1.0,10,1,0.067273,-1.311081,0.295811,0.832739,0.371320,7.117996e-01,1.373866e-01,0.026737,0.026998
50,0.8,1.0,10,1,0.075455,-1.306747,0.295542,0.786533,0.347614,6.385573e-01,1.204073e-01,0.027075,0.027426
50,0.8,1.0,10,1,0.083636,-1.316413,0.290543,0.755864,0.325246,5.886418e-01,1.053678e-01,0.026758,0.027100
50,0.8,1.0,10,1,0.091818,-1.324356,0.285347,0.731528,0.316956,5.504295e-01,1.000671e-01,0.026860,0.027343
50,0.8,1.0,10,1,0.100000,-1.301000,0.297000,0.694679,0.339118,5.047992e-01,1.146203e-01,0.026693,0.027183
50,0.8,1.0,15,1,0.010000,-1.410000,0.330000,2.325626,1.058576,5.389053e+00,1.117856e+00,0.028032,0.027982
50,0.8,1.0,15,1,0.026364,-1.441379,0.307241,1.376152,0.643758,1.886445e+00,4.131334e-01,0.027974,0.028204
50,0.8,1.0,15,1,0.042727,-1.394894,0.304255,1.104410,0.463718,1.218626e+00,2.144349e-01,0.027854,0.028003
50,0.8,1.0,15,1,0.018182,-1.457500,0.313500,1.698838,0.808095,2.874507e+00,6.510506e-01,0.028255,0.028284
50,0.8,1.0,15,1,0.067273,-1.311081,0.295811,0.832739,0.371320,7.117996e-01,1.373866e-01,0.027636,0.028023
50,0.8,1.0,15,1,0.034545,-1.386579,0.301053,1.202271,0.536279,1.444549e+00,2.866127e-01,0.028454,0.028764
50,0.8,1.0,15,1,0.059091,-1.340308,0.306308,0.890423,0.392177,8.031600e-01,1.535191e-01,0.027939,0.028256
50,0.8,1.0,15,1,0.050909,-1.357321,0.306429,0.975750,0.438627,9.580968e-01,1.919606e-01,0.028354,0.028362
50,0.8,1.0,15,1,0.075455,-1.306747,0.295542,0.786533,0.347614,6.385573e-01,1.204073e-01,0.027615,0.027938
50,0.8,1.0,15,1,0.083636,-1.316413,0.290543,0.755864,0.325246,5.886418e-01,1.053678e-01,0.027618,0.028131
50,0.8,1.0,15,1,0.091818,-1.324356,0.285347,0.731528,0.316956,5.504295e-01,1.000671e-01,0.027403,0.028011
50,0.8,1.0,15,1,0.100000,-1.301000,0.297000,0.694679,0.339118,5.047992e-01,1.146203e-01,0.027633,0.027992
50,0.8,1.0,20,1,0.034545,-1.386579,0.301053,1.202271,0.536279,1.444549e+00,2.866127e-01,0.028564,0.028649
50,0.8,1.0,20,1,0.018182,-1.457500,0.313500,1.698838,0.808095,2.874507e+00,6.510506e-01,0.028909,0.028956
50,0.8,1.0,20,1,0.026364,-1.441379,0.307241,1.376152,0.643758,1.886445e+00,4.131334e-01,0.028846,0.029002
50,0.8,1.0,20,1,0.042727,-1.394894,0.304255,1.104410,0.463718,1.218626e+00,2.144349e-01,0.028612,0.028738
50,0.8,1.0,20,1,0.010000,-1.410000,0.330000,2.325626,1.058576,5.389053e+00,1.117856e+00,0.029544,0.029458
50,0.8,1.0,20,1,0.067273,-1.311081,0.295811,0.832739,0.371320,7.117996e-01,1.373866e-01,0.028435,0.028732
50,0.8,1.0,20,1,0.059091,-1.340308,0.306308,0.890423,0.392177,8.031600e-01,1.535191e-01,0.028805,0.029510
50,0.8,1.0,20,1,0.050909,-1.357321,0.306429,0.975750,0.438627,9.580968e-01,1.919606e-01,0.029488,0.028948
50,0.8,1.0,20,1,0.075455,-1.306747,0.295542,0.786533,0.347614,6.385573e-01,1.204073e-01,0.028811,0.029077
50,0.8,1.0,20,1,0.091818,-1.324356,0.285347,0.731528,0.316956,5.504295e-01,1.000671e-01,0.028564,0.029062
50,0.8,1.0,20,1,0.083636,-1.316413,0.290543,0.755864,0.325246,5.886418e-01,1.053678e-01,0.029497,0.029662
50,0.8,1.0,20,1,0.100000,-1.301000,0.297000,0.694679,0.339118,5.047992e-01,1.146203e-01,0.028528,0.028944
50,0.8,2.0,5,1,0.042727,-3.728298,0.390851,2.009292,0.806807,4.286808e+00,6.485247e-01,0.027668,0.028073
50,0.8,2.0,5,1,0.010000,-4.010000,0.310000,4.395701,1.218540,1.929954e+01,1.487866e+00,0.028482,0.028211
50,0.8,2.0,5,1,0.026364,-4.005517,0.364138,2.743009,0.758087,7.550761e+00,5.740418e-01,0.028071,0.028183
50,0.8,2.0,5,1,0.018182,-3.916000,0.357500,3.293072,0.871806,1.090837e+01,7.592328e-01,0.028152,0.028212
50,0.8,2.0,5,1,0.050909,-3.677143,0.390893,1.866825,0.718198,3.792151e+00,5.139348e-01,0.027777,0.028102
50,0.8,2.0,5,1,0.034545,-3.847105,0.396579,2.301338,0.855444,5.432307e+00,7.289231e-01,0.028222,0.028193
50,0.8,2.0,5,1,0.067273,-3.638919,0.376081,1.623996,0.597165,2.992648e+00,3.559984e-01,0.027360,0.028045
50,0.8,2.0,5,1,0.075455,-3.614096,0.373735,1.598646,0.545880,2.941923e+00,2.977514e-01,0.027416,0.028287
50,0.8,2.0,5,1,0.059091,-3.690923,0.379077,1.720105,0.656357,3.252557e+00,4.297376e-01,0.028447,0.029070
50,0.8,2.0,5,1,0.091818,-3.444851,0.365941,1.438142,0.488168,2.698235e+00,2.388563e-01,0.027444,0.028399
50,0.8,2.0,5,1,0.083636,-3.536739,0.382609,1.523804,0.532560,2.812570e+00,2.829733e-01,0.028303,0.029103
50,0.8,2.0,5,1,0.100000,-3.409000,0.366000,1.361574,0.462493,2.543295e+00,2.145407e-01,0.027241,0.028184
50,0.8,2.0,10,1,0.010000,-3.990000,0.310000,4.391131,1.218540,1.928028e+01,1.488155e+00,0.029104,0.029136
50,0.8,2.0,10,1,0.018182,-3.921500,0.357500,3.299176,0.871806,1.095871e+01,7.593784e-01,0.029056,0.029140
50,0.8,2.0,10,1,0.034545,-3.855789,0.402368,2.312765,0.867398,5.494576e+00,7.493851e-01,0.028852,0.029290
50,0.8,2.0,10,1,0.059091,-3.696000,0.382462,1.728156,0.663113,3.297834e+00,4.385236e-01,0.028455,0.028966
50,0.8,2.0,10,1,0.050909,-3.683036,0.394821,1.876149,0.726777,3.844021e+00,5.262211e-01,0.028640,0.029258
50,0.8,2.0,10,1,0.026364,-4.016897,0.371724,2.757204,0.782578,7.633101e+00,6.111671e-01,0.029441,0.029670
50,0.8,2.0,10,1,0.042727,-3.735319,0.395532,2.017054,0.818071,4.332326e+00,6.666766e-01,0.029750,0.029519
50,0.8,2.0,10,1,0.075455,-3.618072,0.376386,1.605733,0.550493,2.986007e+00,3.027200e-01,0.028417,0.029056
50,0.8,2.0,10,1,0.067273,-3.643378,0.379054,1.632548,0.602683,3.040412e+00,3.625108e-01,0.028779,0.029603
50,0.8,2.0,10,1,0.083636,-3.540326,0.386196,1.529207,0.539683,2.853628e+00,2.904930e-01,0.028421,0.029280
50,0.8,2.0,10,1,0.091818,-3.448119,0.369208,1.442798,0.494501,2.739907e+00,2.449215e-01,0.028848,0.030094
50,0.8,2.0,10,1,0.100000,-3.412000,0.367000,1.365362,0.465217,2.583607e+00,2.170980e-01,0.028995,0.029909
50,0.8,2.0,15,1,0.034545,-3.855789,0.402368,2.312765,0.867398,5.494579e+00,7.493852e-01,0.029442,0.029703
50,0.8,2.0,15,1,0.010000,-3.990000,0.310000,4.391131,1.218540,1.928028e+01,1.488155e+00,0.029655,0.029801
50,0.8,2.0,15,1,0.042727,-3.735319,0.395532,2.017054,0.818071,4.332330e+00,6.666766e-01,0.029461,0.029871
50,0.8,2.0,15,1,0.018182,-3.921500,0.357500,3.299176,0.871806,1.095872e+01,7.593785e-01,0.029855,0.029808
50,0.8,2.0,15,1,0.026364,-4.016897,0.371724,2.757204,0.782578,7.633103e+00,6.111671e-01,0.029689,0.029931
50,0.8,2.0,15,1,0.050909,-3.683036,0.394821,1.876149,0.726777,3.844025e+00,5.262211e-01,0.029431,0.029813
50,0.8,2.0,15,1,0.059091,-3.696000,0.382462,1.728156,0.663113,3.297838e+00,4.385236e-01,0.029429,0.029758
50,0.8,2.0,15,1,0.067273,-3.643378,0.379054,1.632548,0.602683,3.040417e+00,3.625108e-01,0.029397,0.029942
50,0.8,2.0,15,1,0.075455,-3.618072,0.376386,1.605733,0.550493,2.986012e+00,3.027200e-01,0.029932,0.030787
50,0.8,2.0,15,1,0.083636,-3.540326,0.386196,1.529207,0.539683,2.853634e+00,2.904930e-01,0.029103,0.029803
50,0.8,2.0,15,1,0.091818,-3.448119,0.369208,1.442798,0.494501,2.739914e+00,2.449215e-01,0.029104,0.029976
50,0.8,2.0,15,1,0.100000,-3.412000,0.367000,1.365362,0.465217,2.583614e+00,2.170981e-01,0.030146,0.030838
50,0.8,2.0,20,1,0.018182,-3.921500,0.357500,3.299176,0.871806,1.095872e+01,7.593785e-01,0.030230,0.030350
50,0.8,2.0,20,1,0.034545,-3.855789,0.402368,2.312765,0.867398,5.494579e+00,7.493852e-01,0.030499,0.030677
50,0.8,2.0,20,1,0.026364,-4.016897,0.371724,2.757204,0.782578,7.633103e+00,6.111671e-01,0.030831,0.030762
50,0.8,2.0,20,1,0.050909,-3.683036,0.394821,1.876149,0.726777,3.844025e+00,5.262211e-01,0.030418,0.030948
50,0.8,2.0,20,1,0.010000,-3.990000,0.310000,4.391131,1.218540,1.928028e+01,1.488155e+00,0.031283,0.030993
50,0.8,2.0,20,1,0.042727,-3.735319,0.395532,2.017054,0.818071,4.332330e+00,6.666766e-01,0.031039,0.031227
50,0.8,2.0,20,1,0.059091,-3.696000,0.382462,1.728156,0.663113,3.297838e+00,4.385236e-01,0.030769,0.031117
50,0.8,2.0,20,1,0.067273,-3.643378,0.379054,1.632548,0.602683,3.040417e+00,3.625108e-01,0.030090,0.030760
50,0.8,2.0,20,1,0.075455,-3.618072,0.376386,1.605733,0.550493,2.986012e+00,3.027200e-01,0.030570,0.031067
50,0.8,2.0,20,1,0.083636,-3.540326,0.386196,1.529207,0.539683,2.853634e+00,2.904930e-01,0.030424,0.031209
50,0.8,2.0,20,1,0.091818,-3.448119,0.369208,1.442798,0.494501,2.739914e+00,2.449215e-01,0.030047,0.031046
50,0.8,2.0,20,1,0.100000,-3.412000,0.367000,1.365362,0.465217,2.583614e+00,2.170981e-01,0.030558,0.031688
50,0.8,4.0,5,1,0.010000,-13.820000,0.560000,9.545789,2.013110,9.083911e+01,4.037161e+00,0.031876,0.031962
50,0.8,4.0,5,1,0.042727,-11.980638,0.545319,4.369161,0.949588,2.352822e+01,8.998977e-01,0.031003,0.031781
50,0.8,4.0,5,1,0.026364,-12.433793,0.515862,5.201863,1.111369,2.974573e+01,1.235344e+00,0.031575,0.031999
50,0.8,4.0,5,1,0.034545,-12.030526,0.529737,4.764459,1.092088,2.691476e+01,1.191233e+00,0.031345,0.031885
50,0.8,4.0,5,1,0.018182,-13.051500,0.511500,6.464893,1.305324,4.273856e+01,1.702844e+00,0.032030,0.032177
50,0.8,4.0,5,1,0.050909,-11.669821,0.605000,4.082477,0.993196,2.253245e+01,9.827955e-01,0.031128,0.032113
50,0.8,4.0,5,1,0.067273,-11.246757,0.648108,3.542507,0.891076,2.067153e+01,7.945029e-01,0.030681,0.032054
50,0.8,4.0,5,1,0.059091,-11.541538,0.639692,3.827032,0.979429,2.116145e+01,9.581599e-01,0.031469,0.033374
50,0.8,4.0,5,1,0.075455,-11.039759,0.674578,3.354669,0.886028,2.060752e+01,7.894732e-01,0.030985,0.032228
50,0.8,4.0,5,1,0.083636,-10.750109,0.677935,3.197958,0.869525,2.144463e+01,7.612124e-01,0.030654,0.032613
50,0.8,4.0,5,1,0.091818,-10.521881,0.677426,3.047100,0.814909,2.208995e+01,6.694924e-01,0.030287,0.032100
50,0.8,4.0,5,1,0.100000,-10.251000,0.651000,2.906897,0.763071,2.327337e+01,5.839706e-01,0.030742,0.032818
50,0.8,4.0,10,1,0.010000,-13.950000,0.570000,9.671954,2.113758,9.330921e+01,4.450607e+00,0.032843,0.033412
50,0.8,4.0,10,1,0.059091,-11.644769,0.644769,3.886670,0.993961,2.220130e+01,9.867374e-01,0.031823,0.033083
50,0.8,4.0,10,1,0.034545,-12.152105,0.541316,4.851627,1.130025,2.814282e+01,1.274470e+00,0.032466,0.032964
50,0.8,4.0,10,1,0.050909,-11.787679,0.610893,4.160715,1.013262,2.365368e+01,1.022931e+00,0.032111,0.032935
50,0.8,4.0,10,1,0.042727,-12.104681,0.552340,4.428750,0.980485,2.444190e+01,9.591185e-01,0.032244,0.033028
50,0.8,4.0,10,1,0.018182,-13.167000,0.517000,6.568920,1.351766,4.430694e+01,1.825663e+00,0.032984,0.033191
50,0.8,4.0,10,1,0.026364,-12.558966,0.523448,5.284260,1.152537,3.091207e+01,1.327799e+00,0.032893,0.033490
50,0.8,4.0,10,1,0.091818,-10.590495,0.680693,3.086804,0.824360,2.339758e+01,6.846279e-01,0.031186,0.033070
50,0.8,4.0,10,1,0.067273,-11.337432,0.652568,3.590861,0.903592,2.173692e+01,8.168193e-01,0.032402,0.033939
50,0.8,4.0,10,1,0.075455,-11.120602,0.679880,3.398739,0.896821,2.173976e+01,8.087048e-01,0.031975,0.033792
50,0.8,4.0,10,1,0.083636,-10.824239,0.681522,3.242258,0.880465,2.268878e+01,7.800415e-01,0.031892,0.034092
50,0.8,4.0,10,1,0.100000,-10.314000,0.655000,2.939894,0.772406,2.465443e+01,5.981301e-01,0.031668,0.033959
50,0.8,4.0,15,1,0.050909,-11.787679,0.610893,4.160715,1.013262,2.365408e+01,1.022931e+00,0.032667,0.033659
50,0.8,4.0,15,1,0.026364,-12.558966,0.523448,5.284260,1.152537,3.091235e+01,1.327799e+00,0.033231,0.033534
50,0.8,4.0,15,1,0.042727,-12.104681,0.552340,4.428750,0.980485,2.444224e+01,9.591186e-01,0.032952,0.033830
50,0.8,4.0,15,1,0.034545,-12.152105,0.541316,4.851627,1.130025,2.814315e+01,1.274470e+00,0.033051,0.033791
50,0.8,4.0,15,1,0.010000,-13.950000,0.570000,9.671954,2.113758,9.330927e+01,4.450607e+00,0.033479,0.033732
50,0.8,4.0,15,1,0.059091,-11.644769,0.644769,3.886670,0.993961,2.220172e+01,9.867373e-01,0.032619,0.033762
50,0.8,4.0,15,1,0.018182,-13.167000,0.517000,6.568920,1.351766,4.430712e+01,1.825663e+00,0.033893,0.034151
50,0.8,4.0,15,1,0.075455,-11.120602,0.679880,3.398739,0.896821,2.174026e+01,8.087046e-01,0.032524,0.033765
50,0.8,4.0,15,1,0.083636,-10.824239,0.681522,3.242258,0.880465,2.268933e+01,7.800414e-01,0.032293,0.034348
50,0.8,4.0,15,1,0.067273,-11.337432,0.652568,3.590861,0.903592,2.173739e+01,8.168192e-01,0.033046,0.034806
50,0.8,4.0,15,1,0.091818,-10.590495,0.680693,3.086804,0.824360,2.339816e+01,6.846277e-01,0.032288,0.034378
50,0.8,4.0,15,1,0.100000,-10.314000,0.655000,2.939894,0.772406,2.465506e+01,5.981299e-01,0.032377,0.034592
50,0.8,4.0,20,1,0.018182,-13.167000,0.517000,6.568920,1.351766,4.430712e+01,1.825663e+00,0.033837,0.034175
50,0.8,4.0,20,1,0.026364,-12.558966,0.523448,5.284260,1.152537,3.091235e+01,1.327799e+00,0.033898,0.034483
50,0.8,4.0,20,1,0.034545,-12.152105,0.541316,4.851627,1.130025,2.814315e+01,1.274470e+00,0.033954,0.034571
50,0.8,4.0,20,1,0.050909,-11.787679,0.610893,4.160715,1.013262,2.365408e+01,1.022931e+00,0.033672,0.034653
50,0.8,4.0,20,1,0.010000,-13.950000,0.570000,9.671954,2.113758,9.330927e+01,4.450607e+00,0.034384,0.034558
50,0.8,4.0,20,1,0.042727,-12.104681,0.552340,4.428750,0.980485,2.444224e+01,9.591186e-01,0.034395,0.035309
50,0.8,4.0,20,1,0.067273,-11.337432,0.652568,3.590861,0.903592,2.173739e+01,8.168192e-01,0.032904,0.034476
50,0.8,4.0,20,1,0.059091,-11.644769,0.644769,3.886670,0.993961,2.220172e+01,9.867373e-01,0.034258,0.034982
50,0.8,4.0,20,1,0.083636,-10.824239,0.681522,3.242258,0.880465,2.268933e+01,7.800414e-01,0.032983,0.034672
50,0.8,4.0,20,1,0.075455,-11.120602,0.679880,3.398739,0.896821,2.174026e+01,8.087046e-01,0.033565,0.035630
50,0.8,4.0,20,1,0.091818,-10.590495,0.680693,3.086804,0.824360,2.339816e+01,6.846277e-01,0.033207,0.035607
50,0.8,4.0,20,1,0.100000,-10.314000,0.655000,2.939894,0.772406,2.465506e+01,5.981299e-01,0.033607,0.035433
50,0.8,8.0,5,1,0.042727,-31.591064,0.596809,7.916821,1.289230,7.078804e+01,1.662609e+00,0.036132,0.037469
50,0.8,8.0,5,1,0.018182,-33.132000,0.616000,12.146077,2.109049,1.487620e+02,4.441050e+00,0.037129,0.037244
50,0.8,8.0,5,1,0.010000,-32.070000,0.780000,15.588847,3.344599,2.478622e+02,1.121327e+01,0.037467,0.037793
50,0.8,8.0,5,1,0.026364,-32.878621,0.625862,11.135034,1.772636,1.260667e+02,3.142569e+00,0.036963,0.037816
50,0.8,8.0,5,1,0.067273,-29.643514,0.536622,6.448751,1.035078,6.483965e+01,1.067692e+00,0.035601,0.037409
50,0.8,8.0,5,1,0.034545,-31.940526,0.607895,9.224388,1.492865,9.121261e+01,2.228871e+00,0.037101,0.037656
50,0.8,8.0,5,1,0.050909,-30.827500,0.555893,7.342265,1.197486,6.705513e+01,1.430137e+00,0.036031,0.037739
50,0.8,8.0,5,1,0.075455,-29.176506,0.506265,6.092214,0.948424,6.512437e+01,8.959456e-01,0.035124,0.037418
50,0.8,8.0,5,1,0.059091,-30.390462,0.551692,6.931615,1.122529,6.460311e+01,1.256585e+00,0.035949,0.038167
50,0.8,8.0,5,1,0.083636,-28.497174,0.516522,5.686066,0.944012,6.803087e+01,8.876124e-01,0.034899,0.037837
50,0.8,8.0,5,1,0.091818,-27.801683,0.510792,5.503521,0.881377,7.480617e+01,7.737202e-01,0.035415,0.037995
50,0.8,8.0,5,1,0.100000,-27.092000,0.501000,5.133708,0.825211,8.087486e+01,6.783764e-01,0.035191,0.038771
50,0.8,8.0,10,1,0.050909,-31.086786,0.553929,7.555072,1.222799,7.121689e+01,1.490988e+00,0.037307,0.038774
50,0.8,8.0,10,1,0.059091,-30.637538,0.550000,7.088500,1.142714,6.801928e+01,1.301990e+00,0.037099,0.038785
50,0.8,8.0,10,1,0.010000,-32.540000,0.800000,16.122598,3.486923,2.643602e+02,1.219276e+01,0.038593,0.038616
50,0.8,8.0,10,1,0.067273,-29.872432,0.542568,6.579639,1.062154,6.816466e+01,1.124573e+00,0.036492,0.038742
50,0.8,8.0,10,1,0.042727,-31.890638,0.599149,8.163790,1.320292,7.529952e+01,1.743738e+00,0.037737,0.038547
50,0.8,8.0,10,1,0.026364,-33.265517,0.637241,11.528508,1.823851,1.349719e+02,3.328731e+00,0.038039,0.038738
50,0.8,8.0,10,1,0.018182,-33.511500,0.627000,12.697642,2.176712,1.624499e+02,4.732271e+00,0.038839,0.038856
50,0.8,8.0,10,1,0.075455,-29.403133,0.519518,6.188193,1.019019,6.810432e+01,1.034297e+00,0.036876,0.039170
50,0.8,8.0,10,1,0.034545,-32.299474,0.613684,9.565436,1.526733,9.777546e+01,2.331865e+00,0.038294,0.039613
50,0.8,8.0,10,1,0.083636,-28.702826,0.529674,5.768333,1.003793,7.126159e+01,1.003870e+00,0.036654,0.039333
50,0.8,8.0,10,1,0.091818,-27.995545,0.524950,5.578392,0.947401,7.834908e+01,8.941384e-01,0.036651,0.040255
50,0.8,8.0,10,1,0.100000,-27.272000,0.512000,5.194656,0.883447,8.471328e+01,7.773561e-01,0.035889,0.039500
50,0.8,8.0,15,1,0.042727,-31.890638,0.599149,8.163790,1.320292,7.530014e+01,1.743738e+00,0.037988,0.039380
50,0.8,8.0,15,1,0.059091,-30.637538,0.550000,7.088500,1.142714,6.802017e+01,1.301990e+00,0.037436,0.039288
50,0.8,8.0,15,1,0.050909,-31.086786,0.553929,7.555072,1.222799,7.121768e+01,1.490988e+00,0.037749,0.039487
50,0.8,8.0,15,1,0.067273,-29.872432,0.542568,6.579639,1.062154,6.816570e+01,1.124573e+00,0.037326,0.039777
50,0.8,8.0,15,1,0.018182,-33.511500,0.627000,12.697642,2.176712,1.624502e+02,4.732271e+00,0.039461,0.039700
50,0.8,8.0,15,1,0.010000,-32.540000,0.800000,16.122598,3.486923,2.643607e+02,1.219276e+01,0.039521,0.039648
50,0.8,8.0,15,1,0.026364,-33.265517,0.637241,11.528508,1.823851,1.349722e+02,3.328731e+00,0.039137,0.040303
50,0.8,8.0,15,1,0.034545,-32.299474,0.613684,9.565436,1.526733,9.777600e+01,2.331865e+00,0.038921,0.040724
50,0.8,8.0,15,1,0.075455,-29.403133,0.519518,6.188193,1.019019,6.810546e+01,1.034297e+00,0.038011,0.040368
50,0.8,8.0,15,1,0.083636,-28.702826,0.529674,5.768333,1.003793,7.126288e+01,1.003870e+00,0.037602,0.040355
50,0.8,8.0,15,1,0.091818,-27.995545,0.524950,5.578392,0.947401,7.835052e+01,8.941384e-01,0.036929,0.040542
50,0.8,8.0,15,1,0.100000,-27.272000,0.512000,5.194656,0.883447,8.471486e+01,7.773561e-01,0.037263,0.040219
50,0.8,8.0,20,1,0.010000,-32.540000,0.800000,16.122598,3.486923,2.643607e+02,1.219276e+01,0.039855,0.040120
50,0.8,8.0,20,1,0.018182,-33.511500,0.627000,12.697642,2.176712,1.624502e+02,4.732271e+00,0.039687,0.040245
50,0.8,8.0,20,1,0.059091,-30.637538,0.550000,7.088500,1.142714,6.802017e+01,1.301990e+00,0.038109,0.039978
50,0.8,8.0,20,1,0.026364,-33.265517,0.637241,11.528508,1.823851,1.349722e+02,3.328731e+00,0.039622,0.040427
50,0.8,8.0,20,1,0.050909,-31.086786,0.553929,7.555072,1.222799,7.121768e+01,1.490988e+00,0.038614,0.040374
50,0.8,8.0,20,1,0.034545,-32.299474,0.613684,9.565436,1.526733,9.777600e+01,2.331865e+00,0.039425,0.040894
50,0.8,8.0,20,1,0.067273,-29.872432,0.542568,6.579639,1.062154,6.816570e+01,1.124573e+00,0.038077,0.040729
50,0.8,8.0,20,1,0.042727,-31.890638,0.599149,8.163790,1.320292,7.530014e+01,1.743738e+00,0.039000,0.040385
50,0.8,8.0,20,1,0.083636,-28.702826,0.529674,5.768333,1.003793,7.126288e+01,1.003870e+00,0.037747,0.040749
50,0.8,8.0,20,1,0.091818,-27.995545,0.524950,5.578392,0.947401,7.835052e+01,8.941384e-01,0.037646,0.040327
50,0.8,8.0,20,1,0.075455,-29.403133,0.519518,6.188193,1.019019,6.810546e+01,1.034297e+00,0.039024,0.041237
50,0.8,8.0,20,1,0.100000,-27.272000,0.512000,5.194656,0.883447,8.471486e+01,7.773561e-01,0.037008,0.040502
50,0.8,16.0,5,1,0.026364,-46.996552,0.216207,10.825961,1.130678,1.167716e+02,1.273641e+00,0.039286,0.039637
50,0.8,16.0,5,1,0.067273,-44.227432,0.218514,6.356862,0.869958,4.904862e+01,7.542085e-01,0.038116,0.039811
50,0.8,16.0,5,1,0.050909,-44.860357,0.235714,7.235140,1.073721,5.758379e+01,1.149666e+00,0.038720,0.039651
50,0.8,16.0,5,1,0.010000,-48.240000,0.130000,18.749897,1.309565,3.512465e+02,1.712764e+00,0.039744,0.039683
50,0.8,16.0,5,1,0.059091,-44.749692,0.220000,6.472277,0.941993,4.769748e+01,8.842725e-01,0.038763,0.039878
50,0.8,16.0,5,1,0.075455,-43.483133,0.216024,5.956074,0.792538,4.910350e+01,6.259191e-01,0.038343,0.040081
50,0.8,16.0,5,1,0.042727,-45.664043,0.217660,7.897741,1.121255,6.446560e+01,1.252558e+00,0.039377,0.039946
50,0.8,16.0,5,1,0.018182,-47.168000,0.214500,12.263410,1.418264,1.497903e+02,2.003690e+00,0.039928,0.040065
50,0.8,16.0,5,1,0.091818,-42.505743,0.233069,5.567921,0.697664,5.285755e+01,4.859972e-01,0.037402,0.040002
50,0.8,16.0,5,1,0.034545,-46.269474,0.222895,9.346884,1.291706,8.786955e+01,1.662436e+00,0.040355,0.040846
50,0.8,16.0,5,1,0.083636,-42.904783,0.230761,5.634602,0.747224,5.001919e+01,5.571640e-01,0.038759,0.041284
50,0.8,16.0,5,1,0.100000,-41.940000,0.219000,5.347456,0.642214,5.608549e+01,4.112179e-01,0.037977,0.040766
50,0.8,16.0,10,1,0.010000,-48.330000,0.130000,18.820279,1.309565,3.538337e+02,1.712606e+00,0.040745,0.040696
50,0.8,16.0,10,1,0.075455,-43.548072,0.216024,6.005238,0.792538,5.004441e+01,6.259617e-01,0.039837,0.040789
50,0.8,16.0,10,1,0.026364,-47.045862,0.216207,10.997361,1.130678,1.205261e+02,1.273684e+00,0.040615,0.041238
50,0.8,16.0,10,1,0.050909,-44.905536,0.235714,7.368879,1.073721,5.984781e+01,1.149754e+00,0.040375,0.041008
50,0.8,16.0,10,1,0.018182,-47.239500,0.214500,12.319136,1.418264,1.511586e+02,2.003729e+00,0.041093,0.041307
50,0.8,16.0,10,1,0.059091,-44.825846,0.220000,6.573632,0.941993,4.919344e+01,8.843244e-01,0.040308,0.041202
50,0.8,16.0,10,1,0.083636,-42.971739,0.230761,5.675638,0.747224,5.087417e+01,5.572409e-01,0.039084,0.041113
50,0.8,16.0,10,1,0.091818,-42.573267,0.233069,5.598230,0.697664,5.361832e+01,4.860795e-01,0.038721,0.041023
50,0.8,16.0,10,1,0.042727,-45.701489,0.217660,8.021896,1.121255,6.666948e+01,1.252605e+00,0.040691,0.041731
50,0.8,16.0,10,1,0.067273,-44.298784,0.218514,6.422209,0.869958,5.012615e+01,7.542569e-01,0.040207,0.041823
50,0.8,16.0,10,1,0.034545,-46.321579,0.222895,9.527744,1.291706,9.138486e+01,1.662495e+00,0.041946,0.042021
50,0.8,16.0,10,1,0.100000,-42.011000,0.219000,5.376547,0.642214,5.683396e+01,4.112675e-01,0.039391,0.041953
50,0.8,16.0,15,1,0.067273,-44.298784,0.218514,6.422209,0.869958,5.012622e+01,7.542569e-01,0.039702,0.041274
50,0.8,16.0,15,1,0.010000,-48.330000,0.130000,18.820279,1.309565,3.538336e+02,1.712606e+00,0.041239,0.041275
50,0.8,16.0,15,1,0.083636,-42.971739,0.230761,5.675638,0.747224,5.087427e+01,5.572410e-01,0.039492,0.041634
50,0.8,16.0,15,1,0.026364,-47.045862,0.216207,10.997361,1.130678,1.205261e+02,1.273684e+00,0.040967,0.041715
50,0.8,16.0,15,1,0.042727,-45.701489,0.217660,8.021896,1.121255,6.666951e+01,1.252605e+00,0.040707,0.041785
50,0.8,16.0,15,1,0.050909,-44.905536,0.235714,7.368879,1.073721,5.984786e+01,1.149754e+00,0.040712,0.041841
50,0.8,16.0,15,1,0.018182,-47.239500,0.214500,12.319136,1.418264,1.511586e+02,2.003729e+00,0.041755,0.041927
50,0.8,16.0,15,1,0.034545,-46.321579,0.222895,9.527744,1.291706,9.138488e+01,1.662495e+00,0.041583,0.042044
50,0.8,16.0,15,1,0.059091,-44.825846,0.220000,6.573632,0.941993,4.919349e+01,8.843244e-01,0.041340,0.041836
50,0.8,16.0,15,1,0.091818,-42.573267,0.233069,5.598230,0.697664,5.361843e+01,4.860795e-01,0.039522,0.041953
50,0.8,16.0,15,1,0.075455,-43.548072,0.216024,6.005238,0.792538,5.004450e+01,6.259617e-01,0.040454,0.042480
50,0.8,16.0,15,1,0.100000,-42.011000,0.219000,5.376547,0.642214,5.683408e+01,4.112675e-01,0.039017,0.042033
50,0.8,16.0,20,1,0.026364,-47.045862,0.216207,10.997361,1.130678,1.205261e+02,1.273684e+00,0.041689,0.042074
50,0.8,16.0,20,1,0.075455,-43.548072,0.216024,6.005238,0.792538,5.004450e+01,6.259617e-01,0.040172,0.042145
50,0.99,1.0,5,1,0.018182,-0.511500,0.005500,0.828508,0.086963,9.134044e-01,7.550055e-03,0.025968,0.025791
50,0.99,1.0,5,1,0.010000,-0.930000,0.000000,1.506379,0.000000,2.263796e+00,9.446947e-05,0.026265,0.026039
50,0.8,16.0,20,1,0.083636,-42.971739,0.230761,5.675638,0.747224,5.087427e+01,5.572410e-01,0.040997,0.043487
50,0.8,16.0,20,1,0.067273,-44.298784,0.218514,6.422209,0.869958,5.012622e+01,7.542569e-01,0.041768,0.043354
50,0.8,16.0,20,1,0.091818,-42.573267,0.233069,5.598230,0.697664,5.361843e+01,4.860795e-01,0.041601,0.044079
50,0.8,16.0,20,1,0.050909,-44.905536,0.235714,7.368879,1.073721,5.984786e+01,1.149754e+00,0.042335,0.043385
50,0.8,16.0,20,1,0.100000,-42.011000,0.219000,5.376547,0.642214,5.683408e+01,4.112675e-01,0.041431,0.044300
50,0.8,16.0,20,1,0.042727,-45.701489,0.217660,8.021896,1.121255,6.666951e+01,1.252605e+00,0.042518,0.043470
50,0.8,16.0,20,1,0.018182,-47.239500,0.214500,12.319136,1.418264,1.511586e+02,2.003729e+00,0.043417,0.043831
50,0.8,16.0,20,1,0.059091,-44.825846,0.220000,6.573632,0.941993,4.919349e+01,8.843244e-01,0.042871,0.044816
50,0.8,16.0,20,1,0.010000,-48.330000,0.130000,18.820279,1.309565,3.538336e+02,1.712606e+00,0.044327,0.044338
50,0.8,16.0,20,1,0.034545,-46.321579,0.222895,9.527744,1.291706,9.138488e+01,1.662495e+00,0.045485,0.045944
50,0.99,1.0,5,1,0.034545,-0.269211,0.008684,0.436057,0.078957,7.100699e-01,6.210282e-03,0.025408,0.025092
50,0.99,1.0,5,1,0.026364,-0.352759,0.007586,0.571385,0.084646,7.322659e-01,7.140817e-03,0.026113,0.025839
50,0.99,1.0,5,1,0.042727,-0.217660,0.007021,0.352557,0.063837,7.215382e-01,4.066176e-03,0.024862,0.024990
50,0.99,1.0,5,1,0.050909,-0.182679,0.007857,0.295896,0.061741,7.402570e-01,3.800152e-03,0.024716,0.024694
50,0.99,1.0,5,1,0.059091,-0.157385,0.008462,0.254926,0.059350,7.593008e-01,3.509867e-03,0.024566,0.024342
50,0.99,1.0,5,1,0.075455,-0.123253,0.007952,0.199641,0.050811,7.923268e-01,2.574529e-03,0.024571,0.024490
50,0.99,1.0,5,1,0.067273,-0.138243,0.008919,0.223921,0.056990,7.767854e-01,3.235557e-03,0.025192,0.025162
50,0.99,1.0,5,1,0.083636,-0.111196,0.008370,0.180110,0.049411,8.060059e-01,2.433545e-03,0.025690,0.025568
50,0.99,1.0,5,1,0.091818,-0.101287,0.008713,0.164061,0.048017,8.180335e-01,2.297416e-03,0.025244,0.025064
50,0.99,1.0,10,1,0.010000,-0.930000,0.000000,1.506379,0.000000,2.263796e+00,9.446947e-05,0.025349,0.025178
50,0.99,1.0,5,1,0.100000,-0.093000,0.008000,0.150638,0.044088,8.286377e-01,1.938957e-03,0.025844,0.025935
50,0.99,1.0,10,1,0.018182,-0.511500,0.005500,0.828508,0.086963,9.134044e-01,7.550055e-03,0.026494,0.026151
50,0.99,1.0,10,1,0.026364,-0.352759,0.007586,0.571385,0.084646,7.322659e-01,7.140817e-03,0.025585,0.025476
50,0.99,1.0,10,1,0.034545,-0.269211,0.008684,0.436057,0.078957,7.100699e-01,6.210282e-03,0.026787,0.026816
50,0.99,1.0,10,1,0.042727,-0.217660,0.007021,0.352557,0.063837,7.215382e-01,4.066176e-03,0.025916,0.025926
50,0.99,1.0,10,1,0.050909,-0.182679,0.007857,0.295896,0.061741,7.402570e-01,3.800152e-03,0.025883,0.025739
50,0.99,1.0,10,1,0.067273,-0.138243,0.008919,0.223921,0.056990,7.767854e-01,3.235557e-03,0.025953,0.025721
50,0.99,1.0,10,1,0.059091,-0.157385,0.008462,0.254926,0.059350,7.593008e-01,3.509867e-03,0.026201,0.025802
50,0.99,1.0,10,1,0.091818,-0.101287,0.008713,0.164061,0.048017,8.180335e-01,2.297416e-03,0.025561,0.025466
50,0.99,1.0,10,1,0.075455,-0.123253,0.007952,0.199641,0.050811,7.923268e-01,2.574529e-03,0.026955,0.026962
50,0.99,1.0,10,1,0.100000,-0.093000,0.008000,0.150638,0.044088,8.286377e-01,1.938957e-03,0.025435,0.025396
50,0.99,1.0,10,1,0.083636,-0.111196,0.008370,0.180110,0.049411,8.060059e-01,2.433545e-03,0.026386,0.026382
50,0.99,1.0,15,1,0.010000,-0.930000,0.000000,1.506379,0.000000,2.263796e+00,9.446947e-05,0.025721,0.025858
50,0.99,1.0,15,1,0.018182,-0.511500,0.005500,0.828508,0.086963,9.134044e-01,7.550055e-03,0.026887,0.026622
50,0.99,1.0,15,1,0.026364,-0.352759,0.007586,0.571385,0.084646,7.322659e-01,7.140817e-03,0.026006,0.025785
50,0.99,1.0,15,1,0.034545,-0.269211,0.008684,0.436057,0.078957,7.100699e-01,6.210282e-03,0.027201,0.027156
50,0.99,1.0,15,1,0.059091,-0.157385,0.008462,0.254926,0.059350,7.593008e-01,3.509867e-03,0.026382,0.026395
50,0.99,1.0,15,1,0.067273,-0.138243,0.008919,0.223921,0.056990,7.767854e-01,3.235557e-03,0.026548,0.026476
50,0.99,1.0,15,1,0.050909,-0.182679,0.007857,0.295896,0.061741,7.402570e-01,3.800152e-03,0.026816,0.026729
50,0.99,1.0,15,1,0.042727,-0.217660,0.007021,0.352557,0.063837,7.215382e-01,4.066176e-03,0.027320,0.026818
50,0.99,1.0,15,1,0.075455,-0.123253,0.007952,0.199641,0.050811,7.923268e-01,2.574529e-03,0.026869,0.026757
50,0.99,1.0,15,1,0.091818,-0.101287,0.008713,0.164061,0.048017,8.180335e-01,2.297416e-03,0.026635,0.026365
50,0.99,1.0,15,1,0.100000,-0.093000,0.008000,0.150638,0.044088,8.286377e-01,1.938957e-03,0.027026,0.027154
50,0.99,1.0,20,1,0.010000,-0.930000,0.000000,1.506379,0.000000,2.263796e+00,9.446947e-05,0.027054,0.026870
50,0.99,1.0,15,1,0.083636,-0.111196,0.008370,0.180110,0.049411,8.060059e-01,2.433545e-03,0.027975,0.027774
50,0.99,1.0,20,1,0.018182,-0.511500,0.005500,0.828508,0.086963,9.134044e-01,7.550055e-03,0.026959,0.026801
50,0.99,2.0,5,1,0.010000,-1.870000,0.000000,2.120397,0.000000,4.494049e+00,9.199873e-05,0.025622,0.025637
50,0.99,2.0,5,1,0.018182,-1.028500,0.005500,1.166218,0.086963,2.291242e+00,7.548991e-03,0.026214,0.026134
50,0.99,1.0,20,1,0.042727,-0.217660,0.007021,0.352557,0.063837,7.215382e-01,4.066176e-03,0.027628,0.027679
50,0.99,1.0,20,1,0.075455,-0.123253,0.007952,0.199641,0.050811,7.923268e-01,2.574529e-03,0.027720,0.027598
50,0.99,1.0,20,1,0.083636,-0.111196,0.008370,0.180110,0.049411,8.060059e-01,2.433545e-03,0.027948,0.027879
50,0.99,1.0,20,1,0.100000,-0.093000,0.008000,0.150638,0.044088,8.286377e-01,1.938957e-03,0.028225,0.027894
50,0.99,1.0,20,1,0.067273,-0.138243,0.008919,0.223921,0.056990,7.767854e-01,3.235557e-03,0.027996,0.028163
50,0.99,1.0,20,1,0.050909,-0.182679,0.007857,0.295896,0.061741,7.402570e-01,3.800152e-03,0.028186,0.028126
50,0.99,1.0,20,1,0.026364,-0.352759,0.007586,0.571385,0.084646,7.322659e-01,7.140817e-03,0.028569,0.028531
50,0.99,1.0,20,1,0.034545,-0.269211,0.008684,0.436057,0.078957,7.100699e-01,6.210282e-03,0.028892,0.028212
50,0.99,1.0,20,1,0.059091,-0.157385,0.008462,0.254926,0.059350,7.593008e-01,3.509867e-03,0.029083,0.028768
50,0.99,1.0,20,1,0.091818,-0.101287,0.008713,0.164061,0.048017,8.180335e-01,2.297416e-03,0.029322,0.028915
50,0.99,2.0,5,1,0.034545,-0.541316,0.008684,0.613799,0.078957,2.492191e+00,6.210034e-03,0.025010,0.025103
50,0.99,2.0,5,1,0.026364,-0.709310,0.007586,0.804289,0.084646,2.300608e+00,7.140288e-03,0.026586,0.025985
50,0.99,2.0,5,1,0.075455,-0.247831,0.009277,0.281016,0.054769,3.135760e+00,2.987775e-03,0.024334,0.024423
50,0.99,2.0,5,1,0.042727,-0.437660,0.011702,0.496263,0.082079,2.674619e+00,6.714504e-03,0.025304,0.025118
50,0.99,2.0,5,1,0.100000,-0.187000,0.008000,0.212040,0.044088,3.318309e+00,1.938533e-03,0.025110,0.025025
50,0.99,2.0,5,1,0.050909,-0.367321,0.009821,0.416507,0.068888,2.826321e+00,4.726615e-03,0.026086,0.026092
50,0.99,2.0,5,1,0.067273,-0.277973,0.008919,0.315194,0.056990,3.051561e+00,3.235368e-03,0.025817,0.025558
50,0.99,2.0,5,1,0.059091,-0.316462,0.008462,0.358836,0.059350,2.950070e+00,3.509561e-03,0.025839,0.026019
50,0.99,2.0,5,1,0.083636,-0.223587,0.008370,0.253526,0.049411,3.206492e+00,2.433216e-03,0.026492,0.026357
50,0.99,2.0,5,1,0.091818,-0.203663,0.008713,0.230934,0.048017,3.266625e+00,2.297174e-03,0.026248,0.026347
50,0.99,2.0,10,1,0.010000,-1.870000,0.000000,2.120397,0.000000,4.494049e+00,9.199873e-05,0.026294,0.026071
50,0.99,2.0,10,1,0.018182,-1.028500,0.005500,1.166218,0.086963,2.291242e+00,7.548991e-03,0.026370,0.026362
50,0.99,2.0,10,1,0.026364,-0.709310,0.007586,0.804289,0.084646,2.300608e+00,7.140288e-03,0.025717,0.025509
50,0.99,2.0,10,1,0.034545,-0.541316,0.008684,0.613799,0.078957,2.492191e+00,6.210034e-03,0.026606,0.026638
50,0.99,2.0,10,1,0.042727,-0.437660,0.011702,0.496263,0.082079,2.674619e+00,6.714504e-03,0.026406,0.026422
50,0.99,2.0,10,1,0.050909,-0.367321,0.009821,0.416507,0.068888,2.826321e+00,4.726615e-03,0.026080,0.026221
50,0.99,2.0,10,1,0.075455,-0.247831,0.009277,0.281016,0.054769,3.135760e+00,2.987775e-03,0.025872,0.025736
50,0.99,2.0,10,1,0.059091,-0.316462,0.008462,0.358836,0.059350,2.950070e+00,3.509561e-03,0.026288,0.026187
50,0.99,2.0,10,1,0.083636,-0.223587,0.008370,0.253526,0.049411,3.206492e+00,2.433216e-03,0.026012,0.026025
50,0.99,2.0,10,1,0.091818,-0.203663,0.008713,0.230934,0.048017,3.266625e+00,2.297174e-03,0.026062,0.025806
50,0.99,2.0,10,1,0.067273,-0.277973,0.008919,0.315194,0.056990,3.051561e+00,3.235368e-03,0.026689,0.026885
50,0.99,2.0,10,1,0.100000,-0.187000,0.008000,0.212040,0.044088,3.318309e+00,1.938533e-03,0.027169,0.026516
50,0.99,2.0,15,1,0.018182,-1.028500,0.005500,1.166218,0.086963,2.291242e+00,7.548991e-03,0.026527,0.026385
50,0.99,2.0,15,1,0.010000,-1.870000,0.000000,2.120397,0.000000,4.494049e+00,9.199873e-05,0.027172,0.026891
50,0.99,2.0,15,1,0.034545,-0.541316,0.008684,0.613799,0.078957,2.492191e+00,6.210034e-03,0.026977,0.027259
50,0.99,2.0,15,1,0.083636,-0.223587,0.008370,0.253526,0.049411,3.206492e+00,2.433216e-03,0.027364,0.027100
50,0.99,2.0,15,1,0.059091,-0.316462,0.008462,0.358836,0.059350,2.950070e+00,3.509561e-03,0.027365,0.027163
50,0.99,2.0,15,1,0.026364,-0.709310,0.007586,0.804289,0.084646,2.300608e+00,7.140288e-03,0.027390,0.027222
50,0.99,2.0,20,1,0.010000,-1.870000,0.000000,2.120397,0.000000,4.494049e+00,9.199873e-05,0.027392,0.027504
50,0.99,2.0,15,1,0.067273,-0.277973,0.008919,0.315194,0.056990,3.051561e+00,3.235368e-03,0.027459,0.027503
50,0.99,2.0,15,1,0.042727,-0.437660,0.011702,0.496263,0.082079,2.674619e+00,6.714504e-03,0.027682,0.027648
50,0.99,2.0,15,1,0.050909,-0.367321,0.009821,0.416507,0.068888,2.826321e+00,4.726615e-03,0.027880,0.027610
50,0.99,2.0,15,1,0.091818,-0.203663,0.008713,0.230934,0.048017,3.266625e+00,2.297174e-03,0.027744,0.028026
50,0.99,2.0,15,1,0.100000,-0.187000,0.008000,0.212040,0.044088,3.318309e+00,1.938533e-03,0.027935,0.027976
50,0.99,2.0,20,1,0.018182,-1.028500,0.005500,1.166218,0.086963,2.291242e+00,7.548991e-03,0.028068,0.027912
50,0.99,2.0,15,1,0.075455,-0.247831,0.009277,0.281016,0.054769,3.135760e+00,2.987775e-03,0.028312,0.028414
50,0.99,4.0,5,1,0.018182,-2.134000,0.016500,1.868525,0.150018,7.013188e+00,2.246811e-02,0.026828,0.026625
50,0.99,4.0,5,1,0.010000,-3.880000,0.020000,3.397318,0.223157,1.151365e+01,4.971601e-02,0.027472,0.027000
50,0.99,2.0,20,1,0.059091,-0.316462,0.008462,0.358836,0.059350,2.950070e+00,3.509561e-03,0.027821,0.027739
50,0.99,2.0,20,1,0.034545,-0.541316,0.008684,0.613799,0.078957,2.492191e+00,6.210034e-03,0.028203,0.028227
50,0.99,2.0,20,1,0.050909,-0.367321,0.009821,0.416507,0.068888,2.826321e+00,4.726615e-03,0.028405,0.028180
50,0.99,2.0,20,1,0.026364,-0.709310,0.007586,0.804289,0.084646,2.300608e+00,7.140288e-03,0.028491,0.028464
50,0.99,2.0,20,1,0.067273,-0.277973,0.008919,0.315194,0.056990,3.051561e+00,3.235368e-03,0.028373,0.028293
50,0.99,2.0,20,1,0.042727,-0.437660,0.011702,0.496263,0.082079,2.674619e+00,6.714504e-03,0.029118,0.029210
50,0.99,2.0,20,1,0.100000,-0.187000,0.008000,0.212040,0.044088,3.318309e+00,1.938533e-03,0.028870,0.028477
50,0.99,2.0,20,1,0.083636,-0.223587,0.008370,0.253526,0.049411,3.206492e+00,2.433216e-03,0.028985,0.028904
50,0.99,2.0,20,1,0.091818,-0.203663,0.008713,0.230934,0.048017,3.266625e+00,2.297174e-03,0.029377,0.028340
50,0.99,2.0,20,1,0.075455,-0.247831,0.009277,0.281016,0.054769,3.135760e+00,2.987775e-03,0.029539,0.029330
50,0.99,4.0,5,1,0.050909,-0.762143,0.009821,0.667330,0.068888,1.102049e+01,4.726913e-03,0.025139,0.025232
50,0.99,4.0,5,1,0.026364,-1.471724,0.011379,1.288638,0.103460,8.118963e+00,1.066586e-02,0.025676,0.025674
50,0.99,4.0,5,1,0.067273,-0.576757,0.008919,0.505007,0.056990,1.207116e+01,3.235012e-03,0.025430,0.025515
50,0.99,4.0,5,1,0.034545,-1.123158,0.011579,0.983434,0.090987,9.322348e+00,8.250950e-03,0.025897,0.025810
50,0.99,4.0,5,1,0.042727,-0.908085,0.011702,0.795117,0.082079,1.027865e+01,6.716164e-03,0.026034,0.026287
50,0.99,4.0,5,1,0.059091,-0.656615,0.008462,0.574931,0.059350,1.160370e+01,3.508874e-03,0.025806,0.026001
50,0.99,4.0,5,1,0.075455,-0.514217,0.009277,0.450247,0.054769,1.245294e+01,2.987678e-03,0.026089,0.025990
50,0.99,4.0,5,1,0.083636,-0.463913,0.008370,0.406201,0.049411,1.277004e+01,2.432462e-03,0.025447,0.025690
50,0.99,4.0,5,1,0.091818,-0.422574,0.008713,0.370005,0.048017,1.303731e+01,2.296669e-03,0.025427,0.025421
50,0.99,4.0,10,1,0.010000,-3.880000,0.020000,3.397318,0.223157,1.151365e+01,4.971601e-02,0.025899,0.025887
50,0.99,4.0,5,1,0.100000,-0.388000,0.008000,0.339732,0.044088,1.326547e+01,1.937511e-03,0.026087,0.025989
50,0.99,4.0,10,1,0.018182,-2.134000,0.016500,1.868525,0.150018,7.013189e+00,2.246811e-02,0.026569,0.027005
50,0.99,4.0,10,1,0.026364,-1.471724,0.011379,1.288638,0.103460,8.118964e+00,1.066586e-02,0.026376,0.026304
50,0.99,4.0,10,1,0.034545,-1.123158,0.011579,0.983434,0.090987,9.322348e+00,8.250950e-03,0.026354,0.026518
50,0.99,4.0,10,1,0.059091,-0.656615,0.008462,0.574931,0.059350,1.160370e+01,3.508874e-03,0.026189,0.026324
50,0.99,4.0,10,1,0.050909,-0.762143,0.009821,0.667330,0.068888,1.102049e+01,4.726913e-03,0.026771,0.026858
50,0.99,4.0,10,1,0.042727,-0.908085,0.011702,0.795117,0.082079,1.027865e+01,6.716164e-03,0.026817,0.026885
50,0.99,4.0,10,1,0.083636,-0.463913,0.008370,0.406201,0.049411,1.277004e+01,2.432462e-03,0.026143,0.026182
50,0.99,4.0,10,1,0.075455,-0.514217,0.009277,0.450247,0.054769,1.245294e+01,2.987678e-03,0.026464,0.026405
50,0.99,4.0,10,1,0.067273,-0.576757,0.008919,0.505007,0.056990,1.207116e+01,3.235012e-03,0.026698,0.026993
50,0.99,4.0,10,1,0.100000,-0.388000,0.008000,0.339732,0.044088,1.326547e+01,1.937511e-03,0.026540,0.026461
50,0.99,4.0,10,1,0.091818,-0.422574,0.008713,0.370005,0.048017,1.303731e+01,2.296669e-03,0.027362,0.027309
50,0.99,4.0,15,1,0.010000,-3.880000,0.020000,3.397318,0.223157,1.151365e+01,4.971601e-02,0.027465,0.027670
50,0.99,4.0,15,1,0.018182,-2.134000,0.016500,1.868525,0.150018,7.013189e+00,2.246811e-02,0.027588,0.027708
50,0.99,4.0,15,1,0.042727,-0.908085,0.011702,0.795117,0.082079,1.027865e+01,6.716164e-03,0.027732,0.027617
50,0.99,4.0,15,1,0.026364,-1.471724,0.011379,1.288638,0.103460,8.118964e+00,1.066586e-02,0.028681,0.028695
50,0.99,4.0,15,1,0.034545,-1.123158,0.011579,0.983434,0.090987,9.322348e+00,8.250950e-03,0.028355,0.028724
50,0.99,4.0,15,1,0.059091,-0.656615,0.008462,0.574931,0.059350,1.160370e+01,3.508874e-03,0.028178,0.028346
50,0.99,4.0,15,1,0.075455,-0.514217,0.009277,0.450247,0.054769,1.245294e+01,2.987678e-03,0.027721,0.028140
50,0.99,4.0,15,1,0.083636,-0.463913,0.008370,0.406201,0.049411,1.277004e+01,2.432462e-03,0.028019,0.028080
50,0.99,4.0,15,1,0.091818,-0.422574,0.008713,0.370005,0.048017,1.303731e+01,2.296669e-03,0.027330,0.027312
50,0.99,4.0,15,1,0.067273,-0.576757,0.008919,0.505007,0.056990,1.207116e+01,3.235012e-03,0.028545,0.028882
50,0.99,4.0,15,1,0.050909,-0.762143,0.009821,0.667330,0.068888,1.102049e+01,4.726913e-03,0.029069,0.029073
50,0.99,4.0,15,1,0.100000,-0.388000,0.008000,0.339732,0.044088,1.326547e+01,1.937511e-03,0.028566,0.028719
50,0.99,4.0,20,1,0.010000,-3.880000,0.020000,3.397318,0.223157,1.151365e+01,4.971601e-02,0.029324,0.028956
50,0.99,4.0,20,1,0.018182,-2.134000,0.016500,1.868525,0.150018,7.013189e+00,2.246811e-02,0.029209,0.029380
50,0.99,4.0,20,1,0.026364,-1.471724,0.011379,1.288638,0.103460,8.118964e+00,1.066586e-02,0.028156,0.028057
50,0.99,4.0,20,1,0.034545,-1.123158,0.011579,0.983434,0.090987,9.322348e+00,8.250950e-03,0.028584,0.028734
50,0.99,4.0,20,1,0.059091,-0.656615,0.008462,0.574931,0.059350,1.160370e+01,3.508874e-03,0.028513,0.028670
50,0.99,4.0,20,1,0.042727,-0.908085,0.011702,0.795117,0.082079,1.027865e+01,6.716164e-03,0.029141,0.029100
50,0.99,4.0,20,1,0.075455,-0.514217,0.009277,0.450247,0.054769,1.245294e+01,2.987678e-03,0.028456,0.028582
50,0.99,4.0,20,1,0.083636,-0.463913,0.008370,0.406201,0.049411,1.277004e+01,2.432462e-03,0.028314,0.028063
50,0.99,4.0,20,1,0.050909,-0.762143,0.009821,0.667330,0.068888,1.102049e+01,4.726913e-03,0.029618,0.029374
50,0.99,4.0,20,1,0.091818,-0.422574,0.008713,0.370005,0.048017,1.303731e+01,2.296669e-03,0.028780,0.028937
50,0.99,4.0,20,1,0.100000,-0.388000,0.008000,0.339732,0.044088,1.326547e+01,1.937511e-03,0.028291,0.028262
50,0.99,4.0,20,1,0.067273,-0.576757,0.008919,0.505007,0.056990,1.207116e+01,3.235012e-03,0.030486,0.030002
50,0.99,8.0,5,1,0.010000,-7.460000,0.000000,4.768580,0.000000,2.283972e+01,6.873793e-05,0.027945,0.027892
50,0.99,8.0,5,1,0.018182,-4.103000,0.005500,2.622719,0.086963,2.124859e+01,7.540039e-03,0.026491,0.027661
50,0.99,8.0,5,1,0.026364,-2.829655,0.003793,1.808772,0.059974,2.894058e+01,3.602750e-03,0.026311,0.026543
50,0.99,8.0,5,1,0.059091,-1.262462,0.005077,0.806991,0.046159,4.467100e+01,2.132483e-03,0.025580,0.025850
50,0.99,8.0,5,1,0.050909,-1.465357,0.005893,0.936685,0.053578,4.224501e+01,2.864838e-03,0.026176,0.026258
50,0.99,8.0,5,1,0.042727,-1.745957,0.002340,1.116051,0.037005,3.908080e+01,1.399328e-03,0.026230,0.026409
50,0.99,8.0,5,1,0.034545,-2.159474,0.002895,1.380378,0.045770,3.482159e+01,2.115614e-03,0.026874,0.027010
50,0.99,8.0,5,1,0.083636,-0.891957,0.005978,0.570156,0.041932,4.939997e+01,1.756589e-03,0.025734,0.025743
50,0.99,8.0,5,1,0.067273,-1.108919,0.004459,0.708843,0.040545,4.658388e+01,1.652024e-03,0.026818,0.026621
50,0.99,8.0,5,1,0.091818,-0.812475,0.005446,0.519350,0.038195,5.046476e+01,1.461139e-03,0.025932,0.026161
50,0.99,8.0,5,1,0.075455,-0.988675,0.005301,0.631981,0.041656,4.812825e+01,1.737258e-03,0.027132,0.026967
50,0.99,8.0,5,1,0.100000,-0.746000,0.007000,0.476858,0.041326,5.136896e+01,1.702666e-03,0.027311,0.027105
50,0.99,8.0,10,1,0.018182,-4.103000,0.005500,2.622719,0.086963,2.124859e+01,7.540039e-03,0.026992,0.026977
50,0.99,8.0,10,1,0.010000,-7.460000,0.000000,4.768580,0.000000,2.283972e+01,6.873793e-05,0.027867,0.027998
50,0.99,8.0,10,1,0.026364,-2.829655,0.003793,1.808772,0.059974,2.894058e+01,3.602750e-03,0.026870,0.027060
50,0.99,8.0,10,1,0.034545,-2.159474,0.002895,1.380378,0.045770,3.482159e+01,2.115614e-03,0.026346,0.026600
50,0.99,8.0,10,1,0.042727,-1.745957,0.002340,1.116051,0.037005,3.908080e+01,1.399328e-03,0.027074,0.027211
50,0.99,8.0,10,1,0.075455,-0.988675,0.005301,0.631981,0.041656,4.812826e+01,1.737258e-03,0.026627,0.026761
50,0.99,8.0,10,1,0.059091,-1.262462,0.005077,0.806991,0.046159,4.467101e+01,2.132483e-03,0.027520,0.027654
50,0.99,8.0,10,1,0.050909,-1.465357,0.005893,0.936685,0.053578,4.224502e+01,2.864838e-03,0.027665,0.027904
50,0.99,8.0,10,1,0.067273,-1.108919,0.004459,0.708843,0.040545,4.658389e+01,1.652024e-03,0.027559,0.027681
50,0.99,8.0,10,1,0.083636,-0.891957,0.005978,0.570156,0.041932,4.939998e+01,1.756589e-03,0.027307,0.027668
50,0.99,8.0,10,1,0.091818,-0.812475,0.005446,0.519350,0.038195,5.046477e+01,1.461139e-03,0.027460,0.027571
50,0.99,8.0,10,1,0.100000,-0.746000,0.007000,0.476858,0.041326,5.136897e+01,1.702666e-03,0.028247,0.028051
50,0.99,8.0,15,1,0.010000,-7.460000,0.000000,4.768580,0.000000,2.283972e+01,6.873793e-05,0.028411,0.028652
50,0.99,8.0,15,1,0.018182,-4.103000,0.005500,2.622719,0.086963,2.124859e+01,7.540039e-03,0.028167,0.028977
50,0.99,8.0,15,1,0.026364,-2.829655,0.003793,1.808772,0.059974,2.894058e+01,3.602750e-03,0.027596,0.027883
50,0.99,8.0,15,1,0.034545,-2.159474,0.002895,1.380378,0.045770,3.482159e+01,2.115614e-03,0.027942,0.027873
50,0.99,8.0,15,1,0.042727,-1.745957,0.002340,1.116051,0.037005,3.908080e+01,1.399328e-03,0.028360,0.028418
50,0.99,8.0,15,1,0.067273,-1.108919,0.004459,0.708843,0.040545,4.658389e+01,1.652024e-03,0.027694,0.027959
50,0.99,8.0,15,1,0.050909,-1.465357,0.005893,0.936685,0.053578,4.224502e+01,2.864838e-03,0.028424,0.028534
50,0.99,8.0,15,1,0.075455,-0.988675,0.005301,0.631981,0.041656,4.812826e+01,1.737258e-03,0.027893,0.028322
50,0.99,8.0,15,1,0.059091,-1.262462,0.005077,0.806991,0.046159,4.467101e+01,2.132483e-03,0.028990,0.029211
50,0.99,8.0,15,1,0.083636,-0.891957,0.005978,0.570156,0.041932,4.939998e+01,1.756589e-03,0.028374,0.027911
50,0.99,8.0,15,1,0.091818,-0.812475,0.005446,0.519350,0.038195,5.046477e+01,1.461139e-03,0.028990,0.029073
50,0.99,8.0,15,1,0.100000,-0.746000,0.007000,0.476858,0.041326,5.136897e+01,1.702666e-03,0.029037,0.029291
50,0.99,8.0,20,1,0.018182,-4.103000,0.005500,2.622719,0.086963,2.124859e+01,7.540039e-03,0.029215,0.029352
50,0.99,8.0,20,1,0.010000,-7.460000,0.000000,4.768580,0.000000,2.283972e+01,6.873793e-05,0.030339,0.030899
50,0.99,8.0,20,1,0.034545,-2.159474,0.002895,1.380378,0.045770,3.482159e+01,2.115614e-03,0.030635,0.030246
50,0.99,8.0,20,1,0.026364,-2.829655,0.003793,1.808772,0.059974,2.894058e+01,3.602750e-03,0.031517,0.030965
50,0.99,8.0,20,1,0.050909,-1.465357,0.005893,0.936685,0.053578,4.224502e+01,2.864838e-03,0.030614,0.031191
50,0.99,8.0,20,1,0.067273,-1.108919,0.004459,0.708843,0.040545,4.658389e+01,1.652024e-03,0.030299,0.030399
50,0.99,8.0,20,1,0.042727,-1.745957,0.002340,1.116051,0.037005,3.908080e+01,1.399328e-03,0.031186,0.031068
50,0.99,8.0,20,1,0.059091,-1.262462,0.005077,0.806991,0.046159,4.467101e+01,2.132483e-03,0.030699,0.031048
50,0.99,8.0,20,1,0.083636,-0.891957,0.005978,0.570156,0.041932,4.939998e+01,1.756589e-03,0.030104,0.030387
50,0.99,8.0,20,1,0.075455,-0.988675,0.005301,0.631981,0.041656,4.812826e+01,1.737258e-03,0.030752,0.031049
50,0.99,8.0,20,1,0.091818,-0.812475,0.005446,0.519350,0.038195,5.046477e+01,1.461139e-03,0.030449,0.030740
50,0.99,8.0,20,1,0.100000,-0.746000,0.007000,0.476858,0.041326,5.136897e+01,1.702666e-03,0.030022,0.030125
50,0.99,16.0,5,1,0.010000,-13.550000,0.000000,6.644479,0.000000,4.484389e+01,4.121781e-05,0.027920,0.028752
50,0.99,16.0,5,1,0.018182,-7.452500,0.005500,3.654463,0.086963,6.273640e+01,7.533097e-03,0.027628,0.027705
50,0.99,16.0,5,1,0.034545,-3.922368,0.005789,1.923402,0.064598,1.152218e+02,4.156630e-03,0.026077,0.026417
50,0.99,16.0,5,1,0.026364,-5.139655,0.003793,2.520319,0.059974,9.363372e+01,3.589422e-03,0.027619,0.027968
50,0.99,16.0,5,1,0.075455,-1.795783,0.010602,0.880594,0.065543,1.617501e+02,4.296139e-03,0.026503,0.026534
50,0.99,16.0,5,1,0.067273,-2.014189,0.008919,0.987693,0.066009,1.564549e+02,4.345981e-03,0.026938,0.027577
50,0.99,16.0,5,1,0.059091,-2.293077,0.010154,1.124450,0.075149,1.498653e+02,5.638651e-03,0.026867,0.027970
50,0.99,16.0,5,1,0.042727,-3.171277,0.009362,1.555091,0.090340,1.303746e+02,8.137399e-03,0.027748,0.027967
50,0.99,16.0,5,1,0.050909,-2.661607,0.007857,1.305165,0.075821,1.414534e+02,5.727958e-03,0.028076,0.028352
50,0.99,16.0,5,1,0.083636,-1.620109,0.010761,0.794449,0.061894,1.660950e+02,3.834402e-03,0.027773,0.028285
50,0.99,16.0,5,1,0.091818,-1.475743,0.009802,0.723656,0.056379,1.697229e+02,3.177293e-03,0.026866,0.027594
50,0.99,16.0,5,1,0.100000,-1.355000,0.009000,0.664448,0.051766,1.727968e+02,2.675656e-03,0.027132,0.027219
50,0.99,16.0,10,1,0.010000,-13.550000,0.000000,6.644479,0.000000,4.484389e+01,4.121781e-05,0.028862,0.029019
50,0.99,16.0,10,1,0.018182,-7.452500,0.005500,3.654463,0.086963,6.273642e+01,7.533097e-03,0.028289,0.029376
50,0.99,16.0,10,1,0.026364,-5.139655,0.003793,2.520319,0.059974,9.363375e+01,3.589422e-03,0.029271,0.030164
50,0.99,16.0,10,1,0.034545,-3.922368,0.005789,1.923402,0.064598,1.152218e+02,4.156630e-03,0.028959,0.029264
50,0.99,16.0,10,1,0.050909,-2.661607,0.007857,1.305165,0.075821,1.414534e+02,5.727958e-03,0.028603,0.028812
50,0.99,16.0,10,1,0.042727,-3.171277,0.009362,1.555091,0.090340,1.303747e+02,8.137399e-03,0.029075,0.029223
50,0.99,16.0,10,1,0.059091,-2.293077,0.010154,1.124450,0.075149,1.498654e+02,5.638651e-03,0.028932,0.028953
50,0.99,16.0,10,1,0.075455,-1.795783,0.010602,0.880594,0.065543,1.617501e+02,4.296139e-03,0.029532,0.029567
50,0.99,16.0,10,1,0.067273,-2.014189,0.008919,0.987693,0.066009,1.564550e+02,4.345981e-03,0.029924,0.030172
50,0.99,16.0,10,1,0.083636,-1.620109,0.010761,0.794449,0.061894,1.660951e+02,3.834402e-03,0.029502,0.029592
50,0.99,16.0,10,1,0.091818,-1.475743,0.009802,0.723656,0.056379,1.697229e+02,3.177293e-03,0.029975,0.030353
50,0.99,16.0,10,1,0.100000,-1.355000,0.009000,0.664448,0.051766,1.727968e+02,2.675656e-03,0.030394,0.030225
50,0.99,16.0,15,1,0.010000,-13.550000,0.000000,6.644479,0.000000,4.484389e+01,4.121781e-05,0.030007,0.030227
50,0.99,16.0,15,1,0.018182,-7.452500,0.005500,3.654463,0.086963,6.273642e+01,7.533097e-03,0.030895,0.031091
50,0.99,16.0,15,1,0.026364,-5.139655,0.003793,2.520319,0.059974,9.363375e+01,3.589422e-03,0.030289,0.030337
50,0.99,16.0,15,1,0.034545,-3.922368,0.005789,1.923402,0.064598,1.152218e+02,4.156630e-03,0.029684,0.029997
50,0.99,16.0,15,1,0.042727,-3.171277,0.009362,1.555091,0.090340,1.303747e+02,8.137399e-03,0.030413,0.030867
50,0.99,16.0,15,1,0.059091,-2.293077,0.010154,1.124450,0.075149,1.498654e+02,5.638651e-03,0.030760,0.030952
50,0.99,16.0,15,1,0.067273,-2.014189,0.008919,0.987693,0.066009,1.564550e+02,4.345981e-03,0.029865,0.029878
50,0.99,16.0,15,1,0.050909,-2.661607,0.007857,1.305165,0.075821,1.414534e+02,5.727958e-03,0.031547,0.031861
50,0.99,16.0,15,1,0.075455,-1.795783,0.010602,0.880594,0.065543,1.617501e+02,4.296139e-03,0.031155,0.031659
50,0.99,16.0,15,1,0.083636,-1.620109,0.010761,0.794449,0.061894,1.660951e+02,3.834402e-03,0.030952,0.031107
50,0.99,16.0,15,1,0.091818,-1.475743,0.009802,0.723656,0.056379,1.697229e+02,3.177293e-03,0.030569,0.030572
50,0.99,16.0,15,1,0.100000,-1.355000,0.009000,0.664448,0.051766,1.727968e+02,2.675656e-03,0.031577,0.031870
50,0.99,16.0,20,1,0.010000,-13.550000,0.000000,6.644479,0.000000,4.484389e+01,4.121781e-05,0.031335,0.031368
50,0.99,16.0,20,1,0.018182,-7.452500,0.005500,3.654463,0.086963,6.273642e+01,7.533097e-03,0.032181,0.032784
50,0.99,16.0,20,1,0.026364,-5.139655,0.003793,2.520319,0.059974,9.363375e+01,3.589422e-03,0.031652,0.030727
50,0.99,16.0,20,1,0.034545,-3.922368,0.005789,1.923402,0.064598,1.152218e+02,4.156630e-03,0.032421,0.032549
50,0.99,16.0,20,1,0.050909,-2.661607,0.007857,1.305165,0.075821,1.414534e+02,5.727958e-03,0.031245,0.031769
50,0.99,16.0,20,1,0.067273,-2.014189,0.008919,0.987693,0.066009,1.564550e+02,4.345981e-03,0.030769,0.031140
50,0.99,16.0,20,1,0.059091,-2.293077,0.010154,1.124450,0.075149,1.498654e+02,5.638651e-03,0.031194,0.031629
50,0.99,16.0,20,1,0.042727,-3.171277,0.009362,1.555091,0.090340,1.303747e+02,8.137399e-03,0.031809,0.032893
50,0.99,16.0,20,1,0.091818,-1.475743,0.009802,0.723656,0.056379,1.697229e+02,3.177293e-03,0.030737,0.031229
50,0.99,16.0,20,1,0.075455,-1.795783,0.010602,0.880594,0.065543,1.617501e+02,4.296139e-03,0.031905,0.032433
50,0.99,16.0,20,1,0.083636,-1.620109,0.010761,0.794449,0.061894,1.660951e+02,3.834402e-03,0.031795,0.032519
50,0.99,16.0,20,1,0.100000,-1.355000,0.009000,0.664448,0.051766,1.727968e+02,2.675656e-03,0.029971,0.030599
100,0.01,1.0,5,1,0.010000,-10.740000,9.250000,15.319633,10.355746,2.337947e+02,1.081441e+02,0.039656,0.038953
100,0.01,1.0,5,1,0.018182,-10.598500,9.405000,11.006102,7.630144,1.207703e+02,5.898411e+01,0.038648,0.038368
100,0.01,1.0,5,1,0.026364,-10.286897,9.558621,8.340426,6.318906,6.971851e+01,4.048342e+01,0.039609,0.039690
100,0.01,1.0,5,1,0.034545,-10.105526,9.680000,7.115897,5.899355,5.113938e+01,3.518727e+01,0.038299,0.038643
100,0.01,1.0,5,1,0.059091,-9.720615,10.526154,5.229659,5.266951,2.874082e+01,2.764475e+01,0.038102,0.038897
100,0.01,1.0,5,1,0.050909,-9.795893,10.324286,5.663254,5.208167,3.326627e+01,2.702285e+01,0.039202,0.039446
100,0.01,1.0,5,1,0.042727,-9.911702,10.328298,6.121629,5.673632,3.839365e+01,3.206706e+01,0.039406,0.039588
100,0.01,1.0,5,1,0.067273,-9.694865,10.732432,4.824939,4.937560,2.475156e+01,2.438988e+01,0.039428,0.039713
100,0.01,1.0,5,1,0.083636,-9.609457,11.013152,4.415899,4.911018,2.120777e+01,2.439277e+01,0.038347,0.039224
100,0.01,1.0,5,1,0.075455,-9.653494,10.886024,4.439309,4.791654,2.129849e+01,2.310052e+01,0.039216,0.039747
100,0.01,1.0,5,1,0.091818,-9.593960,11.191683,4.204494,4.927807,1.943432e+01,2.480669e+01,0.039577,0.040380
100,0.01,1.0,5,1,0.100000,-9.536000,11.211000,4.084659,4.653315,1.860503e+01,2.221807e+01,0.038650,0.039749
100,0.01,1.0,10,1,0.010000,-17.740000,14.320000,22.550532,17.704275,5.065352e+02,3.165178e+02,0.044408,0.043761
100,0.01,1.0,10,1,0.018182,-17.374500,15.636500,16.255650,14.103401,2.635169e+02,1.986946e+02,0.043964,0.044246
100,0.01,1.0,10,1,0.034545,-16.908158,15.533158,11.863000,10.787544,1.412470e+02,1.166586e+02,0.043265,0.044000
100,0.01,1.0,10,1,0.026364,-17.008276,15.487241,13.277899,11.303757,1.764786e+02,1.280986e+02,0.043918,0.043931
100,0.01,1.0,10,1,0.042727,-16.481277,16.497660,10.439537,10.126427,1.106963e+02,1.021437e+02,0.042443,0.043621
100,0.01,1.0,10,1,0.050909,-16.120893,16.633571,9.712334,9.089386,9.728677e+01,8.234060e+01,0.042151,0.043258
100,0.01,1.0,10,1,0.059091,-15.943231,17.246308,8.890238,9.574455,8.273528e+01,9.201820e+01,0.043020,0.044598
100,0.01,1.0,10,1,0.067273,-15.841486,17.429054,8.184639,8.726254,7.115355e+01,7.690000e+01,0.044073,0.045523
100,0.01,1.0,10,1,0.075455,-15.573614,17.666265,7.611220,8.348696,6.333189e+01,7.102305e+01,0.041899,0.045024
100,0.01,1.0,10,1,0.083636,-15.422717,17.855870,7.449771,8.499040,6.164908e+01,7.406164e+01,0.044091,0.046604
100,0.01,1.0,10,1,0.100000,-15.048000,18.257000,6.836898,8.136092,5.496039e+01,6.937626e+01,0.042896,0.045388
100,0.01,1.0,10,1,0.091818,-15.271485,18.124950,7.094502,8.519247,5.728900e+01,7.525956e+01,0.043453,0.046216
100,0.01,1.0,15,1,0.010000,-18.800000,15.030000,23.320277,19.525601,5.416601e+02,3.838476e+02,0.044614,0.045270
100,0.01,1.0,15,1,0.018182,-18.117000,16.164500,16.669453,14.913459,2.772365e+02,2.223247e+02,0.044487,0.044720
100,0.01,1.0,15,1,0.034545,-17.802632,16.112105,12.713352,11.526932,1.619934e+02,1.332384e+02,0.045337,0.045099
100,0.01,1.0,15,1,0.026364,-17.782069,16.105517,14.169908,12.021603,2.010355e+02,1.448531e+02,0.045165,0.045897
100,0.01,1.0,15,1,0.042727,-17.223191,17.012553,11.157296,10.627534,1.264986e+02,1.124950e+02,0.044518,0.045430
100,0.01,1.0,15,1,0.050909,-16.849643,17.189464,10.394939,9.562976,1.114574e+02,9.110131e+01,0.044560,0.046327
100,0.01,1.0,15,1,0.059091,-16.648923,17.968923,9.530581,10.374675,9.512986e+01,1.080283e+02,0.044768,0.046474
100,0.01,1.0,15,1,0.075455,-16.287952,18.274578,8.354060,8.926046,7.586135e+01,8.082923e+01,0.044721,0.046689
100,0.01,1.0,15,1,0.067273,-16.565405,18.048919,8.950858,9.388418,8.482622e+01,8.876650e+01,0.045814,0.047959
100,0.01,1.0,15,1,0.083636,-16.124565,18.558913,8.160678,9.027454,7.353062e+01,8.341374e+01,0.044429,0.046660
100,0.01,1.0,15,1,0.091818,-16.003366,18.847030,7.863403,8.964014,6.945123e+01,8.322329e+01,0.044743,0.047160
100,0.01,1.0,15,1,0.100000,-15.734000,18.962000,7.537340,8.590854,6.603317e+01,7.712268e+01,0.044445,0.047369
100,0.01,1.0,20,1,0.010000,-18.820000,15.090000,23.294379,19.506124,5.404586e+02,3.829740e+02,0.046627,0.046554
100,0.01,1.0,20,1,0.018182,-18.144500,16.203000,16.669257,14.885487,2.772534e+02,2.214813e+02,0.046831,0.047076
100,0.01,1.0,20,1,0.026364,-17.854138,16.120690,14.295126,12.031822,2.045292e+02,1.451287e+02,0.046155,0.047027
100,0.01,1.0,20,1,0.034545,-17.903947,16.120789,12.800085,11.528152,1.640859e+02,1.333095e+02,0.047347,0.049006
100,0.01,1.0,20,1,0.042727,-17.302766,17.019574,11.228769,10.615787,1.279815e+02,1.122494e+02,0.046529,0.048351
100,0.01,1.0,20,1,0.050909,-16.914464,17.189464,10.450508,9.553553,1.125308e+02,9.091484e+01,0.046057,0.047952
100,0.01,1.0,20,1,0.059091,-16.718308,18.004462,9.563688,10.408413,9.565152e+01,1.087347e+02,0.045597,0.047105
100,0.01,1.0,20,1,0.067273,-16.626351,18.062297,8.986449,9.403189,8.538737e+01,8.900818e+01,0.046685,0.049068
100,0.01,1.0,20,1,0.075455,-16.347590,18.301084,8.385940,8.930297,7.631546e+01,8.089362e+01,0.046370,0.048648
100,0.01,1.0,20,1,0.083636,-16.187935,18.591196,8.194328,9.037095,7.397641e+01,8.359066e+01,0.045414,0.047687
100,0.01,1.0,20,1,0.091818,-16.070891,18.878614,7.890888,8.968977,6.975240e+01,8.331355e+01,0.044964,0.047646
100,0.01,1.0,20,1,0.100000,-15.796000,18.993000,7.561852,8.599769,6.629288e+01,7.727484e+01,0.045961,0.048919
100,0.01,2.0,5,1,0.010000,-80.850000,36.270000,44.238339,34.658577,1.950777e+03,1.210694e+03,0.049475,0.048938
100,0.01,2.0,5,1,0.018182,-79.156000,35.970000,31.780000,23.972297,1.006122e+03,5.844770e+02,0.048711,0.048479
100,0.01,2.0,5,1,0.026364,-77.678966,34.923103,24.395219,18.846476,5.964189e+02,3.596849e+02,0.048350,0.048444
100,0.01,2.0,5,1,0.042727,-76.487447,34.415957,19.995778,13.875451,4.078912e+02,1.954641e+02,0.047946,0.048349
100,0.01,2.0,5,1,0.059091,-75.003077,33.925692,17.865584,12.508153,3.389918e+02,1.578869e+02,0.047450,0.047890
100,0.01,2.0,5,1,0.050909,-75.619107,34.396607,18.814352,13.393143,3.683748e+02,1.822908e+02,0.048778,0.049223
100,0.01,2.0,5,1,0.034545,-77.373421,34.965526,21.739340,16.168550,4.756457e+02,2.665004e+02,0.049524,0.049553
100,0.01,2.0,5,1,0.067273,-74.553243,34.108919,16.795946,11.686214,3.063988e+02,1.386395e+02,0.048986,0.049327
100,0.01,2.0,5,1,0.075455,-74.071084,34.109277,16.470310,11.036583,3.007041e+02,1.239383e+02,0.049373,0.049141
100,0.01,2.0,5,1,0.083636,-73.415435,33.930217,15.975991,10.478466,2.924034e+02,1.114309e+02,0.048941,0.049235
100,0.01,2.0,5,1,0.091818,-72.886436,33.888713,15.541142,10.041891,2.855712e+02,1.023903e+02,0.048151,0.049088
100,0.01,2.0,5,1,0.100000,-72.028000,33.759000,14.855334,9.730359,2.770638e+02,9.590942e+01,0.049646,0.050193
100,0.01,2.0,10,1,0.010000,-113.790000,43.610000,80.063108,60.176221,6.385821e+03,3.638140e+03,0.066432,0.065646
100,0.01,2.0,10,1,0.018182,-114.796000,40.760500,63.598520,48.406930,4.028618e+03,2.341466e+03,0.068868,0.067861
100,0.01,2.0,10,1,0.026364,-112.867586,40.225862,50.647395,39.104183,2.559261e+03,1.527965e+03,0.067457,0.067146
100,0.01,2.0,10,1,0.034545,-113.476579,41.814474,44.595362,33.809408,1.982981e+03,1.153037e+03,0.068276,0.067719
100,0.01,2.0,10,1,0.050909,-112.704821,40.507500,36.226249,26.748230,1.312162e+03,7.188824e+02,0.068011,0.068163
100,0.01,2.0,10,1,0.042727,-113.372553,40.384043,41.240780,29.395384,1.696507e+03,8.663053e+02,0.069145,0.068791
100,0.01,2.0,10,1,0.059091,-112.223692,39.383385,32.435110,24.457063,1.055296e+03,5.976630e+02,0.069031,0.069429
100,0.01,2.0,10,1,0.075455,-111.712289,37.911566,29.228248,20.154421,8.613978e+02,4.045841e+02,0.067360,0.068392
100,0.01,2.0,10,1,0.083636,-111.054565,37.759891,28.317001,19.009546,8.138697e+02,3.599761e+02,0.067646,0.068470
100,0.01,2.0,10,1,0.067273,-111.825405,38.911757,29.672888,22.671570,8.867617e+02,5.127713e+02,0.069412,0.069842
100,0.01,2.0,10,1,0.091818,-111.201287,37.734356,27.995696,18.158440,7.947250e+02,3.284818e+02,0.068060,0.069737
100,0.01,2.0,10,1,0.100000,-110.150000,37.592000,26.205120,17.438749,7.070633e+02,3.030618e+02,0.068863,0.069328
100,0.01,2.0,15,1,0.010000,-112.030000,41.830000,83.147508,63.514269,6.898438e+03,4.039999e+03,0.073008,0.072776
100,0.01,2.0,15,1,0.018182,-113.371500,38.368000,67.373587,50.151287,4.525909e+03,2.506619e+03,0.073628,0.072556
100,0.01,2.0,15,1,0.026364,-112.006552,38.443103,54.525312,40.837418,2.973868e+03,1.662743e+03,0.071637,0.071281
100,0.01,2.0,15,1,0.034545,-112.657368,40.280263,47.533468,35.647084,2.258919e+03,1.275544e+03,0.072570,0.071825
100,0.01,2.0,15,1,0.050909,-112.461250,38.816250,38.009995,28.389718,1.448691e+03,8.055893e+02,0.071724,0.071426
100,0.01,2.0,15,1,0.042727,-112.672766,38.652128,43.376129,30.849570,1.882399e+03,9.502004e+02,0.071669,0.072016
100,0.01,2.0,15,1,0.059091,-111.952923,37.768923,33.862431,26.295358,1.155214e+03,6.890859e+02,0.071662,0.071985
100,0.01,2.0,15,1,0.075455,-112.229157,36.449759,30.799547,21.587486,9.560278e+02,4.646207e+02,0.070395,0.071266
100,0.01,2.0,15,1,0.067273,-111.927973,37.333108,31.510233,24.172518,1.002241e+03,5.820139e+02,0.072035,0.072776
100,0.01,2.0,15,1,0.083636,-111.701413,36.262935,29.918538,20.388380,9.065611e+02,4.147783e+02,0.070984,0.072021
100,0.01,2.0,15,1,0.091818,-111.951683,36.259703,29.800386,19.467435,8.976560e+02,3.782258e+02,0.071354,0.072819
100,0.01,2.0,15,1,0.100000,-111.164000,36.535000,27.827695,18.734887,7.907605e+02,3.499483e+02,0.071543,0.072178
100,0.01,2.0,20,1,0.010000,-111.750000,41.860000,82.797247,64.716639,6.842847e+03,4.194474e+03,0.072790,0.072550
100,0.01,2.0,20,1,0.018182,-112.816000,38.269000,67.289321,50.258760,4.517536e+03,2.517287e+03,0.073831,0.073398
100,0.01,2.0,20,1,0.026364,-111.847241,38.298966,54.682609,40.774550,2.992370e+03,1.657434e+03,0.071741,0.071558
100,0.01,2.0,20,1,0.034545,-112.535789,40.152895,47.781308,35.649277,2.283360e+03,1.275317e+03,0.072869,0.072042
100,0.01,2.0,20,1,0.050909,-112.288393,38.865357,38.205242,28.519671,1.464822e+03,8.133562e+02,0.072462,0.072728
100,0.01,2.0,20,1,0.042727,-112.459787,38.640426,43.540851,30.883233,1.898134e+03,9.524381e+02,0.072404,0.073320
100,0.01,2.0,20,1,0.059091,-111.766769,37.804462,33.831945,26.432398,1.154777e+03,6.964224e+02,0.073686,0.074686
100,0.01,2.0,20,1,0.075455,-112.207952,36.461687,30.885228,21.737828,9.616420e+02,4.710081e+02,0.071070,0.071275
100,0.01,2.0,20,1,0.067273,-111.819459,37.318243,31.517811,24.287847,1.003752e+03,5.876036e+02,0.072727,0.073290
100,0.01,2.0,20,1,0.083636,-111.696630,36.247391,30.011975,20.541229,9.124144e+02,4.209243e+02,0.073181,0.073860
100,0.01,2.0,20,1,0.091818,-111.969109,36.215050,29.846885,19.597930,9.005146e+02,3.832665e+02,0.073385,0.073639
100,0.01,2.0,20,1,0.100000,-111.184000,36.470000,27.958826,18.857559,7.981408e+02,3.545402e+02,0.072210,0.073306
100,0.01,4.0,5,1,0.010000,-105.130000,14.360000,67.276389,52.147559,4.508514e+03,2.734623e+03,0.053892,0.052490
100,0.01,4.0,5,1,0.018182,-102.366000,13.480500,47.812129,36.727366,2.288933e+03,1.361418e+03,0.053854,0.055028
100,0.01,4.0,5,1,0.026364,-102.466897,11.807931,39.452385,27.088438,1.561651e+03,7.374015e+02,0.055662,0.055837
100,0.01,4.0,5,1,0.042727,-104.214468,10.297872,34.244237,18.988309,1.170624e+03,3.602158e+02,0.053321,0.053313
100,0.01,4.0,5,1,0.034545,-102.800789,11.309737,37.576215,22.558437,1.415568e+03,5.110982e+02,0.055064,0.054449
100,0.01,4.0,5,1,0.050909,-103.714286,10.318393,30.712527,17.341205,9.440103e+02,3.006602e+02,0.054576,0.054178
100,0.01,4.0,5,1,0.059091,-103.682615,9.964308,29.344545,15.238598,8.623176e+02,2.317991e+02,0.054359,0.053893
100,0.01,4.0,5,1,0.067273,-103.657162,9.761757,26.426480,14.132949,7.003356e+02,1.992052e+02,0.053538,0.053832
100,0.01,4.0,5,1,0.075455,-105.067229,9.433494,26.117064,12.805663,6.799717e+02,1.633635e+02,0.054572,0.054157
100,0.01,4.0,5,1,0.083636,-105.374022,9.284239,25.563103,11.907113,6.510766e+02,1.412135e+02,0.053698,0.054041
100,0.01,4.0,5,1,0.091818,-106.446238,9.123465,24.503409,11.245310,5.983814e+02,1.259667e+02,0.054214,0.054057
100,0.01,4.0,5,1,0.100000,-106.059000,8.777000,23.562087,10.569550,5.529987e+02,1.114904e+02,0.055664,0.055185
100,0.01,4.0,10,1,0.010000,-100.620000,7.970000,75.493461,43.134050,5.677834e+03,1.855729e+03,0.061839,0.060853
100,0.01,4.0,10,1,0.018182,-97.069500,9.729500,52.652593,38.605323,2.766873e+03,1.495831e+03,0.061116,0.061232
100,0.01,4.0,10,1,0.026364,-97.103448,8.523103,47.399091,30.212375,2.243194e+03,9.138589e+02,0.062162,0.060724
100,0.01,4.0,10,1,0.042727,-99.269149,7.325532,41.179142,20.914557,1.688972e+03,4.366207e+02,0.059706,0.059316
100,0.01,4.0,10,1,0.050909,-98.925357,7.311071,36.630399,19.613520,1.336694e+03,3.840751e+02,0.061296,0.060883
100,0.01,4.0,10,1,0.034545,-97.732105,7.925789,45.788311,24.723602,2.091134e+03,6.112946e+02,0.064569,0.061486
100,0.01,4.0,10,1,0.067273,-97.697838,7.548378,30.980220,16.921562,9.590052e+02,2.866300e+02,0.061598,0.060721
100,0.01,4.0,10,1,0.059091,-98.829077,7.446154,34.222224,18.145205,1.166862e+03,3.291331e+02,0.062429,0.062059
100,0.01,4.0,10,1,0.083636,-98.250326,7.110543,28.165234,14.391698,7.915466e+02,2.068709e+02,0.060257,0.059941
100,0.01,4.0,10,1,0.075455,-98.404940,7.350120,30.295992,15.653987,9.152680e+02,2.450674e+02,0.062422,0.061348
100,0.01,4.0,10,1,0.091818,-98.832277,6.700198,26.975248,13.212290,7.251350e+02,1.739890e+02,0.062911,0.061414
100,0.01,4.0,10,1,0.100000,-98.506000,6.252000,25.268159,12.175672,6.368172e+02,1.476636e+02,0.060553,0.059932
100,0.01,4.0,15,1,0.010000,-100.370000,7.960000,75.515551,43.135031,5.680732e+03,1.855826e+03,0.060243,0.059975
100,0.01,4.0,15,1,0.018182,-97.229000,9.724000,53.088819,38.606420,2.811855e+03,1.495972e+03,0.057915,0.057481
100,0.01,4.0,15,1,0.026364,-97.179310,8.519310,47.780958,30.213270,2.278811e+03,9.139569e+02,0.059064,0.058517
100,0.01,4.0,15,1,0.034545,-97.714737,7.922895,45.948583,24.732486,2.105661e+03,6.117671e+02,0.059134,0.058817
100,0.01,4.0,15,1,0.042727,-99.278511,7.311489,41.451634,20.900158,1.711379e+03,4.360208e+02,0.060067,0.058887
100,0.01,4.0,15,1,0.050909,-98.848750,7.299286,36.868265,19.603408,1.354134e+03,3.836842e+02,0.059865,0.058992
100,0.01,4.0,15,1,0.059091,-98.764769,7.429231,34.392088,18.129027,1.178486e+03,3.285420e+02,0.060086,0.059121
100,0.01,4.0,15,1,0.067273,-97.613108,7.533514,31.014540,16.909067,9.612407e+02,2.862067e+02,0.059695,0.058956
100,0.01,4.0,15,1,0.083636,-98.226413,7.091413,28.225419,14.371715,7.948607e+02,2.062905e+02,0.059781,0.059059
100,0.01,4.0,15,1,0.075455,-98.410241,7.336867,30.318538,15.643778,9.165130e+02,2.447505e+02,0.060629,0.059160
100,0.01,4.0,15,1,0.091818,-98.795248,6.682772,27.004835,13.194526,7.267076e+02,1.735193e+02,0.059316,0.058481
100,0.01,4.0,15,1,0.100000,-98.480000,6.236000,25.322183,12.159181,6.394912e+02,1.472643e+02,0.061043,0.060822
100,0.01,4.0,20,1,0.010000,-100.370000,7.960000,75.515551,43.135031,5.680733e+03,1.855826e+03,0.060353,0.059974
100,0.01,4.0,20,1,0.018182,-97.229000,9.724000,53.088819,38.606420,2.811853e+03,1.495973e+03,0.061393,0.060242
100,0.01,4.0,20,1,0.026364,-97.179310,8.519310,47.780958,30.213270,2.278810e+03,9.139573e+02,0.059982,0.060006
100,0.01,4.0,20,1,0.034545,-97.714737,7.922895,45.948583,24.732486,2.105660e+03,6.117674e+02,0.059138,0.059200
100,0.01,4.0,20,1,0.050909,-98.848750,7.299286,36.868265,19.603408,1.354133e+03,3.836844e+02,0.059750,0.058936
100,0.01,4.0,20,1,0.042727,-99.278511,7.311489,41.451634,20.900158,1.711379e+03,4.360210e+02,0.060619,0.059863
100,0.01,4.0,20,1,0.059091,-98.764769,7.429231,34.392088,18.129027,1.178485e+03,3.285422e+02,0.061380,0.060771
100,0.01,4.0,20,1,0.067273,-97.613108,7.533514,31.014540,16.909067,9.612393e+02,2.862070e+02,0.061573,0.060724
100,0.01,4.0,20,1,0.075455,-98.410241,7.336867,30.318538,15.643778,9.165122e+02,2.447507e+02,0.060654,0.059983
100,0.01,4.0,20,1,0.083636,-98.226413,7.091413,28.225419,14.371715,7.948598e+02,2.062907e+02,0.060901,0.059773
100,0.01,4.0,20,1,0.091818,-98.795248,6.682772,27.004835,13.194526,7.267071e+02,1.735194e+02,0.060624,0.059267
100,0.01,4.0,20,1,0.100000,-98.480000,6.236000,25.322183,12.159181,6.394905e+02,1.472643e+02,0.060223,0.059355
100,0.01,8.0,5,1,0.010000,-103.090000,0.600000,63.056971,9.172050,3.974216e+03,8.486291e+01,0.052411,0.051570
100,0.01,8.0,5,1,0.018182,-102.481500,1.413500,45.382801,12.958783,2.061126e+03,1.673078e+02,0.051701,0.052210
100,0.01,8.0,5,1,0.034545,-101.255000,1.334474,31.764041,9.324348,1.008523e+03,8.668649e+01,0.050906,0.050945
100,0.01,8.0,5,1,0.026364,-101.108966,1.733448,36.624389,12.219690,1.339052e+03,1.487331e+02,0.051881,0.051340
100,0.01,8.0,5,1,0.042727,-100.965957,1.530638,29.524908,8.711352,8.708238e+02,7.559517e+01,0.052038,0.051065
100,0.01,8.0,5,1,0.050909,-101.467143,1.485000,26.873543,7.898932,7.237535e+02,6.216629e+01,0.053506,0.052468
100,0.01,8.0,5,1,0.075455,-100.300120,1.273614,20.294119,6.029468,4.110943e+02,3.634026e+01,0.050870,0.050419
100,0.01,8.0,5,1,0.059091,-101.152615,1.279385,23.989277,6.805233,5.764096e+02,4.625300e+01,0.052361,0.051929
100,0.01,8.0,5,1,0.067273,-100.922027,1.427027,22.475570,6.763056,5.055816e+02,4.559956e+01,0.052396,0.051999
100,0.01,8.0,5,1,0.083636,-99.778370,1.268587,18.910305,5.726573,3.563472e+02,3.279732e+01,0.051746,0.051138
100,0.01,8.0,5,1,0.091818,-99.799406,1.352673,17.895521,5.614856,3.191649e+02,3.148067e+01,0.052316,0.051803
100,0.01,8.0,5,1,0.100000,-100.237000,1.450000,18.031169,5.550607,3.245979e+02,3.072053e+01,0.052394,0.051690
100,0.01,8.0,10,1,0.010000,-102.320000,0.010000,66.600753,0.158114,4.428827e+03,2.441499e+00,0.053390,0.053074
100,0.01,8.0,10,1,0.018182,-101.607000,1.078000,49.639795,11.966792,2.460960e+03,1.428680e+02,0.054383,0.053884
100,0.01,8.0,10,1,0.026364,-99.955862,1.494483,38.902868,11.713821,1.508261e+03,1.366696e+02,0.055529,0.055010
100,0.01,8.0,10,1,0.034545,-100.401053,1.140526,34.169851,8.939495,1.164824e+03,7.977469e+01,0.056318,0.055103
100,0.01,8.0,10,1,0.042727,-100.111702,1.151489,31.050947,8.060168,9.615028e+02,6.487705e+01,0.056389,0.055273
100,0.01,8.0,10,1,0.050909,-100.868036,1.160893,28.401786,7.405336,8.068607e+02,5.478258e+01,0.055168,0.054616
100,0.01,8.0,10,1,0.067273,-100.398784,1.171351,23.623484,6.447103,5.577457e+02,4.155347e+01,0.054247,0.054843
100,0.01,8.0,10,1,0.075455,-99.756747,1.044337,21.317118,5.748019,4.531489e+02,3.317818e+01,0.055376,0.055319
100,0.01,8.0,10,1,0.059091,-100.650000,1.000154,25.439925,6.379982,6.472673e+02,4.085989e+01,0.057088,0.056052
100,0.01,8.0,10,1,0.083636,-99.186522,1.059348,19.811030,5.486563,3.909357e+02,3.023718e+01,0.055741,0.056648
100,0.01,8.0,10,1,0.091818,-99.217822,1.071683,18.625381,5.255261,3.455575e+02,2.775021e+01,0.055616,0.054987
100,0.01,8.0,10,1,0.100000,-99.780000,1.179000,18.461539,5.256638,3.400471e+02,2.767035e+01,0.055595,0.055039
100,0.01,8.0,15,1,0.010000,-102.320000,0.010000,66.600753,0.158114,4.428827e+03,2.441476e+00,0.058574,0.058476
100,0.01,8.0,15,1,0.018182,-101.607000,1.078000,49.639795,11.966792,2.460961e+03,1.428680e+02,0.057753,0.056953
100,0.01,8.0,15,1,0.026364,-99.955862,1.494483,38.902868,11.713821,1.508261e+03,1.366696e+02,0.057903,0.056382
100,0.01,8.0,15,1,0.034545,-100.401053,1.140526,34.169851,8.939495,1.164824e+03,7.977469e+01,0.057112,0.056881
100,0.01,8.0,15,1,0.042727,-100.111702,1.151489,31.050947,8.060168,9.615029e+02,6.487705e+01,0.055325,0.054188
100,0.01,8.0,15,1,0.050909,-100.868036,1.160893,28.401786,7.405336,8.068609e+02,5.478258e+01,0.055055,0.055179
100,0.01,8.0,15,1,0.059091,-100.650000,1.000154,25.439925,6.379982,6.472675e+02,4.085988e+01,0.056177,0.055972
100,0.01,8.0,15,1,0.067273,-100.398784,1.171351,23.623484,6.447103,5.577459e+02,4.155347e+01,0.055288,0.055115
100,0.01,8.0,15,1,0.075455,-99.756747,1.044337,21.317118,5.748019,4.531490e+02,3.317817e+01,0.055987,0.055503
100,0.01,8.0,15,1,0.091818,-99.217822,1.071683,18.625381,5.255261,3.455575e+02,2.775020e+01,0.054885,0.054749
100,0.01,8.0,15,1,0.083636,-99.186522,1.059348,19.811030,5.486563,3.909357e+02,3.023717e+01,0.056874,0.056254
100,0.01,8.0,15,1,0.100000,-99.780000,1.179000,18.461539,5.256638,3.400472e+02,2.767035e+01,0.054722,0.053805
100,0.01,8.0,20,1,0.010000,-102.320000,0.010000,66.600753,0.158114,4.428827e+03,2.441476e+00,0.053868,0.053732
100,0.01,8.0,20,1,0.018182,-101.607000,1.078000,49.639795,11.966792,2.460961e+03,1.428680e+02,0.055961,0.054342
100,0.01,8.0,20,1,0.026364,-99.955862,1.494483,38.902868,11.713821,1.508261e+03,1.366696e+02,0.053919,0.053610
100,0.01,8.0,20,1,0.034545,-100.401053,1.140526,34.169851,8.939495,1.164824e+03,7.977469e+01,0.054876,0.054398
100,0.01,8.0,20,1,0.042727,-100.111702,1.151489,31.050947,8.060168,9.615029e+02,6.487705e+01,0.053643,0.053179
100,0.01,8.0,20,1,0.050909,-100.868036,1.160893,28.401786,7.405336,8.068609e+02,5.478258e+01,0.052902,0.052441
100,0.01,8.0,20,1,0.059091,-100.650000,1.000154,25.439925,6.379982,6.472675e+02,4.085988e+01,0.053408,0.052796
100,0.01,8.0,20,1,0.067273,-100.398784,1.171351,23.623484,6.447103,5.577459e+02,4.155347e+01,0.054592,0.055081
100,0.01,8.0,20,1,0.075455,-99.756747,1.044337,21.317118,5.748019,4.531490e+02,3.317817e+01,0.054497,0.054100
100,0.01,8.0,20,1,0.091818,-99.217822,1.071683,18.625381,5.255261,3.455575e+02,2.775020e+01,0.053210,0.052874
100,0.01,8.0,20,1,0.083636,-99.186522,1.059348,19.811030,5.486563,3.909357e+02,3.023717e+01,0.054286,0.054093
100,0.01,8.0,20,1,0.100000,-99.780000,1.179000,18.461539,5.256638,3.400472e+02,2.767035e+01,0.054524,0.053981
100,0.01,16.0,5,1,0.010000,-97.540000,0.000000,34.284839,0.000000,1.172924e+03,1.537239e-01,0.048161,0.046573
100,0.01,16.0,5,1,0.018182,-97.025500,0.000000,23.899000,0.000000,5.728353e+02,1.537239e-01,0.048268,0.047871
100,0.01,16.0,5,1,0.026364,-96.913793,0.743448,20.110762,8.295297,4.072396e+02,6.866016e+01,0.046755,0.046941
100,0.01,16.0,5,1,0.050909,-98.326250,0.771964,16.335921,6.066097,2.662691e+02,3.679466e+01,0.046722,0.046406
100,0.01,16.0,5,1,0.034545,-97.651053,0.853947,18.382044,7.764157,3.384080e+02,6.025434e+01,0.048363,0.047923
100,0.01,16.0,5,1,0.042727,-98.070851,0.919787,18.099156,7.227691,3.271604e+02,5.230903e+01,0.048099,0.047940
100,0.01,16.0,5,1,0.059091,-98.433077,0.665077,15.132188,5.226176,2.284057e+02,2.727820e+01,0.048423,0.048177
100,0.01,16.0,5,1,0.067273,-98.310270,0.729865,14.147010,5.119346,1.998338e+02,2.621698e+01,0.047662,0.047635
100,0.01,16.0,5,1,0.083636,-98.398587,0.587065,12.909519,4.117735,1.663689e+02,1.692594e+01,0.047651,0.047202
100,0.01,16.0,5,1,0.075455,-98.020602,0.650723,12.900309,4.564236,1.667409e+02,2.081582e+01,0.048471,0.047625
100,0.01,16.0,5,1,0.091818,-98.643861,0.534752,12.268244,3.750808,1.500454e+02,1.403264e+01,0.047948,0.047926
100,0.01,16.0,5,1,0.100000,-99.027000,0.688000,11.692127,4.061791,1.361592e+02,1.651973e+01,0.047113,0.046846
100,0.01,16.0,10,1,0.010000,-97.540000,0.000000,34.284839,0.000000,1.172885e+03,1.526743e-01,0.048712,0.048188
100,0.01,16.0,10,1,0.018182,-97.025500,0.000000,23.899000,0.000000,5.727835e+02,1.526743e-01,0.049840,0.049150
100,0.01,16.0,10,1,0.026364,-96.913793,0.743448,20.110762,8.295297,4.071849e+02,6.866111e+01,0.050631,0.050300
100,0.01,16.0,10,1,0.042727,-97.998298,0.919787,18.082782,7.227691,3.266862e+02,5.231045e+01,0.049763,0.049827
100,0.01,16.0,10,1,0.034545,-97.651053,0.853947,18.382044,7.764157,3.383726e+02,6.025558e+01,0.053208,0.052431
100,0.01,16.0,10,1,0.050909,-98.267321,0.771964,16.334441,6.066097,2.662862e+02,3.679568e+01,0.052285,0.051832
100,0.01,16.0,10,1,0.067273,-98.265676,0.729865,14.144051,5.119346,1.997959e+02,2.621788e+01,0.050395,0.050067
100,0.01,16.0,10,1,0.075455,-97.982169,0.650723,12.899602,4.564236,1.667739e+02,2.081652e+01,0.051455,0.050751
100,0.01,16.0,10,1,0.059091,-98.382308,0.665077,15.130192,5.226176,2.283909e+02,2.727893e+01,0.053040,0.052677
100,0.01,16.0,10,1,0.083636,-98.363913,0.587065,12.910027,4.117735,1.664091e+02,1.692646e+01,0.051796,0.051975
100,0.01,16.0,10,1,0.100000,-98.998000,0.688000,11.643185,4.061791,1.350215e+02,1.652052e+01,0.051445,0.050277
100,0.01,16.0,10,1,0.091818,-98.612277,0.534752,12.273686,3.750808,1.501925e+02,1.403303e+01,0.053108,0.052308
100,0.01,16.0,15,1,0.010000,-97.540000,0.000000,34.284839,0.000000,1.172885e+03,1.526743e-01,0.052103,0.051459
100,0.01,16.0,15,1,0.018182,-97.025500,0.000000,23.899000,0.000000,5.727835e+02,1.526743e-01,0.053286,0.052053
100,0.01,16.0,15,1,0.026364,-96.913793,0.743448,20.110762,8.295297,4.071849e+02,6.866111e+01,0.056630,0.057230
100,0.01,16.0,15,1,0.034545,-97.651053,0.853947,18.382044,7.764157,3.383726e+02,6.025558e+01,0.055284,0.054728
100,0.01,16.0,15,1,0.050909,-98.267321,0.771964,16.334441,6.066097,2.662862e+02,3.679568e+01,0.054081,0.053812
100,0.01,16.0,15,1,0.042727,-97.998298,0.919787,18.082782,7.227691,3.266862e+02,5.231045e+01,0.055287,0.055891
100,0.01,16.0,15,1,0.075455,-97.982169,0.650723,12.899602,4.564236,1.667739e+02,2.081652e+01,0.056130,0.056261
100,0.01,16.0,15,1,0.059091,-98.382308,0.665077,15.130192,5.226176,2.283909e+02,2.727893e+01,0.058703,0.057571
100,0.01,16.0,15,1,0.067273,-98.265676,0.729865,14.144051,5.119346,1.997959e+02,2.621788e+01,0.057374,0.057019
100,0.01,16.0,15,1,0.091818,-98.612277,0.534752,12.273686,3.750808,1.501925e+02,1.403303e+01,0.055983,0.055050
100,0.01,16.0,15,1,0.100000,-98.998000,0.688000,11.643185,4.061791,1.350215e+02,1.652052e+01,0.055874,0.055543
100,0.01,16.0,15,1,0.083636,-98.363913,0.587065,12.910027,4.117735,1.664091e+02,1.692646e+01,0.058030,0.057894
100,0.01,16.0,20,1,0.010000,-97.540000,0.000000,34.284839,0.000000,1.172885e+03,1.526743e-01,0.056958,0.055795
100,0.01,16.0,20,1,0.018182,-97.025500,0.000000,23.899000,0.000000,5.727835e+02,1.526743e-01,0.056224,0.056615
100,0.01,16.0,20,1,0.026364,-96.913793,0.743448,20.110762,8.295297,4.071849e+02,6.866111e+01,0.052245,0.051350
100,0.01,16.0,20,1,0.034545,-97.651053,0.853947,18.382044,7.764157,3.383726e+02,6.025558e+01,0.051970,0.051321
100,0.01,16.0,20,1,0.042727,-97.998298,0.919787,18.082782,7.227691,3.266862e+02,5.231045e+01,0.051417,0.051738
100,0.01,16.0,20,1,0.050909,-98.267321,0.771964,16.334441,6.066097,2.662862e+02,3.679568e+01,0.051443,0.051240
100,0.01,16.0,20,1,0.067273,-98.265676,0.729865,14.144051,5.119346,1.997959e+02,2.621788e+01,0.050576,0.050927
100,0.01,16.0,20,1,0.059091,-98.382308,0.665077,15.130192,5.226176,2.283909e+02,2.727893e+01,0.051693,0.051962
100,0.01,16.0,20,1,0.075455,-97.982169,0.650723,12.899602,4.564236,1.667739e+02,2.081652e+01,0.051675,0.051267
100,0.01,16.0,20,1,0.091818,-98.612277,0.534752,12.273686,3.750808,1.501925e+02,1.403303e+01,0.050553,0.049679
100,0.3,1.0,5,1,0.010000,-5.610000,3.180000,6.616495,5.981699,4.366248e+01,3.586719e+01,0.035181,0.034712
100,0.01,16.0,20,1,0.083636,-98.363913,0.587065,12.910027,4.117735,1.664091e+02,1.692646e+01,0.052162,0.052195
100,0.01,16.0,20,1,0.100000,-98.998000,0.688000,11.643185,4.061791,1.350215e+02,1.652052e+01,0.052137,0.051216
100,0.3,1.0,5,1,0.018182,-5.159000,3.734500,4.792242,4.504942,2.291653e+01,2.021900e+01,0.034931,0.035444
100,0.3,1.0,5,1,0.034545,-4.895000,3.543158,3.258783,3.070091,1.079894e+01,9.401213e+00,0.035939,0.035597
100,0.3,1.0,5,1,0.026364,-4.904483,3.516207,3.821372,3.564211,1.475739e+01,1.267322e+01,0.036679,0.036895
100,0.3,1.0,5,1,0.042727,-4.840000,3.562128,2.915765,2.826348,8.744256e+00,7.965705e+00,0.036261,0.036349
100,0.3,1.0,5,1,0.050909,-4.836071,3.561250,2.935928,2.530362,8.865923e+00,6.386707e+00,0.037135,0.037190
100,0.3,1.0,5,1,0.075455,-4.692892,3.622048,2.340590,2.209152,5.909400e+00,4.862210e+00,0.035071,0.036021
100,0.3,1.0,5,1,0.067273,-4.735946,3.548243,2.465691,2.280872,6.452163e+00,5.193871e+00,0.036137,0.037261
100,0.3,1.0,5,1,0.059091,-4.740154,3.526769,2.625958,2.462242,7.259639e+00,6.055911e+00,0.036649,0.037440
100,0.3,1.0,5,1,0.100000,-4.554000,3.903000,2.050709,2.133906,4.847777e+00,4.594799e+00,0.035264,0.036427
100,0.3,1.0,5,1,0.083636,-4.658261,3.744783,2.240766,2.224982,5.501712e+00,4.938075e+00,0.037097,0.038287
100,0.3,1.0,5,1,0.091818,-4.636337,3.775941,2.170468,2.155453,5.224361e+00,4.641032e+00,0.036200,0.036302
100,0.3,1.0,10,1,0.010000,-6.290000,3.570000,7.485656,6.897128,5.583235e+01,4.796375e+01,0.038821,0.039479
100,0.3,1.0,10,1,0.018182,-5.984000,4.246000,5.897722,5.296088,3.484872e+01,2.794410e+01,0.038238,0.038586
100,0.3,1.0,10,1,0.026364,-5.712414,3.971379,4.721862,4.151382,2.273104e+01,1.729651e+01,0.037849,0.037686
100,0.3,1.0,10,1,0.034545,-5.777895,4.093158,4.156980,3.752371,1.764507e+01,1.408196e+01,0.037171,0.036700
100,0.3,1.0,10,1,0.042727,-5.661489,4.084043,3.671585,3.392106,1.402719e+01,1.152282e+01,0.035866,0.036824
100,0.3,1.0,10,1,0.050909,-5.655179,4.117143,3.665664,3.112527,1.399375e+01,9.696085e+00,0.037771,0.038194
100,0.3,1.0,10,1,0.059091,-5.535538,4.122462,3.291283,3.024538,1.160088e+01,9.155976e+00,0.035946,0.037044
100,0.3,1.0,10,1,0.067273,-5.510405,4.168108,3.056642,2.770605,1.016327e+01,7.673057e+00,0.035536,0.036372
100,0.3,1.0,10,1,0.075455,-5.444337,4.300602,3.025108,2.827720,1.009898e+01,7.965132e+00,0.037293,0.037882
100,0.3,1.0,10,1,0.091818,-5.331188,4.488218,2.826266,2.655929,9.177460e+00,7.049537e+00,0.035614,0.036832
100,0.3,1.0,10,1,0.100000,-5.218000,4.638000,2.663617,2.722057,8.551125e+00,7.472390e+00,0.035944,0.037252
100,0.3,1.0,10,1,0.083636,-5.380435,4.465761,2.878066,2.775893,9.365323e+00,7.692127e+00,0.036575,0.037517
100,0.3,1.0,15,1,0.010000,-6.320000,3.580000,7.982008,6.908292,6.348238e+01,4.813842e+01,0.036184,0.036414
100,0.3,1.0,15,1,0.018182,-6.039000,4.262500,6.163730,5.317861,3.803181e+01,2.817559e+01,0.038383,0.038063
100,0.3,1.0,15,1,0.034545,-5.830000,4.156842,4.249870,3.882726,1.840829e+01,1.505561e+01,0.036527,0.036930
100,0.3,1.0,15,1,0.026364,-5.754138,3.982759,4.882046,4.180784,2.426216e+01,1.754962e+01,0.037225,0.037099
100,0.3,1.0,15,1,0.042727,-5.710638,4.135532,3.734121,3.509041,1.447582e+01,1.231347e+01,0.037349,0.037962
100,0.3,1.0,15,1,0.050909,-5.696429,4.170179,3.733150,3.216482,1.449059e+01,1.033954e+01,0.037214,0.037820
100,0.3,1.0,15,1,0.067273,-5.546081,4.208243,3.094687,2.830848,1.040615e+01,8.003982e+00,0.036838,0.037533
100,0.3,1.0,15,1,0.059091,-5.571077,4.168154,3.340033,3.096169,1.193264e+01,9.583847e+00,0.037143,0.037845
100,0.3,1.0,15,1,0.083636,-5.409130,4.500435,2.913733,2.808223,9.597102e+00,7.874943e+00,0.036265,0.037655
100,0.3,1.0,15,1,0.075455,-5.476145,4.341687,3.059810,2.878282,1.032752e+01,8.251624e+00,0.036787,0.038070
100,0.3,1.0,15,1,0.091818,-5.357327,4.523069,2.857896,2.683970,9.389483e+00,7.202230e+00,0.036938,0.038263
100,0.3,1.0,15,1,0.100000,-5.242000,4.671000,2.700204,2.750139,8.788173e+00,7.631167e+00,0.036583,0.038187
100,0.3,1.0,20,1,0.010000,-6.320000,3.580000,7.982008,6.908292,6.348257e+01,4.813892e+01,0.038088,0.038211
100,0.3,1.0,20,1,0.018182,-6.039000,4.262500,6.163730,5.317861,3.803233e+01,2.817566e+01,0.038082,0.038299
100,0.3,1.0,20,1,0.026364,-5.754138,3.982759,4.882046,4.180784,2.426302e+01,1.754986e+01,0.036921,0.037849
100,0.3,1.0,20,1,0.034545,-5.830000,4.156842,4.249870,3.882726,1.840906e+01,1.505573e+01,0.037975,0.038631
100,0.3,1.0,20,1,0.042727,-5.710638,4.135532,3.734121,3.509041,1.447674e+01,1.231362e+01,0.038038,0.038388
100,0.3,1.0,20,1,0.050909,-5.696429,4.170179,3.733150,3.216482,1.449152e+01,1.033966e+01,0.037629,0.038144
100,0.3,1.0,20,1,0.059091,-5.571077,4.168154,3.340033,3.096169,1.193372e+01,9.583969e+00,0.037354,0.038219
100,0.3,1.0,20,1,0.075455,-5.476145,4.341687,3.059810,2.878282,1.032871e+01,8.251634e+00,0.036788,0.037657
100,0.3,1.0,20,1,0.067273,-5.546081,4.208243,3.094687,2.830848,1.040726e+01,8.004078e+00,0.038346,0.039121
100,0.3,1.0,20,1,0.083636,-5.409130,4.500435,2.913733,2.808223,9.598377e+00,7.874851e+00,0.037520,0.038943
100,0.3,1.0,20,1,0.100000,-5.242000,4.671000,2.700204,2.750139,8.789648e+00,7.630965e+00,0.036602,0.038216
100,0.3,1.0,20,1,0.091818,-5.357327,4.523069,2.857896,2.683970,9.390820e+00,7.202123e+00,0.036847,0.038158
100,0.3,2.0,5,1,0.010000,-39.710000,13.180000,27.162328,15.670669,7.353399e+02,2.456742e+02,0.044126,0.043873
100,0.3,2.0,5,1,0.018182,-38.439500,12.474000,18.626663,10.740403,3.458830e+02,1.150080e+02,0.043067,0.042826
100,0.3,2.0,5,1,0.026364,-37.350690,12.558966,15.740109,8.732156,2.494921e+02,7.612311e+01,0.042833,0.043129
100,0.3,2.0,5,1,0.034545,-37.463684,12.296842,13.446808,7.104554,1.824647e+02,5.029815e+01,0.042432,0.042747
100,0.3,2.0,5,1,0.042727,-36.763404,12.565745,12.228794,6.421130,1.539636e+02,4.124931e+01,0.042415,0.042818
100,0.3,2.0,5,1,0.050909,-36.168393,12.447679,11.469994,6.093776,1.390728e+02,3.708173e+01,0.043245,0.044213
100,0.3,2.0,5,1,0.059091,-35.807538,12.480769,10.509658,6.124075,1.202258e+02,3.747205e+01,0.042380,0.043030
100,0.3,2.0,5,1,0.067273,-35.260946,12.547432,10.044740,5.841350,1.145006e+02,3.415287e+01,0.041671,0.042273
100,0.3,2.0,5,1,0.091818,-33.763465,12.689208,8.813218,4.875403,1.048210e+02,2.397876e+01,0.041710,0.043172
100,0.3,2.0,5,1,0.083636,-34.095217,12.665543,9.152805,5.121243,1.075308e+02,2.640096e+01,0.041990,0.043216
100,0.3,2.0,5,1,0.075455,-34.602289,12.732169,9.614774,5.512761,1.114455e+02,3.062250e+01,0.043428,0.044217
100,0.3,2.0,5,1,0.100000,-33.392000,12.550000,8.705111,4.669337,1.069657e+02,2.188559e+01,0.042173,0.043409
100,0.3,2.0,10,1,0.010000,-60.790000,19.450000,44.733155,27.983115,1.996243e+03,7.831866e+02,0.054455,0.054263
100,0.3,2.0,10,1,0.018182,-60.846500,18.606500,32.675259,20.296441,1.066396e+03,4.112254e+02,0.054684,0.054724
100,0.3,2.0,10,1,0.026364,-59.145862,18.506552,26.934183,15.830143,7.343194e+02,2.503362e+02,0.053484,0.054420
100,0.3,2.0,10,1,0.034545,-58.939737,17.767895,23.418173,13.035340,5.594451e+02,1.692559e+02,0.054401,0.054642
100,0.3,2.0,10,1,0.042727,-57.904468,17.944043,20.646541,11.942826,4.464048e+02,1.421510e+02,0.054293,0.056586
100,0.3,2.0,10,1,0.050909,-56.771786,17.849464,19.383470,11.226083,4.079136e+02,1.255633e+02,0.053514,0.055220
100,0.3,2.0,10,1,0.059091,-56.321692,17.919846,18.516830,10.765284,3.806272e+02,1.155042e+02,0.053037,0.054901
100,0.3,2.0,10,1,0.067273,-55.266081,18.130676,17.161282,10.328520,3.467774e+02,1.064891e+02,0.053070,0.055336
100,0.3,2.0,10,1,0.100000,-51.853000,18.255000,14.588504,8.528315,3.269720e+02,7.281537e+01,0.051039,0.054762
100,0.3,2.0,10,1,0.091818,-52.502673,18.414653,15.044242,9.034504,3.269109e+02,8.189072e+01,0.052231,0.055160
100,0.3,2.0,10,1,0.083636,-53.234022,18.294674,15.771882,9.354747,3.350438e+02,8.758550e+01,0.053418,0.056086
100,0.3,2.0,10,1,0.075455,-54.094819,18.344819,16.500469,9.870819,3.431196e+02,9.753542e+01,0.053996,0.056536
100,0.3,2.0,15,1,0.010000,-63.090000,19.740000,49.216011,30.294445,2.414569e+03,9.172288e+02,0.058001,0.057475
100,0.3,2.0,15,1,0.018182,-63.261000,18.837500,35.289764,21.580551,1.241969e+03,4.646164e+02,0.058195,0.058043
100,0.3,2.0,15,1,0.026364,-61.103103,18.571034,28.940715,16.661339,8.458840e+02,2.768556e+02,0.057372,0.057957
100,0.3,2.0,15,1,0.034545,-61.006579,17.811316,24.912636,14.089551,6.304950e+02,1.977454e+02,0.057307,0.058101
100,0.3,2.0,15,1,0.042727,-59.924255,17.932340,21.910214,12.878162,4.992502e+02,1.651848e+02,0.057370,0.058192
100,0.3,2.0,15,1,0.050909,-58.673214,17.878929,20.710995,12.259947,4.614044e+02,1.497127e+02,0.056968,0.059786
100,0.3,2.0,15,1,0.067273,-57.040946,18.315000,18.219257,11.147724,3.865370e+02,1.238963e+02,0.056038,0.058889
100,0.3,2.0,15,1,0.059091,-58.159538,18.021385,19.739832,11.837661,4.285469e+02,1.395727e+02,0.057081,0.059955
100,0.3,2.0,15,1,0.083636,-54.823043,18.545761,16.686188,10.165806,3.713295e+02,1.032661e+02,0.055977,0.059177
100,0.3,2.0,15,1,0.075455,-55.797831,18.583373,17.416819,10.674601,3.781935e+02,1.138722e+02,0.057023,0.059353
100,0.3,2.0,15,1,0.100000,-53.327000,18.577000,15.292244,9.261312,3.581814e+02,8.580190e+01,0.055270,0.059539
100,0.3,2.0,15,1,0.091818,-54.067723,18.719604,15.850201,9.876579,3.594561e+02,9.772425e+01,0.056285,0.060944
100,0.3,2.0,20,1,0.010000,-63.230000,19.750000,49.407047,30.353713,2.433159e+03,9.208074e+02,0.059737,0.060278
100,0.3,2.0,20,1,0.018182,-63.371000,18.865000,35.451845,21.655345,1.253308e+03,4.678674e+02,0.057729,0.058459
100,0.3,2.0,20,1,0.026364,-61.178966,18.593793,28.971580,16.703643,8.476738e+02,2.782766e+02,0.057629,0.058253
100,0.3,2.0,20,1,0.034545,-61.113684,17.828684,24.979384,14.116732,6.336029e+02,1.985069e+02,0.058704,0.060684
100,0.3,2.0,20,1,0.042727,-60.010851,17.922979,21.985472,12.895718,5.024547e+02,1.656372e+02,0.057817,0.059508
100,0.3,2.0,20,1,0.050909,-58.753750,17.875000,20.763930,12.286367,4.635526e+02,1.503613e+02,0.056683,0.059892
100,0.3,2.0,20,1,0.059091,-58.235692,18.012923,19.786295,11.863528,4.303899e+02,1.401816e+02,0.055810,0.058237
100,0.3,2.0,20,1,0.067273,-57.112297,18.304595,18.263185,11.165541,3.882213e+02,1.242782e+02,0.055844,0.058492
100,0.3,2.0,20,1,0.083636,-54.868478,18.548152,16.732672,10.196571,3.734946e+02,1.038808e+02,0.054771,0.059231
100,0.3,2.0,20,1,0.075455,-55.852169,18.580723,17.457258,10.702038,3.799981e+02,1.144404e+02,0.055989,0.059451
100,0.3,2.0,20,1,0.100000,-53.374000,18.577000,15.334330,9.288051,3.601431e+02,8.628329e+01,0.053812,0.058293
100,0.3,2.0,20,1,0.091818,-54.118911,18.731584,15.895162,9.918992,3.614230e+02,9.856284e+01,0.054867,0.059722
100,0.3,4.0,5,1,0.010000,-112.100000,12.480000,62.327594,23.549265,3.869478e+03,5.544997e+02,0.051809,0.051396
100,0.3,4.0,5,1,0.018182,-112.233000,11.159500,44.602328,15.150239,1.981859e+03,2.286329e+02,0.052568,0.051912
100,0.3,4.0,5,1,0.026364,-110.201034,11.261724,35.379497,13.035274,1.248557e+03,1.693002e+02,0.052347,0.051923
100,0.3,4.0,5,1,0.034545,-109.863947,10.852368,30.266801,10.772601,9.153015e+02,1.156108e+02,0.052278,0.051521
100,0.3,4.0,5,1,0.042727,-109.974255,10.691064,27.276698,9.898902,7.435661e+02,9.770039e+01,0.050866,0.051039
100,0.3,4.0,5,1,0.050909,-109.990179,10.626786,24.697648,9.042794,6.100075e+02,8.159472e+01,0.052005,0.051164
100,0.3,4.0,5,1,0.059091,-110.003385,10.688615,23.008908,8.645696,5.297245e+02,7.455472e+01,0.052867,0.052292
100,0.3,4.0,5,1,0.075455,-109.023253,10.748193,20.939554,7.775190,4.431611e+02,6.028225e+01,0.051945,0.051430
100,0.3,4.0,5,1,0.067273,-109.048649,10.705676,22.267224,8.081817,5.001677e+02,6.514937e+01,0.052847,0.052965
100,0.3,4.0,5,1,0.083636,-108.509022,10.756087,19.594218,7.493372,3.917241e+02,5.599237e+01,0.051946,0.052714
100,0.3,4.0,5,1,0.100000,-108.133000,10.613000,18.653804,6.859314,3.583371e+02,4.702252e+01,0.051714,0.051689
100,0.3,4.0,5,1,0.091818,-108.453465,10.603564,19.033460,7.000486,3.704924e+02,4.897896e+01,0.051905,0.052797
100,0.3,4.0,10,1,0.010000,-111.580000,9.250000,79.858079,32.471991,6.357219e+03,1.051500e+03,0.062642,0.063036
100,0.3,4.0,10,1,0.018182,-109.840500,9.581000,58.109894,24.120411,3.363598e+03,5.816158e+02,0.064161,0.062620
100,0.3,4.0,10,1,0.026364,-108.217241,9.080690,46.826737,19.526108,2.185045e+03,3.806761e+02,0.064900,0.063564
100,0.3,4.0,10,1,0.034545,-108.216842,8.003947,41.293450,15.435424,1.699402e+03,2.373117e+02,0.065040,0.064543
100,0.3,4.0,10,1,0.042727,-109.302553,8.158723,38.173252,14.519176,1.451371e+03,2.099651e+02,0.065654,0.065872
100,0.3,4.0,10,1,0.050909,-109.730893,8.395357,34.402317,13.380453,1.179014e+03,1.783989e+02,0.064063,0.063059
100,0.3,4.0,10,1,0.067273,-109.742838,8.838649,30.182464,12.804672,9.075772e+02,1.638272e+02,0.063800,0.062381
100,0.3,4.0,10,1,0.091818,-109.940099,8.226040,24.763140,10.743560,6.112324e+02,1.149747e+02,0.063617,0.062292
100,0.3,4.0,10,1,0.075455,-110.117952,8.704578,27.716825,11.928256,7.658977e+02,1.420616e+02,0.064297,0.064156
100,0.3,4.0,10,1,0.083636,-109.647283,8.602717,26.195501,11.605935,6.836149e+02,1.343967e+02,0.064520,0.062806
100,0.3,4.0,10,1,0.059091,-109.989846,8.749231,32.332581,13.370977,1.041757e+03,1.784700e+02,0.065999,0.065471
100,0.3,4.0,10,1,0.100000,-109.988000,8.226000,23.729131,10.199684,5.613596e+02,1.036297e+02,0.063957,0.063860
100,0.3,4.0,15,1,0.010000,-110.670000,9.110000,81.971663,32.420476,6.695800e+03,1.048111e+03,0.066413,0.065722
100,0.3,4.0,15,1,0.018182,-109.114500,9.542500,58.855622,24.327966,3.450200e+03,5.918569e+02,0.064687,0.064452
100,0.3,4.0,15,1,0.026364,-107.363793,8.932759,47.233579,19.702662,2.224286e+03,3.875092e+02,0.068685,0.067027
100,0.3,4.0,15,1,0.034545,-107.698684,7.948947,41.688314,15.649229,1.732282e+03,2.439215e+02,0.067257,0.065358
100,0.3,4.0,15,1,0.042727,-108.616809,8.233617,38.346231,14.951164,1.464605e+03,2.226970e+02,0.066892,0.066324
100,0.3,4.0,15,1,0.050909,-108.782143,8.487679,34.565749,13.740517,1.190016e+03,1.882829e+02,0.066175,0.065524
100,0.3,4.0,15,1,0.059091,-109.152154,8.838923,32.387041,13.658041,1.044818e+03,1.864970e+02,0.066363,0.066102
100,0.3,4.0,15,1,0.091818,-109.536040,8.299010,24.796345,10.989718,6.128743e+02,1.203793e+02,0.065930,0.065513
100,0.3,4.0,15,1,0.083636,-109.166630,8.667283,26.303378,11.866191,6.892025e+02,1.406864e+02,0.066362,0.065244
100,0.3,4.0,15,1,0.067273,-109.053108,8.902568,30.311047,13.026815,9.151271e+02,1.698309e+02,0.067424,0.066152
100,0.3,4.0,15,1,0.100000,-109.497000,8.289000,23.755928,10.404530,5.625095e+02,1.079038e+02,0.066554,0.065478
100,0.3,4.0,15,1,0.075455,-109.632892,8.739036,27.909738,12.165167,7.764556e+02,1.479431e+02,0.068257,0.066882
100,0.3,4.0,20,1,0.010000,-110.670000,9.080000,81.971663,32.425441,6.695831e+03,1.048372e+03,0.064841,0.064277
100,0.3,4.0,20,1,0.018182,-108.938500,9.526000,58.799005,24.333053,3.443504e+03,5.920610e+02,0.065334,0.066563
100,0.3,4.0,20,1,0.026364,-107.238621,8.921379,47.227583,19.707013,2.224082e+03,3.876638e+02,0.064464,0.063580
100,0.3,4.0,20,1,0.034545,-107.600263,7.940263,41.718502,15.653050,1.735005e+03,2.440413e+02,0.064130,0.063285
100,0.3,4.0,20,1,0.042727,-108.539574,8.228936,38.377244,14.956325,1.467011e+03,2.228498e+02,0.066097,0.064876
100,0.3,4.0,20,1,0.050909,-108.705536,8.483750,34.620698,13.744292,1.193816e+03,1.883850e+02,0.065251,0.064716
100,0.3,4.0,20,1,0.059091,-109.067538,8.837231,32.437825,13.660746,1.048056e+03,1.865723e+02,0.064373,0.063658
100,0.3,4.0,20,1,0.067273,-108.992162,8.901081,30.372223,13.029346,9.188056e+02,1.698987e+02,0.064359,0.063175
100,0.3,4.0,20,1,0.083636,-109.172609,8.672065,26.298430,11.873325,6.889527e+02,1.408651e+02,0.064022,0.063453
100,0.3,4.0,20,1,0.091818,-109.548020,8.303366,24.791590,10.996002,6.126679e+02,1.205211e+02,0.064287,0.063166
100,0.3,4.0,20,1,0.075455,-109.618313,8.740361,27.937369,12.163613,7.779828e+02,1.479114e+02,0.065289,0.064580
100,0.3,4.0,20,1,0.100000,-109.506000,8.293000,23.750892,10.409893,5.622941e+02,1.080189e+02,0.066039,0.065192
100,0.3,8.0,5,1,0.010000,-103.210000,0.420000,61.757809,6.327222,3.807346e+03,4.163541e+01,0.052684,0.053073
100,0.3,8.0,5,1,0.018182,-104.291000,1.045000,42.808723,7.834394,1.841331e+03,6.162549e+01,0.053529,0.054337
100,0.3,8.0,5,1,0.026364,-104.522759,1.266897,36.875993,7.912828,1.372386e+03,6.259321e+01,0.052910,0.052270
100,0.3,8.0,5,1,0.034545,-104.091842,0.992895,29.961377,6.080844,9.086106e+02,3.739793e+01,0.053147,0.053272
100,0.3,8.0,5,1,0.050909,-103.449107,0.815179,25.178684,4.574602,6.414628e+02,2.171218e+01,0.052794,0.052021
100,0.3,8.0,5,1,0.042727,-104.282340,0.957234,27.055821,5.434646,7.450945e+02,3.004149e+01,0.053196,0.053259
100,0.3,8.0,5,1,0.059091,-103.009077,0.710769,23.835545,3.940128,5.732993e+02,1.653697e+01,0.054354,0.054637
100,0.3,8.0,5,1,0.067273,-103.362838,1.184730,23.123561,5.003160,5.420537e+02,2.524800e+01,0.054001,0.052872
100,0.3,8.0,5,1,0.083636,-103.262500,1.157391,20.462447,4.409327,4.259221e+02,1.971243e+01,0.052906,0.052175
100,0.3,8.0,5,1,0.075455,-103.464940,1.270964,22.077186,4.889538,4.955856e+02,2.403888e+01,0.053973,0.053632
100,0.3,8.0,5,1,0.091818,-103.643960,1.152277,19.578889,4.211692,3.931044e+02,1.802148e+01,0.054147,0.053643
100,0.3,8.0,5,1,0.100000,-103.262000,1.201000,17.992939,4.063236,3.313331e+02,1.674233e+01,0.054631,0.053711
100,0.3,8.0,10,1,0.010000,-101.290000,0.660000,62.056142,10.435516,3.840364e+03,1.092932e+02,0.055696,0.055177
100,0.3,8.0,10,1,0.018182,-101.838000,1.078000,43.980580,9.802181,1.934059e+03,9.594088e+01,0.053971,0.053034
100,0.3,8.0,10,1,0.026364,-103.369655,1.266897,37.409997,8.891510,1.412153e+03,7.883483e+01,0.055250,0.054601
100,0.3,8.0,10,1,0.034545,-102.566316,0.969737,30.273032,6.785366,9.248164e+02,4.621783e+01,0.055169,0.054330
100,0.3,8.0,10,1,0.042727,-102.718936,0.936170,26.945417,5.955406,7.362589e+02,3.572724e+01,0.055560,0.055521
100,0.3,8.0,10,1,0.050909,-102.030893,0.785714,25.138570,4.998287,6.380189e+02,2.549867e+01,0.055584,0.055463
100,0.3,8.0,10,1,0.067273,-101.907568,1.119324,23.225625,5.213616,5.451629e+02,2.727654e+01,0.053990,0.054332
100,0.3,8.0,10,1,0.083636,-101.564674,1.138261,20.270091,4.674808,4.153151e+02,2.195316e+01,0.054708,0.053733
100,0.3,8.0,10,1,0.091818,-102.027723,1.122871,19.312710,4.444968,3.800693e+02,1.987899e+01,0.054246,0.053270
100,0.3,8.0,10,1,0.059091,-101.486000,0.676923,24.093288,4.306216,5.838648e+02,1.926763e+01,0.056126,0.055464
100,0.3,8.0,10,1,0.075455,-101.822892,1.261687,21.770324,5.181715,4.794736e+02,2.683807e+01,0.056535,0.056233
100,0.3,8.0,10,1,0.100000,-101.686000,1.171000,18.001210,4.338814,3.294426e+02,1.890953e+01,0.054963,0.053312
100,0.3,8.0,15,1,0.010000,-101.290000,0.660000,62.056142,10.435516,3.840372e+03,1.092929e+02,0.055583,0.054772
100,0.3,8.0,15,1,0.018182,-101.838000,1.078000,43.980580,9.802181,1.934070e+03,9.594070e+01,0.054488,0.054708
100,0.3,8.0,15,1,0.026364,-103.369655,1.266897,37.409997,8.891510,1.412169e+03,7.883472e+01,0.055201,0.055168
100,0.3,8.0,15,1,0.034545,-102.566316,0.969737,30.273032,6.785366,9.248300e+02,4.621762e+01,0.055104,0.053901
100,0.3,8.0,15,1,0.042727,-102.718936,0.936170,26.945417,5.955406,7.362731e+02,3.572701e+01,0.056168,0.055172
100,0.3,8.0,15,1,0.059091,-101.486000,0.676923,24.093288,4.306216,5.838742e+02,1.926731e+01,0.055461,0.055870
100,0.3,8.0,15,1,0.050909,-102.030893,0.785714,25.138570,4.998287,6.380304e+02,2.549840e+01,0.058389,0.057667
100,0.3,8.0,15,1,0.091818,-102.013564,1.122871,19.307337,4.444968,3.797913e+02,1.987883e+01,0.055683,0.054642
100,0.3,8.0,15,1,0.083636,-101.547935,1.138261,20.262345,4.674808,4.149298e+02,2.195301e+01,0.056171,0.055772
100,0.3,8.0,15,1,0.075455,-101.806988,1.261687,21.762618,5.181715,4.790637e+02,2.683796e+01,0.057247,0.056975
100,0.3,8.0,15,1,0.067273,-101.895676,1.119324,23.218787,5.213616,5.447908e+02,2.727638e+01,0.057510,0.057998
100,0.3,8.0,15,1,0.100000,-101.673000,1.171000,17.996899,4.338814,3.292310e+02,1.890939e+01,0.058175,0.056770
100,0.3,8.0,20,1,0.010000,-101.290000,0.660000,62.056142,10.435516,3.840372e+03,1.092929e+02,0.057907,0.057438
100,0.3,8.0,20,1,0.018182,-101.838000,1.078000,43.980580,9.802181,1.934070e+03,9.594070e+01,0.061232,0.060644
100,0.3,8.0,20,1,0.034545,-102.566316,0.969737,30.273032,6.785366,9.248301e+02,4.621762e+01,0.057472,0.056988
100,0.3,8.0,20,1,0.026364,-103.369655,1.266897,37.409997,8.891510,1.412170e+03,7.883472e+01,0.060660,0.060944
100,0.3,8.0,20,1,0.042727,-102.718936,0.936170,26.945417,5.955406,7.362732e+02,3.572701e+01,0.060118,0.059875
100,0.3,8.0,20,1,0.067273,-101.895676,1.119324,23.218787,5.213616,5.447909e+02,2.727638e+01,0.056773,0.057161
100,0.3,8.0,20,1,0.075455,-101.806988,1.261687,21.762618,5.181715,4.790637e+02,2.683796e+01,0.057808,0.057613
100,0.3,8.0,20,1,0.059091,-101.486000,0.676923,24.093288,4.306216,5.838742e+02,1.926731e+01,0.060382,0.061814
100,0.3,8.0,20,1,0.050909,-102.030893,0.785714,25.138570,4.998287,6.380305e+02,2.549840e+01,0.061687,0.061976
100,0.3,8.0,20,1,0.083636,-101.547935,1.138261,20.262345,4.674808,4.149298e+02,2.195301e+01,0.061205,0.060806
100,0.3,8.0,20,1,0.091818,-102.013564,1.122871,19.307337,4.444968,3.797913e+02,1.987883e+01,0.060851,0.060967
100,0.3,8.0,20,1,0.100000,-101.673000,1.171000,17.996899,4.338814,3.292311e+02,1.890939e+01,0.060465,0.060919
100,0.3,16.0,5,1,0.010000,-101.310000,0.000000,41.774265,0.000000,1.743179e+03,1.557074e-01,0.049362,0.049143
100,0.3,16.0,5,1,0.018182,-101.502500,0.423500,32.406901,6.609383,1.051980e+03,4.351005e+01,0.049850,0.049584
100,0.3,16.0,5,1,0.026364,-98.882414,0.292069,23.992399,4.558195,5.733636e+02,2.070455e+01,0.049366,0.048930
100,0.3,16.0,5,1,0.034545,-98.224211,0.408158,21.327455,4.538558,4.537368e+02,2.051630e+01,0.048652,0.049451
100,0.3,16.0,5,1,0.050909,-98.652321,0.276964,17.727263,3.079736,3.131637e+02,9.460670e+00,0.048256,0.048131
100,0.3,16.0,5,1,0.042727,-97.792340,0.330000,19.195186,3.669472,3.685842e+02,1.341534e+01,0.049437,0.049543
100,0.3,16.0,5,1,0.059091,-98.979692,0.238615,16.585354,2.653311,2.739799e+02,7.036228e+00,0.047883,0.047826
100,0.3,16.0,5,1,0.067273,-98.863243,0.209595,14.868330,2.330611,2.202210e+02,5.444245e+00,0.047084,0.046786
100,0.3,16.0,5,1,0.075455,-98.754819,0.376386,14.266178,2.954477,2.028019e+02,8.694353e+00,0.049180,0.048581
100,0.3,16.0,5,1,0.091818,-98.741881,0.375743,12.903005,2.637620,1.659218e+02,6.929566e+00,0.048748,0.048045
100,0.3,16.0,5,1,0.083636,-98.872065,0.339565,13.687146,2.665452,1.866233e+02,7.079247e+00,0.048879,0.048413
100,0.3,16.0,5,1,0.100000,-98.837000,0.345000,12.083988,2.421815,1.454877e+02,5.844185e+00,0.048265,0.048210
100,0.3,16.0,10,1,0.010000,-101.360000,0.000000,41.948051,0.000000,1.758131e+03,1.528587e-01,0.049223,0.048936
100,0.3,16.0,10,1,0.018182,-101.502500,0.418000,32.451855,6.609160,1.055131e+03,4.350701e+01,0.048630,0.048152
100,0.3,16.0,10,1,0.026364,-98.825517,0.288276,23.721618,4.558042,5.604977e+02,2.070319e+01,0.049722,0.049721
100,0.3,16.0,10,1,0.034545,-98.166316,0.405263,21.164283,4.538586,4.468441e+02,2.051658e+01,0.049230,0.048848
100,0.3,16.0,10,1,0.050909,-98.414643,0.275000,17.545562,3.079755,3.069678e+02,9.460401e+00,0.047985,0.047722
100,0.3,16.0,10,1,0.067273,-98.784459,0.208108,14.700625,2.330625,2.152941e+02,5.443527e+00,0.048675,0.048407
100,0.3,16.0,10,1,0.042727,-97.694043,0.327660,19.026781,3.669495,3.622977e+02,1.341534e+01,0.050080,0.050090
100,0.3,16.0,10,1,0.059091,-98.807077,0.236923,16.355049,2.653327,2.664582e+02,7.035717e+00,0.050475,0.049965
100,0.3,16.0,10,1,0.075455,-98.679277,0.375060,14.124445,2.954572,1.988102e+02,8.694831e+00,0.049782,0.049587
100,0.3,16.0,10,1,0.091818,-98.679802,0.374653,12.814259,2.637719,1.636563e+02,6.929997e+00,0.049202,0.049020
100,0.3,16.0,10,1,0.083636,-98.799130,0.338370,13.582697,2.665538,1.837955e+02,7.079439e+00,0.049578,0.049736
100,0.3,16.0,10,1,0.100000,-98.775000,0.344000,12.012152,2.421906,1.437691e+02,5.844370e+00,0.051029,0.050400
100,0.3,16.0,15,1,0.010000,-101.360000,0.000000,41.948051,0.000000,1.758131e+03,1.528586e-01,0.051922,0.052087
100,0.3,16.0,15,1,0.018182,-101.502500,0.418000,32.451855,6.609160,1.055131e+03,4.350701e+01,0.051343,0.051383
100,0.3,16.0,15,1,0.026364,-98.825517,0.288276,23.721618,4.558042,5.604977e+02,2.070319e+01,0.052534,0.052348
100,0.3,16.0,15,1,0.034545,-98.166316,0.405263,21.164283,4.538586,4.468441e+02,2.051658e+01,0.052446,0.052447
100,0.3,16.0,15,1,0.042727,-97.694043,0.327660,19.026781,3.669495,3.622976e+02,1.341534e+01,0.052419,0.052696
100,0.3,16.0,15,1,0.050909,-98.414643,0.275000,17.545562,3.079755,3.069678e+02,9.460401e+00,0.051069,0.050794
100,0.3,16.0,15,1,0.059091,-98.807077,0.236923,16.355049,2.653327,2.664582e+02,7.035717e+00,0.051817,0.051723
100,0.3,16.0,15,1,0.067273,-98.784459,0.208108,14.700625,2.330625,2.152941e+02,5.443527e+00,0.053661,0.053066
100,0.3,16.0,15,1,0.075455,-98.679277,0.375060,14.124445,2.954572,1.988102e+02,8.694831e+00,0.052234,0.051378
100,0.3,16.0,15,1,0.083636,-98.799130,0.338370,13.582697,2.665538,1.837955e+02,7.079439e+00,0.051034,0.051666
100,0.3,16.0,15,1,0.091818,-98.679802,0.374653,12.814259,2.637719,1.636563e+02,6.929997e+00,0.052354,0.051874
100,0.3,16.0,15,1,0.100000,-98.775000,0.344000,12.012152,2.421906,1.437691e+02,5.844370e+00,0.051165,0.051019
100,0.3,16.0,20,1,0.010000,-101.360000,0.000000,41.948051,0.000000,1.758131e+03,1.528586e-01,0.054448,0.055339
100,0.3,16.0,20,1,0.018182,-101.502500,0.418000,32.451855,6.609160,1.055131e+03,4.350701e+01,0.056903,0.056810
100,0.3,16.0,20,1,0.026364,-98.825517,0.288276,23.721618,4.558042,5.604977e+02,2.070319e+01,0.055155,0.055605
100,0.3,16.0,20,1,0.034545,-98.166316,0.405263,21.164283,4.538586,4.468441e+02,2.051658e+01,0.054715,0.056044
100,0.3,16.0,20,1,0.042727,-97.694043,0.327660,19.026781,3.669495,3.622976e+02,1.341534e+01,0.053964,0.053683
100,0.3,16.0,20,1,0.050909,-98.414643,0.275000,17.545562,3.079755,3.069678e+02,9.460401e+00,0.054804,0.053267
100,0.3,16.0,20,1,0.059091,-98.807077,0.236923,16.355049,2.653327,2.664582e+02,7.035717e+00,0.053565,0.053681
100,0.3,16.0,20,1,0.067273,-98.784459,0.208108,14.700625,2.330625,2.152941e+02,5.443527e+00,0.056116,0.055209
100,0.3,16.0,20,1,0.083636,-98.799130,0.338370,13.582697,2.665538,1.837955e+02,7.079439e+00,0.054861,0.053919
100,0.3,16.0,20,1,0.075455,-98.679277,0.375060,14.124445,2.954572,1.988102e+02,8.694831e+00,0.055475,0.054713
100,0.3,16.0,20,1,0.091818,-98.679802,0.374653,12.814259,2.637719,1.636563e+02,6.929997e+00,0.053413,0.053620
100,0.5,1.0,5,1,0.010000,-3.170000,1.320000,4.808178,2.763721,2.302619e+01,7.666794e+00,0.034085,0.034686
100,0.3,16.0,20,1,0.100000,-98.775000,0.344000,12.012152,2.421906,1.437691e+02,5.844370e+00,0.059546,0.058060
100,0.5,1.0,5,1,0.018182,-2.964500,1.380500,3.469015,2.153883,1.203215e+01,4.654073e+00,0.034212,0.033190
100,0.5,1.0,5,1,0.026364,-2.924483,1.475517,2.944777,2.014482,8.702058e+00,4.049609e+00,0.032158,0.032285
100,0.5,1.0,5,1,0.034545,-2.816579,1.652895,2.422468,2.122970,5.976587e+00,4.497002e+00,0.031362,0.031439
100,0.5,1.0,5,1,0.042727,-2.801489,1.598511,2.170271,1.814646,4.834123e+00,3.281008e+00,0.032363,0.032556
100,0.5,1.0,5,1,0.050909,-2.740179,1.559643,1.967955,1.589352,4.050357e+00,2.515949e+00,0.032343,0.032316
100,0.5,1.0,5,1,0.059091,-2.770308,1.555231,1.833384,1.440538,3.515286e+00,2.066914e+00,0.032778,0.033197
100,0.5,1.0,5,1,0.067273,-2.675676,1.571216,1.675238,1.312932,3.049033e+00,1.716957e+00,0.032265,0.033419
100,0.5,1.0,5,1,0.075455,-2.695663,1.598313,1.572298,1.311971,2.696327e+00,1.715608e+00,0.032372,0.033126
100,0.5,1.0,5,1,0.100000,-2.701000,1.596000,1.374009,1.200228,2.109308e+00,1.435853e+00,0.031746,0.033034
100,0.5,1.0,5,1,0.091818,-2.689010,1.597723,1.405309,1.245061,2.207570e+00,1.545161e+00,0.032829,0.033102
100,0.5,1.0,5,1,0.083636,-2.678261,1.600978,1.469701,1.270346,2.402618e+00,1.608743e+00,0.034482,0.035098
100,0.5,1.0,10,1,0.010000,-3.190000,1.340000,4.877917,2.763139,2.372411e+01,7.695026e+00,0.034663,0.034449
100,0.5,1.0,10,1,0.018182,-3.041500,1.446500,3.588275,2.374104,1.291864e+01,5.651671e+00,0.034164,0.034289
100,0.5,1.0,10,1,0.026364,-2.992759,1.536207,3.011280,2.135598,9.158293e+00,4.553526e+00,0.034938,0.034804
100,0.5,1.0,10,1,0.034545,-2.877368,1.731053,2.470514,2.250299,6.301264e+00,5.051690e+00,0.034986,0.035383
100,0.5,1.0,10,1,0.042727,-2.860000,1.666383,2.231214,1.908150,5.197318e+00,3.627115e+00,0.033484,0.033948
100,0.5,1.0,10,1,0.050909,-2.803036,1.628393,2.050568,1.679935,4.485855e+00,2.811052e+00,0.034404,0.034690
100,0.5,1.0,10,1,0.059091,-2.846462,1.619538,1.966851,1.511841,4.105362e+00,2.276984e+00,0.035013,0.035134
100,0.5,1.0,10,1,0.067273,-2.744054,1.632162,1.795896,1.375559,3.578047e+00,1.884674e+00,0.034618,0.034780
100,0.5,1.0,10,1,0.075455,-2.760602,1.660602,1.677840,1.366406,3.149849e+00,1.859980e+00,0.034252,0.034830
100,0.5,1.0,10,1,0.083636,-2.752391,1.681087,1.586590,1.373148,2.862889e+00,1.879597e+00,0.035116,0.035220
100,0.5,1.0,10,1,0.091818,-2.763069,1.676139,1.516027,1.350177,2.632212e+00,1.816919e+00,0.034043,0.035740
100,0.5,1.0,10,1,0.100000,-2.769000,1.672000,1.474308,1.293487,2.501044e+00,1.667374e+00,0.034480,0.035353
100,0.5,1.0,15,1,0.010000,-3.190000,1.340000,4.877917,2.763139,2.372463e+01,7.695445e+00,0.034742,0.034633
100,0.5,1.0,15,1,0.018182,-3.041500,1.446500,3.588275,2.374104,1.291964e+01,5.651942e+00,0.034571,0.034703
100,0.5,1.0,15,1,0.034545,-2.877368,1.731053,2.470514,2.250299,6.302801e+00,5.051566e+00,0.035419,0.035732
100,0.5,1.0,15,1,0.026364,-2.992759,1.536207,3.011280,2.135598,9.159454e+00,4.553672e+00,0.037004,0.037838
100,0.5,1.0,15,1,0.042727,-2.860000,1.666383,2.231214,1.908150,5.198912e+00,3.627080e+00,0.035842,0.035544
100,0.5,1.0,15,1,0.050909,-2.803036,1.628393,2.050568,1.679935,4.487634e+00,2.811071e+00,0.035729,0.035634
100,0.5,1.0,15,1,0.059091,-2.846462,1.619538,1.966851,1.511841,4.107000e+00,2.277014e+00,0.034200,0.034782
100,0.5,1.0,15,1,0.067273,-2.744054,1.632162,1.795896,1.375559,3.580018e+00,1.884687e+00,0.034360,0.035497
100,0.5,1.0,15,1,0.091818,-2.763069,1.676139,1.516027,1.350177,2.634121e+00,1.816870e+00,0.033361,0.034545
100,0.5,1.0,15,1,0.075455,-2.760602,1.660602,1.677840,1.366406,3.151766e+00,1.859953e+00,0.035152,0.036443
100,0.5,1.0,15,1,0.083636,-2.752391,1.681087,1.586590,1.373148,2.864833e+00,1.879542e+00,0.034780,0.035084
100,0.5,1.0,15,1,0.100000,-2.769000,1.672000,1.474308,1.293487,2.502934e+00,1.667332e+00,0.033972,0.035357
100,0.5,1.0,20,1,0.010000,-3.190000,1.340000,4.877917,2.763139,2.372464e+01,7.695446e+00,0.035548,0.035579
100,0.5,1.0,20,1,0.018182,-3.041500,1.446500,3.588275,2.374104,1.291965e+01,5.651943e+00,0.035491,0.034746
100,0.5,1.0,20,1,0.034545,-2.877368,1.731053,2.470514,2.250299,6.302807e+00,5.051565e+00,0.034803,0.035181
100,0.5,1.0,20,1,0.026364,-2.992759,1.536207,3.011280,2.135598,9.159458e+00,4.553673e+00,0.036420,0.035995
100,0.5,1.0,20,1,0.042727,-2.860000,1.666383,2.231214,1.908150,5.198918e+00,3.627080e+00,0.034261,0.034129
100,0.5,1.0,20,1,0.050909,-2.803036,1.628393,2.050568,1.679935,4.487640e+00,2.811071e+00,0.035207,0.035031
100,0.5,1.0,20,1,0.059091,-2.846462,1.619538,1.966851,1.511841,4.107006e+00,2.277014e+00,0.034685,0.034886
100,0.5,1.0,20,1,0.075455,-2.760602,1.660602,1.677840,1.366406,3.151773e+00,1.859953e+00,0.033630,0.034360
100,0.5,1.0,20,1,0.083636,-2.752391,1.681087,1.586590,1.373148,2.864840e+00,1.879542e+00,0.034084,0.034728
100,0.5,1.0,20,1,0.067273,-2.744054,1.632162,1.795896,1.375559,3.580025e+00,1.884687e+00,0.035119,0.036071
100,0.5,1.0,20,1,0.091818,-2.763069,1.676139,1.516027,1.350177,2.634128e+00,1.816870e+00,0.034558,0.035613
100,0.5,1.0,20,1,0.100000,-2.769000,1.672000,1.474308,1.293487,2.502941e+00,1.667332e+00,0.033779,0.034995
100,0.5,2.0,5,1,0.010000,-19.240000,4.460000,15.949607,7.032512,2.534866e+02,4.926595e+01,0.039083,0.038991
100,0.5,2.0,5,1,0.018182,-18.205000,4.752000,11.868442,6.530060,1.407824e+02,4.261470e+01,0.041701,0.040698
100,0.5,2.0,5,1,0.026364,-18.180345,4.536552,10.161773,5.049492,1.033695e+02,2.542210e+01,0.039733,0.040150
100,0.5,2.0,5,1,0.034545,-17.261316,4.489737,8.304567,4.170281,7.138215e+01,1.733528e+01,0.039994,0.040569
100,0.5,2.0,5,1,0.042727,-16.797234,4.598936,7.394913,3.754409,5.889647e+01,1.409021e+01,0.039749,0.041182
100,0.5,2.0,5,1,0.050909,-16.242679,4.620000,6.902384,3.402297,5.452487e+01,1.159029e+01,0.039998,0.040701
100,0.5,2.0,5,1,0.059091,-16.114154,4.457538,6.377513,3.065915,4.828265e+01,9.369364e+00,0.039974,0.040650
100,0.5,2.0,5,1,0.067273,-15.993108,4.394054,6.150651,2.795310,4.614144e+01,7.782940e+00,0.037995,0.038667
100,0.5,2.0,5,1,0.100000,-14.951000,4.585000,5.332927,2.426743,4.393756e+01,5.910432e+00,0.038112,0.039344
100,0.5,2.0,5,1,0.075455,-15.728675,4.454337,5.894119,2.673928,4.467232e+01,7.127895e+00,0.041417,0.042712
100,0.5,2.0,5,1,0.083636,-15.561413,4.416739,5.692194,2.534908,4.343168e+01,6.401959e+00,0.041752,0.042763
100,0.5,2.0,5,1,0.091818,-15.193069,4.469703,5.476946,2.545121,4.363388e+01,6.461067e+00,0.041153,0.042142
100,0.5,2.0,10,1,0.010000,-24.630000,5.950000,21.235392,11.664766,4.494666e+02,1.356582e+02,0.046532,0.045900
100,0.5,2.0,10,1,0.018182,-23.716000,6.226000,15.924078,9.945966,2.547737e+02,9.894177e+01,0.046059,0.045310
100,0.5,2.0,10,1,0.034545,-22.535526,5.977632,11.602184,6.524628,1.411886e+02,4.255731e+01,0.044915,0.046444
100,0.5,2.0,10,1,0.042727,-21.838511,6.024255,10.298040,5.789895,1.169464e+02,3.358471e+01,0.044278,0.044943
100,0.5,2.0,10,1,0.026364,-23.710690,6.053793,14.213470,8.127914,2.034422e+02,6.602168e+01,0.047597,0.046738
100,0.5,2.0,10,1,0.050909,-20.929464,6.002857,9.368472,5.088869,1.056818e+02,2.597044e+01,0.042456,0.044854
100,0.5,2.0,10,1,0.059091,-20.717231,5.814769,8.864314,4.622120,9.838548e+01,2.133290e+01,0.045514,0.046497
100,0.5,2.0,10,1,0.067273,-20.455541,5.785405,8.399813,4.283960,9.281470e+01,1.832043e+01,0.044279,0.047018
100,0.5,2.0,10,1,0.100000,-18.885000,5.912000,7.128695,3.494726,9.053440e+01,1.227340e+01,0.041225,0.043721
100,0.5,2.0,10,1,0.075455,-20.013373,5.745181,7.988266,3.944069,9.049122e+01,1.552020e+01,0.044027,0.046881
100,0.5,2.0,10,1,0.091818,-19.254356,5.790792,7.400445,3.683219,8.993600e+01,1.355559e+01,0.042117,0.044642
100,0.5,2.0,10,1,0.083636,-19.746196,5.700870,7.676694,3.672211,8.847456e+01,1.344541e+01,0.043219,0.045344
100,0.5,2.0,15,1,0.010000,-24.670000,6.080000,21.407926,12.075466,4.571223e+02,1.454401e+02,0.046130,0.046116
100,0.5,2.0,15,1,0.018182,-23.754500,6.325000,16.039842,10.135657,2.592249e+02,1.028098e+02,0.046094,0.046616
100,0.5,2.0,15,1,0.042727,-21.985957,6.064043,10.495499,5.880349,1.219235e+02,3.463240e+01,0.045193,0.046123
100,0.5,2.0,15,1,0.026364,-23.870000,6.125862,14.473880,8.304383,2.112475e+02,6.893716e+01,0.046127,0.046770
100,0.5,2.0,15,1,0.034545,-22.694737,6.038421,11.873786,6.659009,1.481808e+02,4.433544e+01,0.047478,0.047701
100,0.5,2.0,15,1,0.059091,-20.856000,5.867231,9.005286,4.732396,1.021526e+02,2.236436e+01,0.043918,0.045512
100,0.5,2.0,15,1,0.050909,-21.084643,6.040179,9.522990,5.153455,1.096441e+02,2.662373e+01,0.047168,0.047901
100,0.5,2.0,15,1,0.067273,-20.577432,5.832973,8.538189,4.386155,9.664467e+01,1.920440e+01,0.045218,0.046808
100,0.5,2.0,15,1,0.075455,-20.147229,5.790241,8.104929,4.033062,9.386604e+01,1.622763e+01,0.044551,0.047540
100,0.5,2.0,15,1,0.083636,-19.866957,5.745109,7.803628,3.753308,9.215979e+01,1.404525e+01,0.044812,0.046225
100,0.5,2.0,15,1,0.091818,-19.390495,5.834356,7.542851,3.763587,9.374965e+01,1.415150e+01,0.045387,0.047216
100,0.5,2.0,15,1,0.100000,-19.016000,5.963000,7.273711,3.580666,9.447912e+01,1.288370e+01,0.045060,0.048800
100,0.5,2.0,20,1,0.010000,-24.670000,6.080000,21.407926,12.075466,4.571289e+02,1.454395e+02,0.048042,0.048436
100,0.5,2.0,20,1,0.018182,-23.754500,6.325000,16.039842,10.135657,2.592390e+02,1.028090e+02,0.046472,0.048132
100,0.5,2.0,20,1,0.026364,-23.870000,6.125862,14.473880,8.304383,2.112606e+02,6.893660e+01,0.047079,0.048026
100,0.5,2.0,20,1,0.034545,-22.694737,6.038421,11.873786,6.659009,1.482035e+02,4.433497e+01,0.047535,0.048738
100,0.5,2.0,20,1,0.059091,-20.856000,5.867231,9.005286,4.732396,1.021902e+02,2.236409e+01,0.046238,0.046834
100,0.5,2.0,20,1,0.042727,-21.985957,6.064043,10.495499,5.880349,1.219520e+02,3.463191e+01,0.047900,0.049562
100,0.5,2.0,20,1,0.050909,-21.084643,6.040179,9.522990,5.153455,1.096800e+02,2.662326e+01,0.048535,0.048740
100,0.5,2.0,20,1,0.067273,-20.577432,5.840405,8.538189,4.393606,9.668461e+01,1.927245e+01,0.045433,0.046890
100,0.5,2.0,20,1,0.075455,-20.147229,5.796867,8.104929,4.039077,9.390948e+01,1.627802e+01,0.044880,0.046914
100,0.5,2.0,20,1,0.091818,-19.390495,5.839802,7.542851,3.766379,9.379925e+01,1.417450e+01,0.044539,0.047527
100,0.5,2.0,20,1,0.083636,-19.866957,5.751087,7.803628,3.757737,9.220551e+01,1.407971e+01,0.045912,0.047990
100,0.5,2.0,20,1,0.100000,-19.016000,5.968000,7.273711,3.582291,9.453177e+01,1.289831e+01,0.043556,0.046062
100,0.5,4.0,5,1,0.010000,-91.680000,9.070000,39.890382,15.349349,1.593632e+03,2.358081e+02,0.053692,0.052341
100,0.5,4.0,5,1,0.018182,-90.854500,8.184000,28.770226,9.205003,8.289659e+02,8.442753e+01,0.052070,0.052113
100,0.5,4.0,5,1,0.026364,-87.878621,8.678621,24.070478,8.581160,5.777804e+02,7.380423e+01,0.050375,0.050296
100,0.5,4.0,5,1,0.042727,-85.952128,8.266383,20.442958,6.608904,4.239108e+02,4.357462e+01,0.050287,0.049187
100,0.5,4.0,5,1,0.034545,-86.798684,8.504737,22.406869,7.430237,5.037557e+02,5.524380e+01,0.051814,0.052181
100,0.5,4.0,5,1,0.050909,-84.916071,8.165536,19.179008,6.078633,3.808422e+02,3.682986e+01,0.049884,0.050139
100,0.5,4.0,5,1,0.059091,-83.368154,8.046923,17.818726,5.381211,3.448924e+02,2.884394e+01,0.049486,0.049689
100,0.5,4.0,5,1,0.067273,-82.028784,8.022568,16.631551,5.003958,3.202909e+02,2.494001e+01,0.050010,0.050034
100,0.5,4.0,5,1,0.091818,-78.567228,8.209703,15.034820,4.621156,3.282454e+02,2.131424e+01,0.047542,0.048853
100,0.5,4.0,5,1,0.075455,-81.178675,8.223494,16.120400,5.027029,3.157180e+02,2.522053e+01,0.049267,0.050136
100,0.5,4.0,5,1,0.100000,-77.530000,8.217000,14.376852,4.324635,3.311108e+02,1.867537e+01,0.048674,0.050411
100,0.5,4.0,5,1,0.083636,-79.696196,8.221304,15.420742,4.726249,3.182994e+02,2.229769e+01,0.050185,0.050971
100,0.5,4.0,10,1,0.010000,-111.770000,9.150000,61.194946,19.605868,3.776351e+03,3.838181e+02,0.061972,0.062408
100,0.5,4.0,10,1,0.018182,-109.037500,7.403000,41.039115,11.290605,1.694177e+03,1.275520e+02,0.063263,0.062958
100,0.5,4.0,10,1,0.059091,-100.677077,8.035077,23.819017,7.736938,5.833365e+02,5.963826e+01,0.061253,0.061600
100,0.5,4.0,10,1,0.050909,-102.382500,8.055536,26.149876,8.250260,6.876743e+02,6.780703e+01,0.061818,0.062146
100,0.5,4.0,10,1,0.026364,-105.660690,8.788621,33.339261,12.205709,1.107565e+03,1.487694e+02,0.063706,0.064975
100,0.5,4.0,10,1,0.034545,-104.274211,8.640789,31.207683,10.668137,9.704809e+02,1.135781e+02,0.064118,0.064841
100,0.5,4.0,10,1,0.067273,-99.148649,7.928919,21.773996,7.242469,5.058695e+02,5.230039e+01,0.062230,0.063172
100,0.5,4.0,10,1,0.042727,-103.301702,8.275745,28.567520,8.907045,8.155566e+02,7.902987e+01,0.063044,0.066004
100,0.5,4.0,10,1,0.075455,-98.184940,8.200964,20.643092,7.089136,4.702026e+02,5.005596e+01,0.061700,0.064263
100,0.5,4.0,10,1,0.083636,-96.501087,8.303804,19.176836,6.840725,4.376690e+02,4.662696e+01,0.063218,0.064696
100,0.5,4.0,10,1,0.100000,-94.227000,8.203000,17.899225,6.147986,4.340896e+02,3.764781e+01,0.061353,0.064253
100,0.5,4.0,10,1,0.091818,-95.142376,8.258713,18.612968,6.501525,4.412519e+02,4.210909e+01,0.062561,0.065038
100,0.5,4.0,15,1,0.010000,-112.730000,9.290000,62.727674,20.475544,3.972809e+03,4.188892e+02,0.062945,0.062691
100,0.5,4.0,15,1,0.018182,-109.648000,7.452500,41.717612,11.716909,1.751477e+03,1.372120e+02,0.063245,0.063644
100,0.5,4.0,15,1,0.034545,-104.911053,8.635000,32.100507,10.956019,1.026556e+03,1.197974e+02,0.061874,0.062204
100,0.5,4.0,15,1,0.059091,-101.154308,8.009692,24.330833,7.980431,6.076141e+02,6.344999e+01,0.060773,0.061633
100,0.5,4.0,15,1,0.026364,-106.332069,8.826552,34.266571,12.687391,1.170377e+03,1.607948e+02,0.062902,0.063500
100,0.5,4.0,15,1,0.050909,-102.977679,7.982857,26.854181,8.480269,7.241111e+02,7.165259e+01,0.061962,0.063300
100,0.5,4.0,15,1,0.042727,-103.996809,8.219574,29.461100,9.208848,8.664426e+02,8.446972e+01,0.063372,0.063735
100,0.5,4.0,15,1,0.075455,-98.635542,8.173133,20.920051,7.248503,4.816028e+02,5.233161e+01,0.060187,0.062053
100,0.5,4.0,15,1,0.067273,-99.616892,7.897703,22.305307,7.454455,5.289356e+02,5.540624e+01,0.060721,0.062811
100,0.5,4.0,15,1,0.083636,-96.925543,8.285870,19.449368,6.979054,4.485147e+02,4.853311e+01,0.060474,0.062504
100,0.5,4.0,15,1,0.091818,-95.582376,8.217327,18.863236,6.646572,4.507071e+02,4.400591e+01,0.059689,0.062621
100,0.5,4.0,15,1,0.100000,-94.726000,8.166000,18.092576,6.271665,4.398825e+02,3.917703e+01,0.060725,0.063041
100,0.5,4.0,20,1,0.010000,-112.820000,9.290000,62.713872,20.475544,3.972263e+03,4.188902e+02,0.063843,0.064294
100,0.5,4.0,20,1,0.018182,-109.730500,7.452500,41.717046,11.716909,1.752051e+03,1.372114e+02,0.063802,0.063472
100,0.5,4.0,20,1,0.034545,-104.960263,8.643684,32.097327,10.977056,1.026316e+03,1.202661e+02,0.061336,0.063304
100,0.5,4.0,20,1,0.026364,-106.381379,8.837931,34.265565,12.720809,1.170384e+03,1.616569e+02,0.062646,0.064540
100,0.5,4.0,20,1,0.042727,-104.036596,8.226596,29.463170,9.224711,8.664816e+02,8.476217e+01,0.062808,0.063310
100,0.5,4.0,20,1,0.050909,-103.003214,7.988750,26.858510,8.491992,7.242679e+02,7.184877e+01,0.062016,0.064070
100,0.5,4.0,20,1,0.067273,-99.634730,7.902162,22.302273,7.462318,5.287105e+02,5.552067e+01,0.061598,0.063699
100,0.5,4.0,20,1,0.059091,-101.174615,8.014769,24.332269,7.989495,6.075966e+02,6.359274e+01,0.063374,0.064298
100,0.5,4.0,20,1,0.075455,-98.646145,8.177108,20.915968,7.254855,4.814248e+02,5.242366e+01,0.062980,0.064382
100,0.5,4.0,20,1,0.091818,-95.591089,8.212970,18.859914,6.647096,4.506080e+02,4.401227e+01,0.060589,0.063393
100,0.5,4.0,20,1,0.083636,-96.935109,8.284674,19.447722,6.980505,4.484588e+02,4.855306e+01,0.061784,0.063820
100,0.5,4.0,20,1,0.100000,-94.736000,8.169000,18.092961,6.274725,4.398969e+02,3.921545e+01,0.061226,0.063598
100,0.5,8.0,5,1,0.010000,-100.400000,2.140000,46.470183,10.713520,2.160681e+03,1.143374e+02,0.050853,0.050014
100,0.5,8.0,5,1,0.018182,-102.855500,2.524500,36.377556,10.006842,1.318498e+03,1.000016e+02,0.051859,0.051899
100,0.5,8.0,5,1,0.026364,-100.035517,2.230345,27.956978,8.114104,7.907265e+02,6.562410e+01,0.049889,0.049597
100,0.5,8.0,5,1,0.042727,-101.864681,1.738936,23.529802,5.418548,5.542336e+02,2.931642e+01,0.050540,0.050622
100,0.5,8.0,5,1,0.059091,-104.471231,1.775231,20.455751,4.553632,4.176368e+02,2.070750e+01,0.049732,0.049677
100,0.5,8.0,5,1,0.034545,-101.582105,2.003158,25.894568,6.659345,6.716681e+02,4.416953e+01,0.051475,0.051118
100,0.5,8.0,5,1,0.050909,-102.975714,1.815000,21.449306,5.042357,4.585474e+02,2.536149e+01,0.050913,0.050817
100,0.5,8.0,5,1,0.067273,-104.736351,1.828378,19.972298,4.333073,3.987356e+02,1.873322e+01,0.050157,0.050048
100,0.5,8.0,5,1,0.083636,-104.942391,1.823370,18.389262,3.752716,3.387875e+02,1.406118e+01,0.050075,0.050290
100,0.5,8.0,5,1,0.075455,-104.973133,1.828916,19.645835,4.017731,3.864775e+02,1.611020e+01,0.050942,0.051122
100,0.5,8.0,5,1,0.091818,-104.791881,1.904851,17.653222,3.683298,3.119645e+02,1.352337e+01,0.050363,0.050457
100,0.5,8.0,5,1,0.100000,-105.461000,1.895000,16.989461,3.579452,2.911891e+02,1.277433e+01,0.050885,0.051540
100,0.5,8.0,10,1,0.010000,-97.290000,3.100000,49.767339,18.504314,2.478910e+03,3.431205e+02,0.053106,0.052657
100,0.5,8.0,10,1,0.018182,-97.559000,2.816000,36.338925,13.005169,1.325471e+03,1.697998e+02,0.054051,0.053085
100,0.5,8.0,10,1,0.026364,-95.074138,2.347931,28.132468,9.901632,8.205800e+02,9.812671e+01,0.052764,0.052046
100,0.5,8.0,10,1,0.034545,-97.297895,1.945263,27.526979,7.799128,7.666782e+02,6.066584e+01,0.053692,0.053132
100,0.5,8.0,10,1,0.042727,-98.410213,1.687447,25.467857,6.476486,6.515309e+02,4.177798e+01,0.053832,0.053826
100,0.5,8.0,10,1,0.067273,-101.785676,1.679730,21.245706,5.043583,4.506300e+02,2.533647e+01,0.054172,0.053295
100,0.5,8.0,10,1,0.050909,-99.449821,1.626429,23.006459,5.837015,5.288921e+02,3.393544e+01,0.055091,0.054141
100,0.5,8.0,10,1,0.075455,-101.768554,1.677831,20.268305,4.720004,4.101815e+02,2.218973e+01,0.053716,0.052754
100,0.5,8.0,10,1,0.083636,-101.854022,1.597391,19.185680,4.333004,3.678185e+02,1.870345e+01,0.052956,0.052866
100,0.5,8.0,10,1,0.059091,-100.996923,1.501077,21.208968,5.171470,4.480780e+02,2.666163e+01,0.054671,0.054477
100,0.5,8.0,10,1,0.091818,-101.772871,1.696832,18.422029,4.326830,3.390430e+02,1.864811e+01,0.055020,0.053808
100,0.5,8.0,10,1,0.100000,-102.732000,1.651000,17.616513,4.081985,3.129956e+02,1.659599e+01,0.054807,0.053626
100,0.5,8.0,15,1,0.010000,-97.060000,3.110000,49.844703,18.546666,2.487982e+03,3.447204e+02,0.054143,0.054070
100,0.5,8.0,15,1,0.018182,-97.311500,2.810500,36.343164,13.022991,1.327188e+03,1.702554e+02,0.056813,0.056411
100,0.5,8.0,15,1,0.026364,-94.895862,2.344138,28.192136,9.912923,8.255859e+02,9.834809e+01,0.056159,0.055455
100,0.5,8.0,15,1,0.034545,-97.199474,1.942368,27.569804,7.807534,7.694768e+02,6.079642e+01,0.056357,0.056166
100,0.5,8.0,15,1,0.050909,-99.257321,1.624464,23.100535,5.842291,5.336517e+02,3.399676e+01,0.055073,0.054528
100,0.5,8.0,15,1,0.067273,-101.650405,1.678243,21.330002,5.047212,4.540071e+02,2.537300e+01,0.055744,0.054968
100,0.5,8.0,15,1,0.075455,-101.673133,1.676506,20.306701,4.723138,4.116133e+02,2.221927e+01,0.057038,0.055997
100,0.5,8.0,15,1,0.042727,-98.340000,1.685106,25.464507,6.483145,6.515314e+02,4.186396e+01,0.058084,0.058152
100,0.5,8.0,15,1,0.083636,-101.763152,1.596196,19.189108,4.335806,3.678286e+02,1.872745e+01,0.057393,0.055711
100,0.5,8.0,15,1,0.059091,-100.864923,1.499385,21.291542,5.175923,4.515363e+02,2.670719e+01,0.058131,0.057184
100,0.5,8.0,15,1,0.091818,-101.679208,1.705545,18.444636,4.392866,3.397560e+02,1.922266e+01,0.056242,0.055515
100,0.5,8.0,15,1,0.100000,-102.677000,1.659000,17.641850,4.140840,3.138037e+02,1.707799e+01,0.056499,0.055595
100,0.5,8.0,20,1,0.010000,-97.060000,3.110000,49.844703,18.546666,2.487981e+03,3.447204e+02,0.058219,0.057653
100,0.5,8.0,20,1,0.018182,-97.311500,2.810500,36.343164,13.022991,1.327187e+03,1.702555e+02,0.056160,0.055474
100,0.5,8.0,20,1,0.026364,-94.892069,2.344138,28.196436,9.912923,8.258693e+02,9.834811e+01,0.056574,0.055767
100,0.5,8.0,20,1,0.034545,-97.199474,1.942368,27.569804,7.807534,7.694754e+02,6.079643e+01,0.057255,0.055989
100,0.5,8.0,20,1,0.042727,-98.340000,1.685106,25.464507,6.483145,6.515304e+02,4.186396e+01,0.057795,0.056623
100,0.5,8.0,20,1,0.050909,-99.257321,1.624464,23.100535,5.842291,5.336511e+02,3.399676e+01,0.056941,0.056315
100,0.5,8.0,20,1,0.075455,-101.673133,1.676506,20.306701,4.723138,4.116137e+02,2.221927e+01,0.056420,0.055975
100,0.5,8.0,20,1,0.067273,-101.650405,1.678243,21.330002,5.047212,4.540075e+02,2.537300e+01,0.056470,0.056638
100,0.5,8.0,20,1,0.059091,-100.864923,1.499385,21.291542,5.175923,4.515363e+02,2.670718e+01,0.058513,0.057208
100,0.5,8.0,20,1,0.083636,-101.763152,1.596196,19.189108,4.335806,3.678290e+02,1.872745e+01,0.058064,0.056764
100,0.5,8.0,20,1,0.091818,-101.679208,1.705545,18.444636,4.392866,3.397564e+02,1.922266e+01,0.058127,0.057055
100,0.5,8.0,20,1,0.100000,-102.677000,1.659000,17.641850,4.140840,3.138045e+02,1.707799e+01,0.056802,0.056756
100,0.5,16.0,5,1,0.010000,-97.120000,0.680000,34.353694,8.927846,1.179881e+03,7.946535e+01,0.049156,0.048836
100,0.5,16.0,5,1,0.018182,-96.008000,0.929500,23.039193,7.921694,5.390212e+02,6.278135e+01,0.048328,0.047712
100,0.5,16.0,5,1,0.026364,-97.228621,0.838276,20.266945,6.212054,4.130860e+02,3.862632e+01,0.047530,0.047437
100,0.5,16.0,5,1,0.042727,-98.002979,0.648298,17.678246,4.260136,3.127602e+02,1.813724e+01,0.046962,0.046959
100,0.5,16.0,5,1,0.034545,-98.227105,0.654211,20.172080,4.744339,4.062781e+02,2.248275e+01,0.047847,0.047611
100,0.5,16.0,5,1,0.050909,-99.481250,0.661964,18.263052,4.015944,3.322713e+02,1.613131e+01,0.048191,0.047787
100,0.5,16.0,5,1,0.067273,-100.382432,0.503919,16.548396,3.038782,2.740969e+02,9.207815e+00,0.047487,0.046808
100,0.5,16.0,5,1,0.059091,-99.996769,0.572000,17.842129,3.459714,3.176660e+02,1.195092e+01,0.047800,0.047991
100,0.5,16.0,5,1,0.075455,-100.210000,0.450602,15.291933,2.709136,2.338808e+02,7.312502e+00,0.046839,0.046613
100,0.5,16.0,5,1,0.091818,-100.506238,0.428020,13.698655,2.296986,1.885477e+02,5.255759e+00,0.047277,0.046976
100,0.5,16.0,5,1,0.083636,-100.455109,0.463913,14.571146,2.521023,2.129857e+02,6.334072e+00,0.048225,0.047273
100,0.5,16.0,5,1,0.100000,-100.199000,0.445000,12.774266,2.248879,1.634806e+02,5.039146e+00,0.047581,0.047032
100,0.5,16.0,10,1,0.010000,-96.880000,0.550000,34.780084,8.696264,1.209486e+03,7.534753e+01,0.049542,0.049301
100,0.5,16.0,10,1,0.018182,-95.711000,0.858000,23.443857,7.848462,5.585059e+02,6.156931e+01,0.048928,0.048473
100,0.5,16.0,10,1,0.026364,-96.826552,0.785172,20.351572,6.169460,4.174342e+02,3.806474e+01,0.047751,0.047117
100,0.5,16.0,10,1,0.034545,-97.737895,0.599211,20.412659,4.708272,4.167084e+02,2.212218e+01,0.047816,0.047592
100,0.5,16.0,10,1,0.042727,-97.684681,0.603830,17.846637,4.235158,3.190685e+02,1.790977e+01,0.047918,0.047637
100,0.5,16.0,10,1,0.067273,-100.276892,0.474189,16.670277,3.025671,2.783136e+02,9.124852e+00,0.047673,0.047358
100,0.5,16.0,10,1,0.050909,-99.273036,0.624643,18.309024,3.998395,3.339332e+02,1.597743e+01,0.048719,0.048315
100,0.5,16.0,10,1,0.059091,-99.758154,0.539846,17.790723,3.444610,3.157579e+02,1.183979e+01,0.049029,0.048210
100,0.5,16.0,10,1,0.075455,-100.098675,0.422771,15.384453,2.697586,2.368530e+02,7.248821e+00,0.047673,0.048339
100,0.5,16.0,10,1,0.091818,-100.371188,0.347426,13.659753,2.216828,1.876115e+02,4.896638e+00,0.048059,0.047459
100,0.5,16.0,10,1,0.083636,-100.299674,0.381413,14.640551,2.433692,2.150722e+02,5.899271e+00,0.048767,0.048074
100,0.5,16.0,10,1,0.100000,-99.987000,0.370000,12.758357,2.181890,1.630192e+02,4.742075e+00,0.048503,0.048159
100,0.5,16.0,15,1,0.010000,-96.880000,0.550000,34.780084,8.696264,1.209486e+03,7.534753e+01,0.049291,0.048901
100,0.5,16.0,15,1,0.018182,-95.711000,0.858000,23.443857,7.848462,5.585053e+02,6.156931e+01,0.048677,0.048391
100,0.5,16.0,15,1,0.026364,-96.826552,0.785172,20.351572,6.169460,4.174338e+02,3.806474e+01,0.048820,0.048330
100,0.5,16.0,15,1,0.042727,-97.684681,0.603830,17.846637,4.235158,3.190682e+02,1.790977e+01,0.048853,0.048382
100,0.5,16.0,15,1,0.034545,-97.737895,0.599211,20.412659,4.708272,4.167082e+02,2.212218e+01,0.049466,0.048896
100,0.5,16.0,15,1,0.050909,-99.273036,0.624643,18.309024,3.998395,3.339333e+02,1.597743e+01,0.048518,0.048197
100,0.5,16.0,15,1,0.067273,-100.276892,0.474189,16.670277,3.025671,2.783138e+02,9.124853e+00,0.048583,0.048564
100,0.5,16.0,15,1,0.059091,-99.758154,0.539846,17.790723,3.444610,3.157580e+02,1.183979e+01,0.049687,0.049371
100,0.5,16.0,15,1,0.075455,-100.098675,0.422771,15.384453,2.697586,2.368532e+02,7.248821e+00,0.049128,0.048993
100,0.5,16.0,15,1,0.083636,-100.299674,0.381413,14.640551,2.433692,2.150724e+02,5.899271e+00,0.048761,0.048283
100,0.5,16.0,15,1,0.091818,-100.371188,0.347426,13.659753,2.216828,1.876117e+02,4.896637e+00,0.048974,0.048600
100,0.5,16.0,15,1,0.100000,-99.987000,0.370000,12.758357,2.181890,1.630194e+02,4.742075e+00,0.049077,0.048545
100,0.5,16.0,20,1,0.010000,-96.880000,0.550000,34.780084,8.696264,1.209486e+03,7.534753e+01,0.050588,0.050224
100,0.5,16.0,20,1,0.018182,-95.711000,0.858000,23.443857,7.848462,5.585053e+02,6.156931e+01,0.049652,0.049745
100,0.5,16.0,20,1,0.026364,-96.826552,0.785172,20.351572,6.169460,4.174338e+02,3.806474e+01,0.051121,0.051805
100,0.5,16.0,20,1,0.034545,-97.737895,0.599211,20.412659,4.708272,4.167082e+02,2.212218e+01,0.049289,0.048987
100,0.5,16.0,20,1,0.042727,-97.684681,0.603830,17.846637,4.235158,3.190682e+02,1.790977e+01,0.049176,0.048842
100,0.5,16.0,20,1,0.050909,-99.273036,0.624643,18.309024,3.998395,3.339333e+02,1.597743e+01,0.049429,0.049153
100,0.5,16.0,20,1,0.059091,-99.758154,0.539846,17.790723,3.444610,3.157580e+02,1.183979e+01,0.049324,0.049094
100,0.5,16.0,20,1,0.075455,-100.098675,0.422771,15.384453,2.697586,2.368532e+02,7.248821e+00,0.049652,0.049083
100,0.5,16.0,20,1,0.083636,-100.299674,0.381413,14.640551,2.433692,2.150724e+02,5.899271e+00,0.049587,0.048890
100,0.5,16.0,20,1,0.067273,-100.276892,0.474189,16.670277,3.025671,2.783138e+02,9.124853e+00,0.051250,0.050948
100,0.5,16.0,20,1,0.091818,-100.371188,0.347426,13.659753,2.216828,1.876117e+02,4.896637e+00,0.050408,0.050423
100,0.5,16.0,20,1,0.100000,-99.987000,0.370000,12.758357,2.181890,1.630194e+02,4.742075e+00,0.050293,0.050054
100,0.8,1.0,5,1,0.010000,-1.630000,0.310000,2.364416,1.016382,5.583439e+00,1.029007e+00,0.027146,0.027081
100,0.8,1.0,5,1,0.018182,-1.501500,0.247500,1.613528,0.691080,2.593082e+00,4.783994e-01,0.026904,0.026929
100,0.8,1.0,5,1,0.026364,-1.441379,0.280690,1.381390,0.601234,1.904801e+00,3.603951e-01,0.027485,0.027490
100,0.8,1.0,5,1,0.034545,-1.401053,0.309737,1.215961,0.647289,1.483692e+00,4.174096e-01,0.026950,0.026974
100,0.8,1.0,5,1,0.042727,-1.366809,0.315957,1.040726,0.591068,1.098194e+00,3.482304e-01,0.027536,0.027480
100,0.8,1.0,5,1,0.050909,-1.357321,0.322143,0.950612,0.528512,9.221989e-01,2.787140e-01,0.026893,0.027166
100,0.8,1.0,5,1,0.059091,-1.335231,0.326615,0.900048,0.472067,8.360580e-01,2.226834e-01,0.027233,0.027340
100,0.8,1.0,5,1,0.067273,-1.333378,0.346351,0.845385,0.463799,7.416658e-01,2.164315e-01,0.026903,0.027006
100,0.8,1.0,5,1,0.075455,-1.335904,0.343253,0.823909,0.424468,7.050938e-01,1.813545e-01,0.026766,0.027048
100,0.8,1.0,5,1,0.083636,-1.310435,0.340761,0.771589,0.386406,6.312724e-01,1.504038e-01,0.026905,0.027200
100,0.8,1.0,5,1,0.091818,-1.313465,0.332178,0.725578,0.370438,5.614846e-01,1.377341e-01,0.027155,0.027571
100,0.8,1.0,5,1,0.100000,-1.305000,0.334000,0.704778,0.365346,5.351857e-01,1.341249e-01,0.027625,0.028070
100,0.8,1.0,10,1,0.010000,-1.630000,0.310000,2.364416,1.016382,5.583112e+00,1.029002e+00,0.027988,0.027879
100,0.8,1.0,10,1,0.018182,-1.501500,0.247500,1.613528,0.691080,2.593096e+00,4.784253e-01,0.027817,0.027803
100,0.8,1.0,10,1,0.026364,-1.441379,0.280690,1.381390,0.601234,1.904975e+00,3.604046e-01,0.027958,0.028145
100,0.8,1.0,10,1,0.034545,-1.401053,0.309737,1.215961,0.647289,1.483973e+00,4.174046e-01,0.027752,0.027842
100,0.8,1.0,10,1,0.042727,-1.366809,0.315957,1.040726,0.591068,1.098566e+00,3.482224e-01,0.028175,0.028306
100,0.8,1.0,10,1,0.050909,-1.357321,0.322143,0.950612,0.528512,9.225956e-01,2.787029e-01,0.028244,0.028568
100,0.8,1.0,10,1,0.059091,-1.335231,0.326615,0.900048,0.472067,8.365134e-01,2.226701e-01,0.028222,0.028123
100,0.8,1.0,10,1,0.067273,-1.333378,0.346351,0.845385,0.463799,7.421261e-01,2.164083e-01,0.027825,0.027906
100,0.8,1.0,10,1,0.075455,-1.335904,0.343253,0.823909,0.424468,7.055474e-01,1.813329e-01,0.027648,0.028186
100,0.8,1.0,10,1,0.083636,-1.310435,0.340761,0.771589,0.386406,6.317936e-01,1.503834e-01,0.028001,0.028455
100,0.8,1.0,10,1,0.091818,-1.313465,0.332178,0.725578,0.370438,5.619977e-01,1.377180e-01,0.027676,0.028090
100,0.8,1.0,10,1,0.100000,-1.305000,0.334000,0.704778,0.365346,5.357213e-01,1.341079e-01,0.028520,0.028978
100,0.8,1.0,15,1,0.010000,-1.630000,0.310000,2.364416,1.016382,5.583112e+00,1.029002e+00,0.029040,0.029161
100,0.8,1.0,15,1,0.018182,-1.501500,0.247500,1.613528,0.691080,2.593096e+00,4.784253e-01,0.028672,0.028671
100,0.8,1.0,15,1,0.026364,-1.441379,0.280690,1.381390,0.601234,1.904975e+00,3.604046e-01,0.028985,0.028977
100,0.8,1.0,15,1,0.034545,-1.401053,0.309737,1.215961,0.647289,1.483973e+00,4.174046e-01,0.028782,0.028819
100,0.8,1.0,15,1,0.042727,-1.366809,0.315957,1.040726,0.591068,1.098566e+00,3.482224e-01,0.029300,0.029086
100,0.8,1.0,15,1,0.059091,-1.335231,0.326615,0.900048,0.472067,8.365134e-01,2.226701e-01,0.028737,0.028957
100,0.8,1.0,15,1,0.067273,-1.333378,0.346351,0.845385,0.463799,7.421261e-01,2.164083e-01,0.028636,0.028978
100,0.8,1.0,15,1,0.050909,-1.357321,0.322143,0.950612,0.528512,9.225956e-01,2.787029e-01,0.029568,0.029984
100,0.8,1.0,15,1,0.075455,-1.335904,0.343253,0.823909,0.424468,7.055475e-01,1.813329e-01,0.028332,0.028931
100,0.8,1.0,15,1,0.083636,-1.310435,0.340761,0.771589,0.386406,6.317937e-01,1.503834e-01,0.028771,0.029055
100,0.8,1.0,15,1,0.091818,-1.313465,0.332178,0.725578,0.370438,5.619978e-01,1.377180e-01,0.029116,0.029578
100,0.8,1.0,15,1,0.100000,-1.305000,0.334000,0.704778,0.365346,5.357213e-01,1.341079e-01,0.029314,0.029870
100,0.8,1.0,20,1,0.018182,-1.501500,0.247500,1.613528,0.691080,2.593096e+00,4.784253e-01,0.029654,0.029676
100,0.8,1.0,20,1,0.010000,-1.630000,0.310000,2.364416,1.016382,5.583112e+00,1.029002e+00,0.030805,0.030492
100,0.8,1.0,20,1,0.026364,-1.441379,0.280690,1.381390,0.601234,1.904975e+00,3.604046e-01,0.029637,0.029765
100,0.8,1.0,20,1,0.034545,-1.401053,0.309737,1.215961,0.647289,1.483973e+00,4.174046e-01,0.029744,0.029949
100,0.8,1.0,20,1,0.042727,-1.366809,0.315957,1.040726,0.591068,1.098566e+00,3.482224e-01,0.029675,0.030016
100,0.8,1.0,20,1,0.050909,-1.357321,0.322143,0.950612,0.528512,9.225956e-01,2.787029e-01,0.029616,0.029843
100,0.8,1.0,20,1,0.075455,-1.335904,0.343253,0.823909,0.424468,7.055475e-01,1.813329e-01,0.029299,0.029699
100,0.8,1.0,20,1,0.059091,-1.335231,0.326615,0.900048,0.472067,8.365134e-01,2.226701e-01,0.029789,0.030101
100,0.8,1.0,20,1,0.067273,-1.333378,0.346351,0.845385,0.463799,7.421261e-01,2.164083e-01,0.030752,0.031170
100,0.8,1.0,20,1,0.083636,-1.310435,0.340761,0.771589,0.386406,6.317937e-01,1.503834e-01,0.029218,0.029831
100,0.8,1.0,20,1,0.091818,-1.313465,0.332178,0.725578,0.370438,5.619978e-01,1.377180e-01,0.030363,0.030791
100,0.8,1.0,20,1,0.100000,-1.305000,0.334000,0.704778,0.365346,5.357213e-01,1.341079e-01,0.029742,0.030290
100,0.8,2.0,5,1,0.010000,-4.120000,0.410000,4.511876,1.346906,2.062612e+01,1.809366e+00,0.030699,0.030506
100,0.8,2.0,5,1,0.018182,-4.240500,0.374000,3.440796,0.869207,1.201408e+01,7.598370e-01,0.030656,0.031149
100,0.8,2.0,5,1,0.026364,-4.248276,0.398276,2.907235,0.851775,8.633289e+00,7.263872e-01,0.029927,0.030530
100,0.8,2.0,5,1,0.034545,-4.122105,0.434211,2.562879,0.728031,6.890110e+00,5.285564e-01,0.029915,0.029908
100,0.8,2.0,5,1,0.042727,-4.107447,0.421277,2.284206,0.707822,5.562270e+00,5.004821e-01,0.029953,0.030596
100,0.8,2.0,5,1,0.059091,-3.966769,0.433231,1.939830,0.645624,4.303330e+00,4.158618e-01,0.029410,0.029866
100,0.8,2.0,5,1,0.050909,-4.022857,0.428214,2.067758,0.704108,4.733504e+00,4.947739e-01,0.029736,0.030141
100,0.8,2.0,5,1,0.067273,-3.942162,0.435541,1.807969,0.643928,3.848401e+00,4.135662e-01,0.029098,0.030256
100,0.8,2.0,5,1,0.075455,-3.869880,0.441325,1.729206,0.600322,3.687438e+00,3.592807e-01,0.028488,0.029332
100,0.8,2.0,5,1,0.083636,-3.798587,0.432826,1.641339,0.559319,3.517627e+00,3.123066e-01,0.029300,0.030332
100,0.8,2.0,5,1,0.091818,-3.744356,0.426931,1.524751,0.530526,3.251992e+00,2.814032e-01,0.029415,0.030412
100,0.8,2.0,5,1,0.100000,-3.671000,0.432000,1.482329,0.508834,3.272289e+00,2.586412e-01,0.029313,0.030125
100,0.8,2.0,10,1,0.010000,-4.140000,0.410000,4.521302,1.346906,2.076327e+01,1.809927e+00,0.031795,0.031407
100,0.8,2.0,10,1,0.018182,-4.295500,0.374000,3.602416,0.869207,1.315515e+01,7.607835e-01,0.032350,0.032246
100,0.8,2.0,10,1,0.026364,-4.282414,0.398276,3.003787,0.851775,9.229012e+00,7.270736e-01,0.031316,0.031195
100,0.8,2.0,10,1,0.034545,-4.159737,0.434211,2.633401,0.728031,7.285270e+00,5.288578e-01,0.033015,0.032673
100,0.8,2.0,10,1,0.042727,-4.137872,0.421277,2.340632,0.707822,5.862222e+00,5.009220e-01,0.032515,0.032672
100,0.8,2.0,10,1,0.050909,-4.050357,0.428214,2.118616,0.704108,4.995283e+00,4.951396e-01,0.031028,0.031737
100,0.8,2.0,10,1,0.067273,-3.967432,0.435541,1.840979,0.643928,4.027362e+00,4.138533e-01,0.031218,0.032374
100,0.8,2.0,10,1,0.059091,-3.992154,0.433231,1.979597,0.645624,4.515540e+00,4.161737e-01,0.033041,0.032888
100,0.8,2.0,10,1,0.075455,-3.892410,0.441325,1.757870,0.600322,3.856221e+00,3.595058e-01,0.033808,0.034685
100,0.8,2.0,10,1,0.083636,-3.818913,0.432826,1.667988,0.559319,3.684624e+00,3.126228e-01,0.032976,0.033575
100,0.8,2.0,10,1,0.091818,-3.762871,0.426931,1.546107,0.530526,3.404727e+00,2.817826e-01,0.031462,0.032533
100,0.8,2.0,10,1,0.100000,-3.688000,0.432000,1.501892,0.508834,3.427620e+00,2.589663e-01,0.031560,0.032612
100,0.8,2.0,15,1,0.010000,-4.140000,0.410000,4.521302,1.346906,2.076338e+01,1.809928e+00,0.034187,0.033686
100,0.8,2.0,15,1,0.018182,-4.295500,0.374000,3.602416,0.869207,1.315523e+01,7.607847e-01,0.034343,0.033657
100,0.8,2.0,15,1,0.026364,-4.282414,0.398276,3.003787,0.851775,9.229099e+00,7.270745e-01,0.033070,0.033294
100,0.8,2.0,15,1,0.034545,-4.159737,0.434211,2.633401,0.728031,7.285378e+00,5.288582e-01,0.031149,0.031667
100,0.8,2.0,15,1,0.050909,-4.050357,0.428214,2.118616,0.704108,4.995411e+00,4.951400e-01,0.032181,0.032798
100,0.8,2.0,15,1,0.042727,-4.137872,0.421277,2.340632,0.707822,5.862334e+00,5.009226e-01,0.032889,0.033447
100,0.8,2.0,15,1,0.059091,-3.992154,0.433231,1.979597,0.645624,4.515678e+00,4.161741e-01,0.032593,0.033238
100,0.8,2.0,15,1,0.067273,-3.967432,0.435541,1.840979,0.643928,4.027504e+00,4.138537e-01,0.031491,0.032382
100,0.8,2.0,15,1,0.075455,-3.892410,0.441325,1.757870,0.600322,3.856377e+00,3.595061e-01,0.032061,0.032854
100,0.8,2.0,15,1,0.083636,-3.818913,0.432826,1.667988,0.559319,3.684792e+00,3.126233e-01,0.032111,0.033336
100,0.8,2.0,15,1,0.091818,-3.762871,0.426931,1.546107,0.530526,3.404905e+00,2.817831e-01,0.031800,0.032446
100,0.8,2.0,15,1,0.100000,-3.688000,0.432000,1.501892,0.508834,3.427811e+00,2.589667e-01,0.031894,0.033167
100,0.8,2.0,20,1,0.010000,-4.140000,0.410000,4.521302,1.346906,2.076338e+01,1.809928e+00,0.033697,0.033820
100,0.8,2.0,20,1,0.018182,-4.295500,0.374000,3.602416,0.869207,1.315523e+01,7.607847e-01,0.033906,0.034263
100,0.8,2.0,20,1,0.026364,-4.282414,0.398276,3.003787,0.851775,9.229099e+00,7.270745e-01,0.032871,0.032812
100,0.8,2.0,20,1,0.034545,-4.159737,0.434211,2.633401,0.728031,7.285378e+00,5.288582e-01,0.033358,0.033424
100,0.8,2.0,20,1,0.042727,-4.137872,0.421277,2.340632,0.707822,5.862334e+00,5.009226e-01,0.033404,0.033641
100,0.8,2.0,20,1,0.050909,-4.050357,0.428214,2.118616,0.704108,4.995411e+00,4.951400e-01,0.033071,0.033239
100,0.8,2.0,20,1,0.059091,-3.992154,0.433231,1.979597,0.645624,4.515678e+00,4.161741e-01,0.032937,0.033597
100,0.8,2.0,20,1,0.067273,-3.967432,0.435541,1.840979,0.643928,4.027504e+00,4.138537e-01,0.033441,0.033642
100,0.8,2.0,20,1,0.075455,-3.892410,0.441325,1.757870,0.600322,3.856377e+00,3.595061e-01,0.032673,0.033708
100,0.8,2.0,20,1,0.083636,-3.818913,0.432826,1.667988,0.559319,3.684793e+00,3.126233e-01,0.033234,0.034214
100,0.8,2.0,20,1,0.091818,-3.762871,0.426931,1.546107,0.530526,3.404905e+00,2.817831e-01,0.033283,0.033749
100,0.8,2.0,20,1,0.100000,-3.688000,0.432000,1.501892,0.508834,3.427811e+00,2.589667e-01,0.032293,0.033157
100,0.8,4.0,5,1,0.010000,-18.670000,0.740000,14.251967,2.078384,2.039362e+02,4.326726e+00,0.035560,0.035320
100,0.8,4.0,5,1,0.018182,-18.166500,0.786500,9.908281,1.440279,1.009506e+02,2.078088e+00,0.036381,0.036488
100,0.8,4.0,5,1,0.026364,-17.546897,0.811724,7.907514,1.292823,6.803790e+01,1.671804e+00,0.035351,0.036087
100,0.8,4.0,5,1,0.034545,-17.133947,0.848158,6.839190,1.188519,5.449921e+01,1.409212e+00,0.034994,0.035590
100,0.8,4.0,5,1,0.067273,-15.058108,0.917162,5.172896,1.222872,5.055052e+01,1.489883e+00,0.034096,0.036053
100,0.8,4.0,5,1,0.042727,-16.436809,0.800426,6.223952,1.078592,5.090223e+01,1.167836e+00,0.036170,0.036695
100,0.8,4.0,5,1,0.059091,-15.477846,0.895231,5.434636,1.196533,4.938813e+01,1.425965e+00,0.034902,0.036637
100,0.8,4.0,5,1,0.050909,-15.928393,0.850536,5.820550,1.064956,4.989039e+01,1.131659e+00,0.036251,0.036800
100,0.8,4.0,5,1,0.075455,-14.628675,0.905181,4.913820,1.133646,5.233084e+01,1.280098e+00,0.035610,0.037744
100,0.8,4.0,5,1,0.091818,-13.763069,0.907228,4.376071,1.031755,5.731116e+01,1.060387e+00,0.033948,0.036713
100,0.8,4.0,5,1,0.083636,-14.115870,0.923043,4.583286,1.063513,5.492151e+01,1.127268e+00,0.035863,0.037940
100,0.8,4.0,5,1,0.100000,-13.296000,0.880000,4.166753,0.976429,6.152470e+01,9.498550e-01,0.034570,0.037065
100,0.8,4.0,10,1,0.010000,-20.420000,0.760000,16.068803,2.095223,2.580297e+02,4.405572e+00,0.037741,0.037656
100,0.8,4.0,10,1,0.018182,-19.393000,0.786500,11.056902,1.466401,1.255774e+02,2.165951e+00,0.039460,0.040273
100,0.8,4.0,10,1,0.034545,-18.016842,0.865526,7.513374,1.226656,6.730344e+01,1.504534e+00,0.037159,0.037839
100,0.8,4.0,10,1,0.026364,-18.555862,0.823103,8.788063,1.322959,8.470195e+01,1.757388e+00,0.038763,0.039419
100,0.8,4.0,10,1,0.067273,-15.637838,0.964730,5.570911,1.358236,6.348574e+01,1.837936e+00,0.036137,0.038218
100,0.8,4.0,10,1,0.042727,-17.209149,0.823830,6.804948,1.157445,6.322963e+01,1.348315e+00,0.037194,0.038571
100,0.8,4.0,10,1,0.059091,-16.115846,0.932462,5.867773,1.265145,6.163996e+01,1.594284e+00,0.036756,0.038588
100,0.8,4.0,10,1,0.050909,-16.623750,0.885893,6.305510,1.149938,6.189321e+01,1.320230e+00,0.037665,0.039333
100,0.8,4.0,10,1,0.075455,-15.158795,0.955542,5.267944,1.267773,6.591276e+01,1.601000e+00,0.035565,0.037329
100,0.8,4.0,10,1,0.083636,-14.602500,0.975652,4.912356,1.191831,6.949972e+01,1.415903e+00,0.036833,0.039267
100,0.8,4.0,10,1,0.100000,-13.708000,0.934000,4.426013,1.087370,7.783920e+01,1.177710e+00,0.035528,0.038027
100,0.8,4.0,10,1,0.091818,-14.208515,0.959505,4.661738,1.148241,7.257822e+01,1.313485e+00,0.036386,0.038988
100,0.8,4.0,15,1,0.010000,-20.420000,0.760000,16.068803,2.095223,2.580421e+02,4.405632e+00,0.038405,0.038782
100,0.8,4.0,15,1,0.018182,-19.393000,0.786500,11.056902,1.466401,1.256035e+02,2.166003e+00,0.037767,0.038126
100,0.8,4.0,15,1,0.026364,-18.555862,0.823103,8.788063,1.322959,8.473916e+01,1.757427e+00,0.037786,0.038387
100,0.8,4.0,15,1,0.034545,-18.016842,0.865526,7.513374,1.226656,6.734784e+01,1.504559e+00,0.037404,0.038275
100,0.8,4.0,15,1,0.042727,-17.209149,0.823830,6.804948,1.157445,6.328480e+01,1.348354e+00,0.036278,0.037472
100,0.8,4.0,15,1,0.059091,-16.115846,0.932462,5.867773,1.265145,6.170969e+01,1.594287e+00,0.035989,0.037382
100,0.8,4.0,15,1,0.050909,-16.623750,0.885893,6.305510,1.149938,6.195618e+01,1.320249e+00,0.037229,0.038650
100,0.8,4.0,15,1,0.067273,-15.637838,0.964730,5.570911,1.358236,6.356184e+01,1.837929e+00,0.036561,0.038285
100,0.8,4.0,15,1,0.075455,-15.158795,0.955542,5.267944,1.267773,6.599525e+01,1.600995e+00,0.036967,0.038756
100,0.8,4.0,15,1,0.083636,-14.602500,0.975652,4.912356,1.191831,6.958963e+01,1.415892e+00,0.036004,0.038571
100,0.8,4.0,15,1,0.100000,-13.708000,0.934000,4.426013,1.087370,7.794102e+01,1.177713e+00,0.035847,0.038719
100,0.8,4.0,15,1,0.091818,-14.208515,0.959505,4.661738,1.148241,7.267337e+01,1.313479e+00,0.036256,0.039329
100,0.8,4.0,20,1,0.010000,-20.420000,0.760000,16.068803,2.095223,2.580421e+02,4.405632e+00,0.039558,0.039720
100,0.8,4.0,20,1,0.018182,-19.393000,0.786500,11.056902,1.466401,1.256035e+02,2.166003e+00,0.039191,0.039050
100,0.8,4.0,20,1,0.026364,-18.555862,0.823103,8.788063,1.322959,8.473920e+01,1.757427e+00,0.037422,0.038568
100,0.8,4.0,20,1,0.034545,-18.016842,0.865526,7.513374,1.226656,6.734789e+01,1.504559e+00,0.039069,0.040629
100,0.8,4.0,20,1,0.050909,-16.623750,0.885893,6.305510,1.149938,6.195624e+01,1.320249e+00,0.037161,0.038277
100,0.8,4.0,20,1,0.059091,-16.115846,0.932462,5.867773,1.265145,6.170976e+01,1.594287e+00,0.037265,0.038740
100,0.8,4.0,20,1,0.042727,-17.209149,0.823830,6.804948,1.157445,6.328485e+01,1.348354e+00,0.038970,0.039973
100,0.8,4.0,20,1,0.067273,-15.637838,0.964730,5.570911,1.358236,6.356192e+01,1.837929e+00,0.037560,0.039590
100,0.8,4.0,20,1,0.075455,-15.158795,0.955542,5.267944,1.267773,6.599532e+01,1.600995e+00,0.036121,0.038079
100,0.8,4.0,20,1,0.083636,-14.602500,0.975652,4.912356,1.191831,6.958971e+01,1.415892e+00,0.037697,0.039549
100,0.8,4.0,20,1,0.091818,-14.208515,0.959505,4.661738,1.148241,7.267346e+01,1.313479e+00,0.036296,0.039118
100,0.8,4.0,20,1,0.100000,-13.708000,0.934000,4.426013,1.087370,7.794112e+01,1.177713e+00,0.036923,0.039324
100,0.8,8.0,5,1,0.010000,-67.800000,1.100000,29.205682,2.723909,8.540208e+02,7.400035e+00,0.043737,0.043895
100,0.8,8.0,5,1,0.018182,-66.220000,1.072500,20.852106,2.508731,4.467025e+02,6.284857e+00,0.044158,0.044541
100,0.8,8.0,5,1,0.026364,-64.695172,1.100000,18.262755,2.096946,3.594102e+02,4.389631e+00,0.044489,0.044931
100,0.8,8.0,5,1,0.042727,-62.182766,1.165532,15.439816,1.754138,2.971765e+02,3.065891e+00,0.042868,0.043925
100,0.8,8.0,5,1,0.034545,-63.244211,1.175263,16.723439,2.031756,3.230151e+02,4.112140e+00,0.043567,0.045049
100,0.8,8.0,5,1,0.059091,-58.900769,1.128769,13.260320,1.631633,2.963815e+02,2.656677e+00,0.041496,0.043977
100,0.8,8.0,5,1,0.075455,-55.045060,1.090723,11.572607,1.367167,3.544176e+02,1.873649e+00,0.042345,0.044827
100,0.8,8.0,5,1,0.050909,-60.598214,1.096071,14.215308,1.531093,2.880146e+02,2.345705e+00,0.043707,0.046004
100,0.8,8.0,5,1,0.067273,-57.027568,1.110405,12.399322,1.498557,3.191387e+02,2.244749e+00,0.042402,0.045916
100,0.8,8.0,5,1,0.083636,-53.086957,1.128696,10.872236,1.456686,4.008172e+02,2.118555e+00,0.040523,0.044746
100,0.8,8.0,5,1,0.100000,-49.826000,1.147000,10.069075,1.260355,5.044310e+02,1.584968e+00,0.040083,0.044057
100,0.8,8.0,5,1,0.091818,-51.415743,1.130495,10.394082,1.338585,4.497190e+02,1.789497e+00,0.040842,0.044514
100,0.8,8.0,10,1,0.010000,-72.700000,1.100000,32.222868,2.841177,1.037678e+03,8.055013e+00,0.050015,0.049818
100,0.8,8.0,10,1,0.018182,-70.691500,1.067000,23.495132,2.865546,5.649006e+02,8.202700e+00,0.047419,0.047550
100,0.8,8.0,10,1,0.026364,-69.000345,1.164483,20.174685,2.591743,4.364751e+02,6.693633e+00,0.046786,0.048638
100,0.8,8.0,10,1,0.042727,-66.191915,1.205319,17.060727,2.104117,3.601930e+02,4.409894e+00,0.046304,0.048567
100,0.8,8.0,10,1,0.050909,-64.479643,1.119643,15.677847,1.818986,3.467433e+02,3.306061e+00,0.046212,0.048398
100,0.8,8.0,10,1,0.059091,-62.517231,1.142308,14.534123,1.827213,3.558039e+02,3.331788e+00,0.044089,0.047592
100,0.8,8.0,10,1,0.034545,-67.398158,1.241842,18.671519,2.503909,3.987491e+02,6.244853e+00,0.047934,0.049260
100,0.8,8.0,10,1,0.075455,-58.188675,1.092048,12.523067,1.526301,4.247365e+02,2.337303e+00,0.043564,0.048581
100,0.8,8.0,10,1,0.100000,-52.375000,1.175000,10.784286,1.462594,6.087094e+02,2.132884e+00,0.043465,0.048587
100,0.8,8.0,10,1,0.083636,-55.995978,1.138261,11.749381,1.627628,4.827041e+02,2.645679e+00,0.044048,0.048539
100,0.8,8.0,10,1,0.091818,-54.117822,1.145743,11.178406,1.537832,5.429842e+02,2.361364e+00,0.043655,0.049045
100,0.8,8.0,10,1,0.067273,-60.388514,1.111892,13.519346,1.663274,3.833196e+02,2.767655e+00,0.046683,0.051393
100,0.8,8.0,15,1,0.010000,-72.820000,1.100000,32.443148,2.841177,1.051514e+03,8.055014e+00,0.047493,0.047450
100,0.8,8.0,15,1,0.018182,-70.774000,1.067000,23.638462,2.865546,5.711749e+02,8.202701e+00,0.048289,0.049210
100,0.8,8.0,15,1,0.034545,-67.456053,1.241842,18.753634,2.503909,4.013183e+02,6.244853e+00,0.046548,0.048515
100,0.8,8.0,15,1,0.067273,-60.416757,1.111892,13.559175,1.663274,3.842610e+02,2.767656e+00,0.044622,0.048915
100,0.8,8.0,15,1,0.026364,-69.080000,1.164483,20.267299,2.591743,4.395833e+02,6.693634e+00,0.049304,0.050273
100,0.8,8.0,15,1,0.050909,-64.520893,1.119643,15.734899,1.818986,3.481714e+02,3.306061e+00,0.046445,0.049035
100,0.8,8.0,15,1,0.075455,-58.216506,1.093373,12.556484,1.529534,4.254313e+02,2.346797e+00,0.044500,0.048262
100,0.8,8.0,15,1,0.042727,-66.241064,1.205319,17.121940,2.104117,3.618486e+02,4.409894e+00,0.047665,0.050399
100,0.8,8.0,15,1,0.083636,-56.021087,1.129891,11.782278,1.633143,4.834176e+02,2.665071e+00,0.044357,0.049704
100,0.8,8.0,15,1,0.091818,-54.140693,1.138119,11.206913,1.543409,5.436480e+02,2.379709e+00,0.045109,0.050314
100,0.8,8.0,15,1,0.100000,-52.396000,1.168000,10.813390,1.468127,6.094492e+02,2.149750e+00,0.044082,0.049449
100,0.8,8.0,15,1,0.059091,-62.551077,1.142308,14.580483,1.827213,3.569003e+02,3.331788e+00,0.049244,0.051565
100,0.8,8.0,20,1,0.010000,-72.820000,1.100000,32.443148,2.841177,1.051514e+03,8.055014e+00,0.051705,0.051871
100,0.8,8.0,20,1,0.018182,-70.774000,1.067000,23.638462,2.865546,5.711750e+02,8.202701e+00,0.050236,0.050375
100,0.8,8.0,20,1,0.050909,-64.520893,1.119643,15.734899,1.818986,3.481719e+02,3.306061e+00,0.047228,0.050341
100,0.8,8.0,20,1,0.034545,-67.456053,1.241842,18.753634,2.503909,4.013186e+02,6.244853e+00,0.048054,0.050154
100,0.8,8.0,20,1,0.091818,-54.140693,1.138119,11.206913,1.543409,5.436489e+02,2.379709e+00,0.044028,0.049202
100,0.8,8.0,20,1,0.100000,-52.396000,1.168000,10.813390,1.468127,6.094501e+02,2.149750e+00,0.043865,0.049730
100,0.8,8.0,20,1,0.042727,-66.241064,1.205319,17.121940,2.104117,3.618490e+02,4.409894e+00,0.049106,0.051164
100,0.8,8.0,20,1,0.059091,-62.551077,1.142308,14.580483,1.827213,3.569009e+02,3.331788e+00,0.047301,0.051594
100,0.8,8.0,20,1,0.026364,-69.080000,1.164483,20.267299,2.591743,4.395835e+02,6.693634e+00,0.050330,0.051438
100,0.8,8.0,20,1,0.075455,-58.216506,1.093373,12.556484,1.529534,4.254320e+02,2.346797e+00,0.046905,0.050841
100,0.8,8.0,20,1,0.083636,-56.021087,1.129891,11.782278,1.633143,4.834184e+02,2.665071e+00,0.046159,0.050576
100,0.8,8.0,20,1,0.067273,-60.416757,1.111892,13.559175,1.663274,3.842616e+02,2.767656e+00,0.047564,0.052222
100,0.8,16.0,5,1,0.010000,-101.550000,0.820000,35.316590,7.613110,1.242356e+03,5.785049e+01,0.049349,0.049168
100,0.8,16.0,5,1,0.018182,-100.947000,0.748000,26.732024,4.664900,7.118417e+02,2.175184e+01,0.048766,0.047680
100,0.8,16.0,5,1,0.042727,-97.392128,0.634255,16.784164,2.510822,2.955544e+02,6.306174e+00,0.047602,0.048423
100,0.8,16.0,5,1,0.034545,-98.800263,0.674474,19.799391,3.045517,3.965062e+02,9.280109e+00,0.048437,0.048410
100,0.8,16.0,5,1,0.026364,-100.498276,0.807931,22.061074,3.924833,4.853269e+02,1.545727e+01,0.048528,0.048738
100,0.8,16.0,5,1,0.091818,-91.366436,0.554356,12.066070,1.507080,2.429227e+02,2.269414e+00,0.045508,0.048583
100,0.8,16.0,5,1,0.050909,-96.941429,0.610893,15.445634,2.153413,2.562776e+02,4.638645e+00,0.048088,0.049043
100,0.8,16.0,5,1,0.059091,-96.107846,0.565231,14.255662,1.872922,2.289726e+02,3.502978e+00,0.047417,0.048770
100,0.8,16.0,5,1,0.075455,-93.812771,0.564578,12.845374,1.681075,2.198292e+02,2.823760e+00,0.047204,0.048620
100,0.8,16.0,5,1,0.100000,-89.850000,0.533000,11.438218,1.400000,2.605350e+02,1.956200e+00,0.046070,0.048631
100,0.8,16.0,5,1,0.067273,-94.919595,0.555946,13.423303,1.731326,2.196858e+02,2.992982e+00,0.047944,0.048730
100,0.8,16.0,5,1,0.083636,-92.504022,0.560761,12.289399,1.601892,2.271211e+02,2.564133e+00,0.047331,0.050438
100,0.8,16.0,10,1,0.010000,-101.540000,0.800000,36.517977,7.739483,1.328376e+03,5.978250e+01,0.050515,0.050709
100,0.8,16.0,10,1,0.067273,-96.006216,0.521757,13.912193,1.785840,2.277963e+02,3.181618e+00,0.047514,0.049283
100,0.8,16.0,10,1,0.091818,-92.428317,0.536931,12.330558,1.570933,2.416044e+02,2.465516e+00,0.046791,0.049490
100,0.8,16.0,10,1,0.018182,-101.315500,0.720500,27.554068,4.718581,7.565602e+02,2.224911e+01,0.052160,0.052393
100,0.8,16.0,10,1,0.026364,-101.211379,0.777586,22.889714,3.956622,5.223512e+02,1.569955e+01,0.049668,0.050283
100,0.8,16.0,10,1,0.050909,-97.956964,0.591250,16.226122,2.202874,2.779721e+02,4.853196e+00,0.049666,0.050192
100,0.8,16.0,10,1,0.034545,-99.686053,0.645526,20.690919,3.070361,4.314105e+02,9.427639e+00,0.050257,0.051225
100,0.8,16.0,10,1,0.083636,-93.589674,0.538043,12.559670,1.665463,2.265770e+02,2.770423e+00,0.048512,0.051095
100,0.8,16.0,10,1,0.075455,-94.910120,0.535422,13.249286,1.722402,2.240373e+02,2.962100e+00,0.049129,0.050801
100,0.8,16.0,10,1,0.059091,-97.150308,0.529692,14.820537,1.935094,2.415588e+02,3.735961e+00,0.050197,0.051183
100,0.8,16.0,10,1,0.100000,-90.908000,0.515000,11.685106,1.458263,2.573500e+02,2.122250e+00,0.048109,0.051165
100,0.8,16.0,10,1,0.042727,-98.218298,0.627234,17.653998,2.569674,3.241500e+02,6.608226e+00,0.051931,0.051657
100,0.8,16.0,15,1,0.010000,-101.540000,0.800000,36.517977,7.739483,1.328378e+03,5.978253e+01,0.049468,0.048945
100,0.8,16.0,15,1,0.018182,-101.288000,0.720500,27.563951,4.718581,7.571398e+02,2.224914e+01,0.048579,0.049438
100,0.8,16.0,15,1,0.050909,-97.956964,0.591250,16.226122,2.202874,2.779902e+02,4.853208e+00,0.047394,0.048731
100,0.8,16.0,15,1,0.075455,-94.910120,0.535422,13.249286,1.722402,2.240694e+02,2.962107e+00,0.046443,0.048679
100,0.8,16.0,15,1,0.026364,-101.196207,0.777586,22.900896,3.956622,5.228864e+02,1.569958e+01,0.049214,0.049793
100,0.8,16.0,15,1,0.042727,-98.208936,0.627234,17.649514,2.569674,3.240787e+02,6.608241e+00,0.048930,0.049497
100,0.8,16.0,15,1,0.034545,-99.674474,0.645526,20.690508,3.070361,4.314558e+02,9.427656e+00,0.049020,0.049874
100,0.8,16.0,15,1,0.083636,-93.589674,0.538043,12.559670,1.665463,2.266151e+02,2.770431e+00,0.046162,0.049120
100,0.8,16.0,15,1,0.059091,-97.150308,0.529692,14.820537,1.935094,2.415806e+02,3.735968e+00,0.048071,0.048910
100,0.8,16.0,15,1,0.100000,-90.908000,0.515000,11.685106,1.458263,2.574004e+02,2.122256e+00,0.045635,0.049217
100,0.8,16.0,15,1,0.091818,-92.428317,0.536931,12.330558,1.570933,2.416478e+02,2.465523e+00,0.045906,0.049564
100,0.8,16.0,15,1,0.067273,-96.006216,0.521757,13.912193,1.785840,2.278233e+02,3.181624e+00,0.048254,0.050379
100,0.8,16.0,20,1,0.083636,-93.589674,0.538043,12.559670,1.665463,2.266151e+02,2.770431e+00,0.046341,0.049149
100,0.8,16.0,20,1,0.010000,-101.540000,0.800000,36.517977,7.739483,1.328378e+03,5.978253e+01,0.050863,0.050104
100,0.8,16.0,20,1,0.042727,-98.208936,0.627234,17.649514,2.569674,3.240788e+02,6.608241e+00,0.048728,0.049565
100,0.8,16.0,20,1,0.075455,-94.910120,0.535422,13.249286,1.722402,2.240694e+02,2.962107e+00,0.047913,0.050709
100,0.8,16.0,20,1,0.026364,-101.196207,0.777586,22.900896,3.956622,5.228864e+02,1.569958e+01,0.050051,0.050446
100,0.8,16.0,20,1,0.067273,-96.006216,0.521757,13.912193,1.785840,2.278234e+02,3.181624e+00,0.048357,0.050806
100,0.8,16.0,20,1,0.091818,-92.428317,0.536931,12.330558,1.570933,2.416478e+02,2.465523e+00,0.047691,0.051125
100,0.8,16.0,20,1,0.034545,-99.674474,0.645526,20.690508,3.070361,4.314559e+02,9.427656e+00,0.049934,0.050722
100,0.8,16.0,20,1,0.100000,-90.908000,0.515000,11.685106,1.458263,2.574004e+02,2.122256e+00,0.046657,0.050708
100,0.8,16.0,20,1,0.018182,-101.288000,0.720500,27.563951,4.718581,7.571398e+02,2.224914e+01,0.050517,0.050958
100,0.8,16.0,20,1,0.059091,-97.150308,0.529692,14.820537,1.935094,2.415807e+02,3.735968e+00,0.049432,0.050697
100,0.8,16.0,20,1,0.050909,-97.956964,0.591250,16.226122,2.202874,2.779902e+02,4.853208e+00,0.050849,0.052382
100,0.99,1.0,5,1,0.010000,-0.900000,0.020000,1.565183,0.223157,2.451847e+00,4.969982e-02,0.026585,0.026605
100,0.99,1.0,5,1,0.018182,-0.495000,0.011000,0.860851,0.122737,1.002135e+00,1.500498e-02,0.027341,0.026572
100,0.99,1.0,5,1,0.083636,-0.107609,0.005978,0.187141,0.041932,8.471051e-01,1.767486e-03,0.027648,0.027122
100,0.99,1.0,5,1,0.026364,-0.341379,0.007586,0.593690,0.084646,7.965660e-01,7.142136e-03,0.028481,0.028776
100,0.99,1.0,5,1,0.050909,-0.176786,0.009821,0.307447,0.068888,7.864647e-01,4.726598e-03,0.028019,0.027736
100,0.99,1.0,5,1,0.059091,-0.152308,0.008462,0.264877,0.059350,8.035320e-01,3.510678e-03,0.027883,0.027767
100,0.99,1.0,5,1,0.042727,-0.210638,0.007021,0.366320,0.063837,7.707840e-01,4.067821e-03,0.028143,0.028255
100,0.99,1.0,5,1,0.034545,-0.260526,0.005789,0.453079,0.064598,7.644377e-01,4.174036e-03,0.028860,0.028385
100,0.99,1.0,5,1,0.075455,-0.119277,0.006627,0.207434,0.046479,8.341842e-01,2.163059e-03,0.029190,0.028424
100,0.99,1.0,5,1,0.091818,-0.098020,0.006535,0.170466,0.041755,8.585412e-01,1.748606e-03,0.028662,0.028781
100,0.99,1.0,5,1,0.067273,-0.133784,0.007432,0.232662,0.052131,8.196439e-01,2.713450e-03,0.029309,0.029136
100,0.99,1.0,5,1,0.100000,-0.090000,0.006000,0.156518,0.038339,8.686725e-01,1.480071e-03,0.028511,0.028276
100,0.99,1.0,10,1,0.010000,-0.900000,0.020000,1.565183,0.223157,2.451847e+00,4.969982e-02,0.027906,0.027580
100,0.99,1.0,10,1,0.018182,-0.495000,0.011000,0.860851,0.122737,1.002135e+00,1.500498e-02,0.028662,0.028232
100,0.99,1.0,10,1,0.026364,-0.341379,0.007586,0.593690,0.084646,7.965660e-01,7.142136e-03,0.028147,0.028193
100,0.99,1.0,10,1,0.050909,-0.176786,0.009821,0.307447,0.068888,7.864647e-01,4.726598e-03,0.028128,0.028272
100,0.99,1.0,10,1,0.067273,-0.133784,0.007432,0.232662,0.052131,8.196439e-01,2.713450e-03,0.027895,0.027845
100,0.99,1.0,10,1,0.034545,-0.260526,0.005789,0.453079,0.064598,7.644377e-01,4.174036e-03,0.028455,0.028418
100,0.99,1.0,10,1,0.075455,-0.119277,0.006627,0.207434,0.046479,8.341842e-01,2.163059e-03,0.027757,0.027790
100,0.99,1.0,10,1,0.083636,-0.107609,0.005978,0.187141,0.041932,8.471051e-01,1.767486e-03,0.027816,0.027730
100,0.99,1.0,10,1,0.059091,-0.152308,0.008462,0.264877,0.059350,8.035320e-01,3.510678e-03,0.029134,0.028645
100,0.99,1.0,10,1,0.091818,-0.098020,0.006535,0.170466,0.041755,8.585412e-01,1.748606e-03,0.027803,0.027765
100,0.99,1.0,10,1,0.042727,-0.210638,0.007021,0.366320,0.063837,7.707840e-01,4.067821e-03,0.029477,0.029748
100,0.99,1.0,10,1,0.100000,-0.090000,0.006000,0.156518,0.038339,8.686725e-01,1.480071e-03,0.028194,0.027781
100,0.99,1.0,15,1,0.010000,-0.900000,0.020000,1.565183,0.223157,2.451847e+00,4.969982e-02,0.028816,0.029636
100,0.99,1.0,15,1,0.018182,-0.495000,0.011000,0.860851,0.122737,1.002135e+00,1.500498e-02,0.031153,0.031865
100,0.99,1.0,15,1,0.026364,-0.341379,0.007586,0.593690,0.084646,7.965660e-01,7.142136e-03,0.030443,0.029768
100,0.99,1.0,15,1,0.050909,-0.176786,0.009821,0.307447,0.068888,7.864647e-01,4.726598e-03,0.031052,0.030601
100,0.99,1.0,15,1,0.034545,-0.260526,0.005789,0.453079,0.064598,7.644377e-01,4.174036e-03,0.031220,0.031379
100,0.99,1.0,15,1,0.059091,-0.152308,0.008462,0.264877,0.059350,8.035320e-01,3.510678e-03,0.031561,0.030589
100,0.99,1.0,15,1,0.091818,-0.098020,0.006535,0.170466,0.041755,8.585412e-01,1.748606e-03,0.029815,0.030783
100,0.99,1.0,15,1,0.042727,-0.210638,0.007021,0.366320,0.063837,7.707840e-01,4.067821e-03,0.031865,0.031530
100,0.99,1.0,15,1,0.083636,-0.107609,0.005978,0.187141,0.041932,8.471051e-01,1.767486e-03,0.031248,0.031447
100,0.99,1.0,15,1,0.075455,-0.119277,0.006627,0.207434,0.046479,8.341842e-01,2.163059e-03,0.031826,0.031749
100,0.99,1.0,15,1,0.100000,-0.090000,0.006000,0.156518,0.038339,8.686725e-01,1.480071e-03,0.031139,0.030852
100,0.99,1.0,15,1,0.067273,-0.133784,0.007432,0.232662,0.052131,8.196439e-01,2.713450e-03,0.032573,0.032707
100,0.99,1.0,20,1,0.010000,-0.900000,0.020000,1.565183,0.223157,2.451847e+00,4.969982e-02,0.031787,0.031495
100,0.99,1.0,20,1,0.018182,-0.495000,0.011000,0.860851,0.122737,1.002135e+00,1.500498e-02,0.030058,0.030018
100,0.99,1.0,20,1,0.026364,-0.341379,0.007586,0.593690,0.084646,7.965660e-01,7.142136e-03,0.030255,0.031208
100,0.99,1.0,20,1,0.042727,-0.210638,0.007021,0.366320,0.063837,7.707840e-01,4.067821e-03,0.030268,0.029420
100,0.99,1.0,20,1,0.067273,-0.133784,0.007432,0.232662,0.052131,8.196439e-01,2.713450e-03,0.029467,0.029407
100,0.99,1.0,20,1,0.050909,-0.176786,0.009821,0.307447,0.068888,7.864647e-01,4.726598e-03,0.030647,0.030217
100,0.99,1.0,20,1,0.059091,-0.152308,0.008462,0.264877,0.059350,8.035320e-01,3.510678e-03,0.030768,0.030335
100,0.99,1.0,20,1,0.075455,-0.119277,0.006627,0.207434,0.046479,8.341842e-01,2.163059e-03,0.030135,0.030130
100,0.99,1.0,20,1,0.083636,-0.107609,0.005978,0.187141,0.041932,8.471051e-01,1.767486e-03,0.029921,0.029921
100,0.99,1.0,20,1,0.100000,-0.090000,0.006000,0.156518,0.038339,8.686725e-01,1.480071e-03,0.029693,0.029007
100,0.99,1.0,20,1,0.034545,-0.260526,0.005789,0.453079,0.064598,7.644377e-01,4.174036e-03,0.031815,0.031944
100,0.99,1.0,20,1,0.091818,-0.098020,0.006535,0.170466,0.041755,8.585412e-01,1.748606e-03,0.030898,0.030775
100,0.99,2.0,5,1,0.010000,-1.860000,0.010000,2.181614,0.158114,4.777707e+00,2.490001e-02,0.026161,0.026227
100,0.99,2.0,5,1,0.018182,-1.023000,0.011000,1.199887,0.122737,2.495182e+00,1.500482e-02,0.025159,0.025431
100,0.99,2.0,5,1,0.026364,-0.705517,0.011379,0.827509,0.103460,2.498148e+00,1.066289e-02,0.025616,0.025621
100,0.99,2.0,5,1,0.042727,-0.435319,0.016383,0.510590,0.096720,2.877040e+00,9.356923e-03,0.025403,0.025372
100,0.99,2.0,5,1,0.034545,-0.538421,0.011579,0.631520,0.090987,2.691629e+00,8.247632e-03,0.026162,0.026253
100,0.99,2.0,5,1,0.050909,-0.365357,0.013750,0.428531,0.081176,3.031553e+00,6.576529e-03,0.025801,0.026013
100,0.99,2.0,5,1,0.067273,-0.276486,0.010405,0.324294,0.061430,3.261283e+00,3.758698e-03,0.025536,0.025634
100,0.99,2.0,5,1,0.083636,-0.222391,0.011957,0.260845,0.064517,3.419449e+00,4.149260e-03,0.025482,0.025406
100,0.99,2.0,5,1,0.075455,-0.246506,0.013253,0.289130,0.071513,3.347228e+00,5.103601e-03,0.025909,0.025912
100,0.99,2.0,5,1,0.091818,-0.202574,0.011980,0.237601,0.061044,3.480863e+00,3.715043e-03,0.025862,0.026152
100,0.99,2.0,5,1,0.059091,-0.314769,0.011846,0.369196,0.069936,3.157732e+00,4.874570e-03,0.026936,0.027492
100,0.99,2.0,5,1,0.100000,-0.186000,0.012000,0.218161,0.058047,3.533657e+00,3.359629e-03,0.025608,0.025770
100,0.99,2.0,10,1,0.010000,-1.860000,0.010000,2.181614,0.158114,4.777707e+00,2.490001e-02,0.026222,0.026269
100,0.99,2.0,10,1,0.018182,-1.023000,0.011000,1.199887,0.122737,2.495182e+00,1.500482e-02,0.027098,0.026864
100,0.99,2.0,10,1,0.026364,-0.705517,0.011379,0.827509,0.103460,2.498148e+00,1.066289e-02,0.026536,0.026265
100,0.99,2.0,10,1,0.034545,-0.538421,0.011579,0.631520,0.090987,2.691629e+00,8.247632e-03,0.026314,0.026049
100,0.99,2.0,10,1,0.067273,-0.276486,0.010405,0.324294,0.061430,3.261283e+00,3.758698e-03,0.026114,0.026123
100,0.99,2.0,10,1,0.050909,-0.365357,0.013750,0.428531,0.081176,3.031553e+00,6.576529e-03,0.026385,0.026419
100,0.99,2.0,10,1,0.042727,-0.435319,0.016383,0.510590,0.096720,2.877040e+00,9.356923e-03,0.027388,0.027037
100,0.99,2.0,10,1,0.059091,-0.314769,0.011846,0.369196,0.069936,3.157732e+00,4.874570e-03,0.026807,0.026633
100,0.99,2.0,10,1,0.075455,-0.246506,0.013253,0.289130,0.071513,3.347228e+00,5.103601e-03,0.027130,0.026993
100,0.99,2.0,10,1,0.083636,-0.222391,0.011957,0.260845,0.064517,3.419449e+00,4.149260e-03,0.026843,0.026762
100,0.99,2.0,10,1,0.091818,-0.202574,0.011980,0.237601,0.061044,3.480863e+00,3.715043e-03,0.026572,0.026560
100,0.99,2.0,10,1,0.100000,-0.186000,0.012000,0.218161,0.058047,3.533657e+00,3.359629e-03,0.026475,0.026546
100,0.99,2.0,15,1,0.010000,-1.860000,0.010000,2.181614,0.158114,4.777707e+00,2.490001e-02,0.026712,0.026598
100,0.99,2.0,15,1,0.026364,-0.705517,0.011379,0.827509,0.103460,2.498148e+00,1.066289e-02,0.026685,0.026526
100,0.99,2.0,15,1,0.034545,-0.538421,0.011579,0.631520,0.090987,2.691629e+00,8.247632e-03,0.026802,0.026576
100,0.99,2.0,15,1,0.018182,-1.023000,0.011000,1.199887,0.122737,2.495182e+00,1.500482e-02,0.028050,0.028291
100,0.99,2.0,15,1,0.042727,-0.435319,0.016383,0.510590,0.096720,2.877040e+00,9.356923e-03,0.026893,0.026748
100,0.99,2.0,15,1,0.050909,-0.365357,0.013750,0.428531,0.081176,3.031553e+00,6.576529e-03,0.026832,0.026770
100,0.99,2.0,15,1,0.059091,-0.314769,0.011846,0.369196,0.069936,3.157732e+00,4.874570e-03,0.027544,0.026992
100,0.99,2.0,15,1,0.067273,-0.276486,0.010405,0.324294,0.061430,3.261283e+00,3.758698e-03,0.027327,0.026965
100,0.99,2.0,15,1,0.075455,-0.246506,0.013253,0.289130,0.071513,3.347228e+00,5.103601e-03,0.026979,0.026738
100,0.99,2.0,15,1,0.091818,-0.202574,0.011980,0.237601,0.061044,3.480863e+00,3.715043e-03,0.026727,0.026568
100,0.99,2.0,15,1,0.100000,-0.186000,0.012000,0.218161,0.058047,3.533657e+00,3.359629e-03,0.026813,0.026553
100,0.99,2.0,15,1,0.083636,-0.222391,0.011957,0.260845,0.064517,3.419449e+00,4.149260e-03,0.028704,0.028338
100,0.99,2.0,20,1,0.010000,-1.860000,0.010000,2.181614,0.158114,4.777707e+00,2.490001e-02,0.027676,0.027917
100,0.99,2.0,20,1,0.018182,-1.023000,0.011000,1.199887,0.122737,2.495182e+00,1.500482e-02,0.027587,0.027612
100,0.99,2.0,20,1,0.026364,-0.705517,0.011379,0.827509,0.103460,2.498148e+00,1.066289e-02,0.028310,0.028538
100,0.99,2.0,20,1,0.034545,-0.538421,0.011579,0.631520,0.090987,2.691629e+00,8.247632e-03,0.028328,0.028398
100,0.99,2.0,20,1,0.050909,-0.365357,0.013750,0.428531,0.081176,3.031553e+00,6.576529e-03,0.028021,0.027925
100,0.99,2.0,20,1,0.042727,-0.435319,0.016383,0.510590,0.096720,2.877040e+00,9.356923e-03,0.028022,0.028011
100,0.99,2.0,20,1,0.083636,-0.222391,0.011957,0.260845,0.064517,3.419449e+00,4.149260e-03,0.027470,0.027492
100,0.99,2.0,20,1,0.067273,-0.276486,0.010405,0.324294,0.061430,3.261283e+00,3.758698e-03,0.028583,0.028423
100,0.99,2.0,20,1,0.091818,-0.202574,0.011980,0.237601,0.061044,3.480863e+00,3.715043e-03,0.027859,0.028044
100,0.99,2.0,20,1,0.059091,-0.314769,0.011846,0.369196,0.069936,3.157732e+00,4.874570e-03,0.029039,0.028936
100,0.99,2.0,20,1,0.075455,-0.246506,0.013253,0.289130,0.071513,3.347228e+00,5.103601e-03,0.029178,0.028895
100,0.99,2.0,20,1,0.100000,-0.186000,0.012000,0.218161,0.058047,3.533657e+00,3.359629e-03,0.028678,0.028943
100,0.99,4.0,5,1,0.010000,-4.000000,0.030000,3.485483,0.272759,1.215437e+01,7.449209e-02,0.025343,0.025410
100,0.99,4.0,5,1,0.018182,-2.200000,0.027500,1.917016,0.192886,7.794012e+00,3.735558e-02,0.025514,0.025675
100,0.99,4.0,5,1,0.034545,-1.157895,0.014474,1.008956,0.101519,1.047121e+01,1.028316e-02,0.025499,0.025605
100,0.99,4.0,5,1,0.026364,-1.517241,0.018966,1.322080,0.133025,9.117148e+00,1.770171e-02,0.025991,0.025939
100,0.99,4.0,5,1,0.042727,-0.936170,0.014043,0.815751,0.103929,1.153297e+01,1.077277e-02,0.025319,0.025339
100,0.99,4.0,5,1,0.050909,-0.785714,0.011786,0.684649,0.087226,1.235179e+01,7.580452e-03,0.025328,0.025548
100,0.99,4.0,5,1,0.067273,-0.594595,0.008919,0.518112,0.066009,1.350657e+01,4.341375e-03,0.025481,0.025463
100,0.99,4.0,5,1,0.059091,-0.676923,0.010154,0.589851,0.075149,1.299339e+01,5.624712e-03,0.026014,0.025784
100,0.99,4.0,5,1,0.075455,-0.530120,0.007952,0.461932,0.058851,1.392507e+01,3.454664e-03,0.025357,0.025634
100,0.99,4.0,5,1,0.083636,-0.478261,0.007174,0.416743,0.053094,1.427229e+01,2.816853e-03,0.025749,0.025890
100,0.99,4.0,5,1,0.091818,-0.435644,0.006535,0.379607,0.048363,1.456470e+01,2.343040e-03,0.025403,0.025533
100,0.99,4.0,5,1,0.100000,-0.400000,0.006000,0.348548,0.044406,1.481416e+01,1.981629e-03,0.025416,0.025389
100,0.99,4.0,10,1,0.010000,-4.000000,0.030000,3.485483,0.272759,1.215437e+01,7.449209e-02,0.026408,0.026369
100,0.99,4.0,10,1,0.018182,-2.200000,0.027500,1.917016,0.192886,7.794014e+00,3.735558e-02,0.026052,0.026141
100,0.99,4.0,10,1,0.034545,-1.157895,0.014474,1.008956,0.101519,1.047121e+01,1.028316e-02,0.026277,0.026291
100,0.99,4.0,10,1,0.026364,-1.517241,0.018966,1.322080,0.133025,9.117150e+00,1.770171e-02,0.026888,0.026772
100,0.99,4.0,10,1,0.050909,-0.785714,0.011786,0.684649,0.087226,1.235179e+01,7.580452e-03,0.026096,0.026132
100,0.99,4.0,10,1,0.042727,-0.936170,0.014043,0.815751,0.103929,1.153297e+01,1.077277e-02,0.027485,0.026737
100,0.99,4.0,10,1,0.059091,-0.676923,0.010154,0.589851,0.075149,1.299340e+01,5.624712e-03,0.026218,0.026156
100,0.99,4.0,10,1,0.075455,-0.530120,0.007952,0.461932,0.058851,1.392507e+01,3.454664e-03,0.026274,0.026324
100,0.99,4.0,10,1,0.083636,-0.478261,0.007174,0.416743,0.053094,1.427229e+01,2.816853e-03,0.026232,0.026271
100,0.99,4.0,10,1,0.067273,-0.594595,0.008919,0.518112,0.066009,1.350657e+01,4.341375e-03,0.027144,0.027241
100,0.99,4.0,10,1,0.091818,-0.435644,0.006535,0.379607,0.048363,1.456470e+01,2.343040e-03,0.026385,0.026279
100,0.99,4.0,10,1,0.100000,-0.400000,0.006000,0.348548,0.044406,1.481416e+01,1.981629e-03,0.026213,0.026187
100,0.99,4.0,15,1,0.010000,-4.000000,0.030000,3.485483,0.272759,1.215437e+01,7.449209e-02,0.027872,0.027880
100,0.99,4.0,15,1,0.018182,-2.200000,0.027500,1.917016,0.192886,7.794014e+00,3.735558e-02,0.027218,0.027142
100,0.99,4.0,15,1,0.026364,-1.517241,0.018966,1.322080,0.133025,9.117150e+00,1.770171e-02,0.027165,0.027222
100,0.99,4.0,15,1,0.042727,-0.936170,0.014043,0.815751,0.103929,1.153297e+01,1.077277e-02,0.027126,0.027267
100,0.99,4.0,15,1,0.034545,-1.157895,0.014474,1.008956,0.101519,1.047121e+01,1.028316e-02,0.027974,0.028433
100,0.99,4.0,15,1,0.067273,-0.594595,0.008919,0.518112,0.066009,1.350657e+01,4.341375e-03,0.027034,0.027146
100,0.99,4.0,15,1,0.059091,-0.676923,0.010154,0.589851,0.075149,1.299340e+01,5.624712e-03,0.027845,0.027428
100,0.99,4.0,15,1,0.075455,-0.530120,0.007952,0.461932,0.058851,1.392507e+01,3.454664e-03,0.027015,0.027080
100,0.99,4.0,15,1,0.050909,-0.785714,0.011786,0.684649,0.087226,1.235179e+01,7.580452e-03,0.028783,0.028194
100,0.99,4.0,15,1,0.091818,-0.435644,0.006535,0.379607,0.048363,1.456470e+01,2.343040e-03,0.027284,0.027221
100,0.99,4.0,15,1,0.083636,-0.478261,0.007174,0.416743,0.053094,1.427229e+01,2.816853e-03,0.027355,0.027528
100,0.99,4.0,15,1,0.100000,-0.400000,0.006000,0.348548,0.044406,1.481416e+01,1.981629e-03,0.027301,0.027278
100,0.99,4.0,20,1,0.010000,-4.000000,0.030000,3.485483,0.272759,1.215437e+01,7.449209e-02,0.028934,0.028979
100,0.99,4.0,20,1,0.018182,-2.200000,0.027500,1.917016,0.192886,7.794014e+00,3.735558e-02,0.028226,0.028445
100,0.99,4.0,20,1,0.026364,-1.517241,0.018966,1.322080,0.133025,9.117150e+00,1.770171e-02,0.028153,0.028240
100,0.99,4.0,20,1,0.034545,-1.157895,0.014474,1.008956,0.101519,1.047121e+01,1.028316e-02,0.028308,0.028056
100,0.99,4.0,20,1,0.042727,-0.936170,0.014043,0.815751,0.103929,1.153297e+01,1.077277e-02,0.027992,0.027968
100,0.99,4.0,20,1,0.059091,-0.676923,0.010154,0.589851,0.075149,1.299340e+01,5.624712e-03,0.028080,0.028146
100,0.99,4.0,20,1,0.067273,-0.594595,0.008919,0.518112,0.066009,1.350657e+01,4.341375e-03,0.028032,0.027982
100,0.99,4.0,20,1,0.050909,-0.785714,0.011786,0.684649,0.087226,1.235179e+01,7.580452e-03,0.028296,0.028408
100,0.99,4.0,20,1,0.075455,-0.530120,0.007952,0.461932,0.058851,1.392507e+01,3.454664e-03,0.028220,0.028174
100,0.99,4.0,20,1,0.083636,-0.478261,0.007174,0.416743,0.053094,1.427229e+01,2.816853e-03,0.028203,0.028231
100,0.99,4.0,20,1,0.091818,-0.435644,0.006535,0.379607,0.048363,1.456470e+01,2.343040e-03,0.028749,0.028889
100,0.99,4.0,20,1,0.100000,-0.400000,0.006000,0.348548,0.044406,1.481416e+01,1.981629e-03,0.029136,0.029113
100,0.99,8.0,5,1,0.010000,-8.310000,0.010000,5.365076,0.158114,2.895290e+01,2.490002e-02,0.025519,0.025682
100,0.99,8.0,5,1,0.018182,-4.570500,0.005500,2.950792,0.086963,2.692587e+01,7.553944e-03,0.025668,0.025899
100,0.99,8.0,5,1,0.026364,-3.152069,0.007586,2.035029,0.084646,3.651050e+01,7.142879e-03,0.025541,0.025745
100,0.99,8.0,5,1,0.034545,-2.405526,0.005789,1.553048,0.064598,4.384227e+01,4.175314e-03,0.025411,0.025678
100,0.99,8.0,5,1,0.042727,-1.944894,0.007021,1.255656,0.063837,4.915305e+01,4.068733e-03,0.025492,0.025691
100,0.99,8.0,5,1,0.050909,-1.632321,0.007857,1.053854,0.061741,5.309881e+01,3.801976e-03,0.025463,0.025635
100,0.99,8.0,5,1,0.059091,-1.406308,0.006769,0.907936,0.053192,5.612417e+01,2.829565e-03,0.025539,0.025748
100,0.99,8.0,5,1,0.083636,-0.993587,0.009565,0.641476,0.052714,6.202178e+01,2.768026e-03,0.025429,0.025627
100,0.99,8.0,5,1,0.067273,-1.235270,0.007432,0.797511,0.052131,5.850973e+01,2.714239e-03,0.026309,0.026443
100,0.99,8.0,5,1,0.075455,-1.101325,0.009277,0.711034,0.054769,6.043575e+01,2.988451e-03,0.026051,0.026332
100,0.99,8.0,5,1,0.091818,-0.905050,0.009802,0.584315,0.050824,6.334975e+01,2.572904e-03,0.026080,0.026564
100,0.99,8.0,5,1,0.100000,-0.831000,0.011000,0.536508,0.051377,6.447746e+01,2.629709e-03,0.026121,0.026245
100,0.99,8.0,10,1,0.010000,-8.310000,0.010000,5.365076,0.158114,2.895291e+01,2.490002e-02,0.026874,0.026837
100,0.99,8.0,10,1,0.018182,-4.570500,0.005500,2.950792,0.086963,2.692593e+01,7.553944e-03,0.027583,0.027613
100,0.99,8.0,10,1,0.026364,-3.152069,0.007586,2.035029,0.084646,3.651059e+01,7.142879e-03,0.026468,0.026745
100,0.99,8.0,10,1,0.034545,-2.405526,0.005789,1.553048,0.064598,4.384238e+01,4.175314e-03,0.026458,0.026698
100,0.99,8.0,10,1,0.042727,-1.944894,0.007021,1.255656,0.063837,4.915316e+01,4.068733e-03,0.026653,0.027214
100,0.99,8.0,10,1,0.059091,-1.406308,0.006769,0.907936,0.053192,5.612429e+01,2.829565e-03,0.026840,0.027075
100,0.99,8.0,10,1,0.050909,-1.632321,0.007857,1.053854,0.061741,5.309893e+01,3.801976e-03,0.027065,0.027419
100,0.99,8.0,10,1,0.067273,-1.235270,0.007432,0.797511,0.052131,5.850985e+01,2.714239e-03,0.026430,0.026682
100,0.99,8.0,10,1,0.075455,-1.101325,0.009277,0.711034,0.054769,6.043587e+01,2.988451e-03,0.026834,0.026884
100,0.99,8.0,10,1,0.083636,-0.993587,0.009565,0.641476,0.052714,6.202191e+01,2.768026e-03,0.026959,0.027286
100,0.99,8.0,10,1,0.091818,-0.905050,0.009802,0.584315,0.050824,6.334988e+01,2.572904e-03,0.026573,0.026777
100,0.99,8.0,10,1,0.100000,-0.831000,0.011000,0.536508,0.051377,6.447759e+01,2.629709e-03,0.027481,0.027865
100,0.99,8.0,15,1,0.010000,-8.310000,0.010000,5.365076,0.158114,2.895291e+01,2.490002e-02,0.027331,0.027826
100,0.99,8.0,15,1,0.034545,-2.405526,0.005789,1.553048,0.064598,4.384238e+01,4.175314e-03,0.027355,0.027355
100,0.99,8.0,15,1,0.018182,-4.570500,0.005500,2.950792,0.086963,2.692593e+01,7.553944e-03,0.028093,0.028534
100,0.99,8.0,15,1,0.026364,-3.152069,0.007586,2.035029,0.084646,3.651059e+01,7.142879e-03,0.027706,0.027865
100,0.99,8.0,15,1,0.042727,-1.944894,0.007021,1.255656,0.063837,4.915316e+01,4.068733e-03,0.027672,0.027752
100,0.99,8.0,15,1,0.059091,-1.406308,0.006769,0.907936,0.053192,5.612429e+01,2.829565e-03,0.027129,0.027399
100,0.99,8.0,15,1,0.050909,-1.632321,0.007857,1.053854,0.061741,5.309893e+01,3.801976e-03,0.027435,0.027390
100,0.99,8.0,15,1,0.067273,-1.235270,0.007432,0.797511,0.052131,5.850985e+01,2.714239e-03,0.027170,0.027348
100,0.99,8.0,15,1,0.075455,-1.101325,0.009277,0.711034,0.054769,6.043587e+01,2.988451e-03,0.027352,0.027565
100,0.99,8.0,15,1,0.083636,-0.993587,0.009565,0.641476,0.052714,6.202191e+01,2.768026e-03,0.027756,0.028372
100,0.99,8.0,15,1,0.091818,-0.905050,0.009802,0.584315,0.050824,6.334988e+01,2.572904e-03,0.027695,0.027874
100,0.99,8.0,15,1,0.100000,-0.831000,0.011000,0.536508,0.051377,6.447759e+01,2.629709e-03,0.028063,0.028233
100,0.99,8.0,20,1,0.010000,-8.310000,0.010000,5.365076,0.158114,2.895291e+01,2.490002e-02,0.028256,0.028526
100,0.99,8.0,20,1,0.018182,-4.570500,0.005500,2.950792,0.086963,2.692593e+01,7.553944e-03,0.028223,0.028482
100,0.99,8.0,20,1,0.034545,-2.405526,0.005789,1.553048,0.064598,4.384238e+01,4.175314e-03,0.028225,0.028469
100,0.99,8.0,20,1,0.026364,-3.152069,0.007586,2.035029,0.084646,3.651059e+01,7.142879e-03,0.028398,0.028578
100,0.99,8.0,20,1,0.042727,-1.944894,0.007021,1.255656,0.063837,4.915316e+01,4.068733e-03,0.028503,0.028536
100,0.99,8.0,20,1,0.067273,-1.235270,0.007432,0.797511,0.052131,5.850985e+01,2.714239e-03,0.028079,0.028324
100,0.99,8.0,20,1,0.059091,-1.406308,0.006769,0.907936,0.053192,5.612429e+01,2.829565e-03,0.028267,0.028771
100,0.99,8.0,20,1,0.050909,-1.632321,0.007857,1.053854,0.061741,5.309893e+01,3.801976e-03,0.028634,0.028841
100,0.99,8.0,20,1,0.075455,-1.101325,0.009277,0.711034,0.054769,6.043587e+01,2.988451e-03,0.028327,0.028564
100,0.99,8.0,20,1,0.083636,-0.993587,0.009565,0.641476,0.052714,6.202191e+01,2.768026e-03,0.028840,0.029110
100,0.99,8.0,20,1,0.091818,-0.905050,0.009802,0.584315,0.050824,6.334988e+01,2.572904e-03,0.029093,0.029258
100,0.99,8.0,20,1,0.100000,-0.831000,0.011000,0.536508,0.051377,6.447759e+01,2.629709e-03,0.028363,0.028776
100,0.99,16.0,5,1,0.010000,-16.050000,0.000000,7.566472,0.000000,6.179949e+01,8.862403e-05,0.026842,0.027524
100,0.99,16.0,5,1,0.034545,-4.646053,0.002895,2.190295,0.045770,1.894549e+02,2.128997e-03,0.025770,0.026218
100,0.99,16.0,5,1,0.018182,-8.827500,0.005500,4.161560,0.086963,1.057623e+02,7.547570e-03,0.026113,0.026563
100,0.99,16.0,5,1,0.026364,-6.087931,0.003793,2.870041,0.059974,1.557709e+02,3.614116e-03,0.026303,0.026622
100,0.99,16.0,5,1,0.042727,-3.756383,0.004681,1.770877,0.052228,2.127722e+02,2.739288e-03,0.026156,0.026654
100,0.99,16.0,5,1,0.050909,-3.152679,0.005893,1.486271,0.053578,2.296957e+02,2.871487e-03,0.025750,0.026206
100,0.99,16.0,5,1,0.067273,-2.385811,0.007432,1.124746,0.052131,2.524769e+02,2.710738e-03,0.026068,0.026736
100,0.99,16.0,5,1,0.059091,-2.716154,0.006769,1.280480,0.053192,2.424873e+02,2.825078e-03,0.026581,0.026859
100,0.99,16.0,5,1,0.075455,-2.127108,0.007952,1.002786,0.050811,2.604861e+02,2.573542e-03,0.026901,0.027375
100,0.99,16.0,5,1,0.091818,-1.748020,0.008713,0.824071,0.048017,2.725178e+02,2.296894e-03,0.026191,0.026580
100,0.99,16.0,5,1,0.083636,-1.919022,0.007174,0.904687,0.045840,2.670470e+02,2.097929e-03,0.027126,0.027925
100,0.99,16.0,5,1,0.100000,-1.605000,0.010000,0.756647,0.049088,2.771482e+02,2.400343e-03,0.026051,0.026485
100,0.99,16.0,10,1,0.010000,-16.050000,0.000000,7.566472,0.000000,6.179972e+01,8.862421e-05,0.028391,0.028709
100,0.99,16.0,10,1,0.018182,-8.827500,0.005500,4.161560,0.086963,1.057633e+02,7.547570e-03,0.027881,0.028835
100,0.99,16.0,10,1,0.026364,-6.087931,0.003793,2.870041,0.059974,1.557721e+02,3.614116e-03,0.028019,0.028714
100,0.99,16.0,10,1,0.034545,-4.646053,0.002895,2.190295,0.045770,1.894563e+02,2.128997e-03,0.028241,0.028774
100,0.99,16.0,10,1,0.042727,-3.756383,0.004681,1.770877,0.052228,2.127736e+02,2.739289e-03,0.027640,0.028292
100,0.99,16.0,10,1,0.050909,-3.152679,0.005893,1.486271,0.053578,2.296973e+02,2.871487e-03,0.028242,0.029123
100,0.99,16.0,10,1,0.059091,-2.716154,0.006769,1.280480,0.053192,2.424889e+02,2.825078e-03,0.027844,0.028581
100,0.99,16.0,10,1,0.067273,-2.385811,0.007432,1.124746,0.052131,2.524785e+02,2.710738e-03,0.028042,0.028668
100,0.99,16.0,10,1,0.075455,-2.127108,0.007952,1.002786,0.050811,2.604878e+02,2.573542e-03,0.028027,0.028222
100,0.99,16.0,10,1,0.083636,-1.919022,0.007174,0.904687,0.045840,2.670487e+02,2.097929e-03,0.027575,0.028578
100,0.99,16.0,10,1,0.091818,-1.748020,0.008713,0.824071,0.048017,2.725195e+02,2.296894e-03,0.028888,0.029631
100,0.99,16.0,10,1,0.100000,-1.605000,0.010000,0.756647,0.049088,2.771499e+02,2.400343e-03,0.027710,0.028129
100,0.99,16.0,15,1,0.010000,-16.050000,0.000000,7.566472,0.000000,6.179972e+01,8.862421e-05,0.028790,0.029269
100,0.99,16.0,15,1,0.026364,-6.087931,0.003793,2.870041,0.059974,1.557721e+02,3.614116e-03,0.028893,0.029514
100,0.99,16.0,15,1,0.018182,-8.827500,0.005500,4.161560,0.086963,1.057633e+02,7.547570e-03,0.029247,0.030192
100,0.99,16.0,15,1,0.034545,-4.646053,0.002895,2.190295,0.045770,1.894563e+02,2.128997e-03,0.029240,0.029527
100,0.99,16.0,15,1,0.042727,-3.756383,0.004681,1.770877,0.052228,2.127736e+02,2.739289e-03,0.028779,0.029327
100,0.99,16.0,15,1,0.050909,-3.152679,0.005893,1.486271,0.053578,2.296973e+02,2.871487e-03,0.029049,0.029699
100,0.99,16.0,15,1,0.059091,-2.716154,0.006769,1.280480,0.053192,2.424889e+02,2.825078e-03,0.029085,0.030061
100,0.99,16.0,15,1,0.067273,-2.385811,0.007432,1.124746,0.052131,2.524785e+02,2.710738e-03,0.029790,0.030020
100,0.99,16.0,15,1,0.075455,-2.127108,0.007952,1.002786,0.050811,2.604878e+02,2.573542e-03,0.029426,0.030106
100,0.99,16.0,15,1,0.083636,-1.919022,0.007174,0.904687,0.045840,2.670487e+02,2.097929e-03,0.029814,0.030131
100,0.99,16.0,15,1,0.091818,-1.748020,0.008713,0.824071,0.048017,2.725195e+02,2.296894e-03,0.029465,0.030177
100,0.99,16.0,15,1,0.100000,-1.605000,0.010000,0.756647,0.049088,2.771499e+02,2.400343e-03,0.029727,0.030260
100,0.99,16.0,20,1,0.010000,-16.050000,0.000000,7.566472,0.000000,6.179972e+01,8.862421e-05,0.031704,0.032326
100,0.99,16.0,20,1,0.034545,-4.646053,0.002895,2.190295,0.045770,1.894563e+02,2.128997e-03,0.030652,0.032126
100,0.99,16.0,20,1,0.042727,-3.756383,0.004681,1.770877,0.052228,2.127736e+02,2.739289e-03,0.031482,0.031635
100,0.99,16.0,20,1,0.018182,-8.827500,0.005500,4.161560,0.086963,1.057633e+02,7.547570e-03,0.032225,0.032874
100,0.99,16.0,20,1,0.026364,-6.087931,0.003793,2.870041,0.059974,1.557721e+02,3.614116e-03,0.034010,0.034297
100,0.99,16.0,20,1,0.059091,-2.716154,0.006769,1.280480,0.053192,2.424889e+02,2.825078e-03,0.031870,0.032257
100,0.99,16.0,20,1,0.050909,-3.152679,0.005893,1.486271,0.053578,2.296973e+02,2.871487e-03,0.032994,0.033030
100,0.99,16.0,20,1,0.067273,-2.385811,0.007432,1.124746,0.052131,2.524785e+02,2.710738e-03,0.032620,0.033021
100,0.99,16.0,20,1,0.075455,-2.127108,0.007952,1.002786,0.050811,2.604878e+02,2.573542e-03,0.031858,0.032433
100,0.99,16.0,20,1,0.083636,-1.919022,0.007174,0.904687,0.045840,2.670487e+02,2.097929e-03,0.032229,0.032096
100,0.99,16.0,20,1,0.091818,-1.748020,0.008713,0.824071,0.048017,2.725195e+02,2.296894e-03,0.031277,0.032435
100,0.99,16.0,20,1,0.100000,-1.605000,0.010000,0.756647,0.049088,2.771499e+02,2.400343e-03,0.032221,0.032360
150,0.01,1.0,5,1,0.010000,-11.810000,10.090000,12.388008,10.926778,1.528738e+02,1.209564e+02,0.039460,0.039531
150,0.01,1.0,5,1,0.018182,-12.100000,10.406000,10.952268,8.493673,1.194898e+02,7.309072e+01,0.038503,0.038126
150,0.01,1.0,5,1,0.034545,-11.026053,11.057895,7.683030,6.971329,5.967986e+01,4.861683e+01,0.037768,0.037996
150,0.01,1.0,5,1,0.026364,-11.466552,10.635862,9.139683,7.475030,8.345099e+01,5.643095e+01,0.039156,0.038535
150,0.01,1.0,5,1,0.042727,-10.777660,11.451702,6.681011,6.461776,4.587397e+01,4.159194e+01,0.038221,0.039109
150,0.01,1.0,5,1,0.050909,-10.671964,11.394821,6.198432,5.960395,3.994625e+01,3.539940e+01,0.038105,0.038584
150,0.01,1.0,5,1,0.059091,-10.602308,11.580462,5.582320,5.710415,3.290241e+01,3.248229e+01,0.038188,0.038373
150,0.01,1.0,5,1,0.075455,-10.452651,12.129157,4.955529,5.611694,2.675493e+01,3.173852e+01,0.038303,0.039307
150,0.01,1.0,5,1,0.083636,-10.385435,12.296087,4.674072,5.493796,2.426367e+01,3.066631e+01,0.038063,0.038914
150,0.01,1.0,5,1,0.067273,-10.589730,11.970676,5.242236,5.707005,2.927038e+01,3.264443e+01,0.040530,0.040545
150,0.01,1.0,5,1,0.100000,-10.341000,12.630000,4.338636,5.244676,2.139518e+01,2.863288e+01,0.037329,0.038267
150,0.01,1.0,5,1,0.091818,-10.346535,12.493168,4.529000,5.341591,2.305853e+01,2.936919e+01,0.039403,0.040285
150,0.01,1.0,10,1,0.018182,-22.610500,19.123500,19.957192,15.610648,3.967177e+02,2.467377e+02,0.045981,0.045435
150,0.01,1.0,10,1,0.010000,-23.010000,17.660000,25.200300,18.706258,6.325792e+02,3.605551e+02,0.047019,0.047167
150,0.01,1.0,10,1,0.034545,-20.355789,20.425263,14.244439,14.041108,2.078559e+02,1.968587e+02,0.045520,0.046051
150,0.01,1.0,10,1,0.026364,-20.994828,19.545862,16.719906,13.925263,2.815406e+02,1.956421e+02,0.047213,0.047397
150,0.01,1.0,10,1,0.042727,-20.031702,21.585745,12.674127,13.002741,1.674155e+02,1.686040e+02,0.045714,0.045883
150,0.01,1.0,10,1,0.050909,-19.921786,21.840893,11.850182,12.188643,1.479008e+02,1.484762e+02,0.045981,0.046734
150,0.01,1.0,10,1,0.059091,-19.686615,22.242000,10.715117,11.535489,1.237787e+02,1.337751e+02,0.045528,0.047554
150,0.01,1.0,10,1,0.067273,-19.498243,22.940946,10.055739,11.271622,1.113297e+02,1.298261e+02,0.043890,0.046332
150,0.01,1.0,10,1,0.075455,-19.234096,23.489639,9.557259,11.033046,1.033832e+02,1.268161e+02,0.044261,0.045680
150,0.01,1.0,10,1,0.091818,-18.713069,24.103069,8.763189,10.556854,9.283571e+01,1.198493e+02,0.044375,0.046671
150,0.01,1.0,10,1,0.100000,-18.638000,24.351000,8.413955,10.426235,8.747358e+01,1.186559e+02,0.043819,0.045921
150,0.01,1.0,10,1,0.083636,-18.948696,23.817391,9.020446,10.736974,9.554243e+01,1.220515e+02,0.046204,0.048668
150,0.01,1.0,15,1,0.010000,-25.890000,18.820000,30.012262,20.387994,8.978609e+02,4.313822e+02,0.044943,0.044828
150,0.01,1.0,15,1,0.018182,-24.810500,20.141000,23.425540,16.890445,5.466121e+02,2.922530e+02,0.044417,0.045019
150,0.01,1.0,15,1,0.034545,-22.526842,22.008684,16.690979,15.916333,2.837740e+02,2.532760e+02,0.044765,0.045009
150,0.01,1.0,15,1,0.026364,-23.228966,21.002414,19.900686,15.414399,3.977212e+02,2.405970e+02,0.045607,0.046228
150,0.01,1.0,15,1,0.042727,-22.093617,23.387872,14.729410,14.904934,2.247497e+02,2.214281e+02,0.044606,0.045946
150,0.01,1.0,15,1,0.050909,-21.831071,23.610714,13.795146,13.885357,1.998212e+02,1.924194e+02,0.044436,0.045705
150,0.01,1.0,15,1,0.059091,-21.654769,24.139077,12.508250,13.088561,1.672682e+02,1.719495e+02,0.044320,0.046106
150,0.01,1.0,15,1,0.067273,-21.432162,25.044324,11.694393,12.973594,1.492048e+02,1.718682e+02,0.044424,0.046319
150,0.01,1.0,15,1,0.075455,-21.113373,25.636627,11.130726,12.592894,1.387903e+02,1.649603e+02,0.043536,0.046086
150,0.01,1.0,15,1,0.091818,-20.492673,26.285644,10.330416,11.857398,1.269392e+02,1.509080e+02,0.042626,0.045539
150,0.01,1.0,15,1,0.083636,-20.775652,25.999457,10.629291,11.997580,1.306868e+02,1.524333e+02,0.043791,0.046492
150,0.01,1.0,15,1,0.100000,-20.377000,26.608000,9.913234,11.784538,1.195923e+02,1.514221e+02,0.042823,0.046143
150,0.01,1.0,20,1,0.010000,-26.070000,18.710000,30.342425,20.487554,9.176255e+02,4.378896e+02,0.045131,0.045193
150,0.01,1.0,20,1,0.018182,-24.937000,20.212500,23.498495,17.517480,5.500792e+02,3.143398e+02,0.045260,0.045797
150,0.01,1.0,20,1,0.026364,-23.479310,21.116207,20.648890,15.798013,4.278656e+02,2.527680e+02,0.044835,0.045604
150,0.01,1.0,20,1,0.034545,-22.749737,22.110000,17.167536,16.167235,2.998801e+02,2.614427e+02,0.046504,0.047509
150,0.01,1.0,20,1,0.050909,-22.035357,23.789464,14.117132,14.098316,2.089372e+02,1.983600e+02,0.044827,0.046310
150,0.01,1.0,20,1,0.042727,-22.330000,23.579787,15.081435,15.239788,2.351636e+02,2.314959e+02,0.045812,0.047177
150,0.01,1.0,20,1,0.067273,-21.658108,25.210811,11.954188,13.139433,1.553523e+02,1.761479e+02,0.044356,0.046675
150,0.01,1.0,20,1,0.059091,-21.915385,24.340462,12.848849,13.283485,1.756633e+02,1.771317e+02,0.045189,0.047211
150,0.01,1.0,20,1,0.075455,-21.318795,25.794337,11.343692,12.739030,1.437499e+02,1.685580e+02,0.043953,0.046762
150,0.01,1.0,20,1,0.083636,-20.976522,26.182391,10.910129,12.118719,1.369596e+02,1.553929e+02,0.044034,0.046772
150,0.01,1.0,20,1,0.100000,-20.585000,26.778000,10.141025,11.882233,1.243465e+02,1.536913e+02,0.043487,0.047117
150,0.01,1.0,20,1,0.091818,-20.685446,26.458812,10.583732,11.981046,1.325544e+02,1.538340e+02,0.044603,0.047828
150,0.01,2.0,5,1,0.010000,-109.980000,48.160000,52.500713,36.855089,2.755926e+03,1.357945e+03,0.046974,0.046283
150,0.01,2.0,5,1,0.018182,-107.849500,49.808000,39.053503,27.943636,1.520351e+03,7.929484e+02,0.046651,0.046679
150,0.01,2.0,5,1,0.026364,-104.568276,49.488621,32.092483,21.808123,1.030439e+03,4.865265e+02,0.047322,0.047227
150,0.01,2.0,5,1,0.034545,-103.388421,48.816842,27.317262,18.589296,7.543489e+02,3.526522e+02,0.046968,0.046951
150,0.01,2.0,5,1,0.042727,-101.405957,48.102766,24.614485,17.834551,6.316909e+02,3.216244e+02,0.046908,0.046748
150,0.01,2.0,5,1,0.050909,-100.840536,48.001250,23.236840,16.472745,5.723617e+02,2.746557e+02,0.047662,0.046973
150,0.01,2.0,5,1,0.059091,-99.807231,47.904154,22.533884,15.665070,5.535344e+02,2.484052e+02,0.047081,0.046606
150,0.01,2.0,5,1,0.075455,-97.840361,48.238313,21.183045,13.933178,5.257786e+02,1.987962e+02,0.047148,0.047586
150,0.01,2.0,5,1,0.067273,-98.696757,47.696892,22.170310,14.500392,5.539327e+02,2.126273e+02,0.047387,0.048380
150,0.01,2.0,5,1,0.083636,-97.036739,48.113043,20.607953,13.343316,5.167590e+02,1.822026e+02,0.046256,0.046806
150,0.01,2.0,5,1,0.091818,-96.248911,48.007921,20.425585,13.093983,5.251843e+02,1.751843e+02,0.046706,0.047095
150,0.01,2.0,5,1,0.100000,-95.329000,47.941000,19.677011,12.458274,5.153962e+02,1.587287e+02,0.046200,0.046768
150,0.01,2.0,10,1,0.010000,-184.400000,58.520000,118.121126,75.409256,1.391887e+04,5.669300e+03,0.067624,0.066956
150,0.01,2.0,10,1,0.018182,-180.400000,60.830000,85.307962,59.303659,7.248827e+03,3.502857e+03,0.067969,0.067518
150,0.01,2.0,10,1,0.026364,-177.266897,64.509310,76.966797,54.844255,5.906118e+03,3.009155e+03,0.067649,0.067935
150,0.01,2.0,10,1,0.042727,-175.672340,63.849149,59.539413,43.584636,3.546994e+03,1.900938e+03,0.067151,0.067549
150,0.01,2.0,10,1,0.034545,-177.702105,64.755263,68.573324,46.440513,4.687488e+03,2.163243e+03,0.068090,0.067820
150,0.01,2.0,10,1,0.059091,-175.402615,61.713385,50.003867,34.605323,2.508863e+03,1.193461e+03,0.066732,0.067114
150,0.01,2.0,10,1,0.050909,-176.345714,62.976964,55.795941,38.659840,3.111994e+03,1.493073e+03,0.067204,0.067534
150,0.01,2.0,10,1,0.083636,-173.470000,60.644674,42.315159,28.121976,1.822238e+03,7.877299e+02,0.066453,0.067051
150,0.01,2.0,10,1,0.067273,-174.688919,60.342432,46.184238,32.252861,2.149575e+03,1.036357e+03,0.068822,0.068684
150,0.01,2.0,10,1,0.100000,-172.782000,60.379000,39.675807,26.546392,1.615749e+03,7.021265e+02,0.066100,0.067445
150,0.01,2.0,10,1,0.075455,-174.143253,60.962530,44.808944,29.831923,2.030701e+03,8.863937e+02,0.068801,0.069651
150,0.01,2.0,10,1,0.091818,-173.586535,60.999901,41.544592,27.833630,1.756439e+03,7.716308e+02,0.067773,0.068065
150,0.01,2.0,15,1,0.010000,-179.580000,54.540000,134.071527,83.751991,1.790483e+04,6.995268e+03,0.074550,0.074167
150,0.01,2.0,15,1,0.018182,-177.001000,56.166000,94.891105,65.488503,8.970075e+03,4.273445e+03,0.073743,0.073297
150,0.01,2.0,15,1,0.026364,-173.724138,60.860345,84.358010,60.593207,7.109037e+03,3.667953e+03,0.075213,0.074502
150,0.01,2.0,15,1,0.034545,-175.154737,61.791053,76.124931,51.078755,5.781917e+03,2.616775e+03,0.073591,0.073183
150,0.01,2.0,15,1,0.059091,-173.163692,58.931231,55.053105,38.807567,3.045428e+03,1.501971e+03,0.073738,0.073847
150,0.01,2.0,15,1,0.050909,-174.053393,60.437143,62.137225,42.448946,3.863893e+03,1.803167e+03,0.074186,0.074658
150,0.01,2.0,15,1,0.042727,-172.868511,61.356596,64.933818,46.829763,4.229380e+03,2.198911e+03,0.076119,0.074496
150,0.01,2.0,15,1,0.067273,-172.491892,57.018649,50.738024,36.493248,2.598152e+03,1.326690e+03,0.074734,0.073952
150,0.01,2.0,15,1,0.083636,-172.423804,57.204783,45.281420,31.769125,2.077107e+03,1.005345e+03,0.073461,0.073448
150,0.01,2.0,15,1,0.100000,-172.619000,57.250000,42.791647,29.951509,1.856434e+03,8.935819e+02,0.073146,0.073739
150,0.01,2.0,15,1,0.075455,-172.476024,57.781807,48.191903,33.782562,2.347457e+03,1.136761e+03,0.074946,0.075534
150,0.01,2.0,15,1,0.091818,-173.011485,57.651980,44.876854,31.129380,2.034180e+03,9.651775e+02,0.075360,0.075915
150,0.01,2.0,20,1,0.010000,-178.360000,54.650000,136.757893,85.049020,1.862810e+04,7.210476e+03,0.077086,0.075844
150,0.01,2.0,20,1,0.018182,-175.862500,55.742500,95.095607,66.238405,9.011246e+03,4.371858e+03,0.076539,0.075558
150,0.01,2.0,20,1,0.026364,-172.681034,60.287586,84.743116,60.660939,7.180146e+03,3.675100e+03,0.076192,0.075161
150,0.01,2.0,20,1,0.034545,-174.283421,61.733158,77.324922,51.747580,5.968472e+03,2.688434e+03,0.076420,0.075987
150,0.01,2.0,20,1,0.050909,-173.373750,60.535357,62.880068,43.235409,3.958781e+03,1.873527e+03,0.074595,0.074967
150,0.01,2.0,20,1,0.042727,-172.131277,61.443191,65.889124,47.479467,4.357552e+03,2.264021e+03,0.075896,0.075559
150,0.01,2.0,20,1,0.067273,-171.821486,56.706486,51.207110,37.217136,2.648905e+03,1.379741e+03,0.074211,0.074375
150,0.01,2.0,20,1,0.059091,-172.420769,58.733231,55.662336,39.556220,3.116174e+03,1.561057e+03,0.075851,0.076110
150,0.01,2.0,20,1,0.075455,-172.131446,57.598916,48.376649,34.467662,2.364478e+03,1.183502e+03,0.075246,0.075831
150,0.01,2.0,20,1,0.083636,-172.171522,57.074457,45.287948,32.445903,2.075871e+03,1.048527e+03,0.075835,0.076801
150,0.01,2.0,20,1,0.091818,-172.733762,57.418911,45.014648,31.625701,2.045139e+03,9.962770e+02,0.075482,0.076031
150,0.01,2.0,20,1,0.100000,-172.271000,57.031000,42.735596,30.491025,1.850968e+03,9.259907e+02,0.075816,0.076083
150,0.01,4.0,5,1,0.018182,-159.604500,18.760500,70.215166,42.768361,4.920945e+03,1.831329e+03,0.053018,0.052249
150,0.01,4.0,5,1,0.010000,-161.860000,19.560000,100.463236,60.597812,1.005346e+04,3.672490e+03,0.053527,0.052438
150,0.01,4.0,5,1,0.026364,-159.644138,16.310345,58.446661,31.874022,3.412589e+03,1.012292e+03,0.054417,0.053741
150,0.01,4.0,5,1,0.034545,-158.854474,16.158421,52.782773,27.763488,2.790796e+03,7.679605e+02,0.054489,0.053794
150,0.01,4.0,5,1,0.050909,-158.272321,16.026607,44.394195,23.074878,1.983864e+03,5.304429e+02,0.053268,0.053639
150,0.01,4.0,5,1,0.042727,-160.248936,15.980426,49.612386,25.127330,2.458279e+03,6.289497e+02,0.054935,0.054143
150,0.01,4.0,5,1,0.059091,-159.640462,15.178308,41.493440,20.149969,1.725083e+03,4.046451e+02,0.053919,0.053011
150,0.01,4.0,5,1,0.067273,-160.262568,14.683514,39.306117,18.215359,1.545456e+03,3.314577e+02,0.053137,0.053163
150,0.01,4.0,5,1,0.075455,-161.703976,14.272169,38.372525,16.961217,1.467861e+03,2.885037e+02,0.053245,0.052702
150,0.01,4.0,5,1,0.091818,-163.186634,14.499307,35.296705,15.815695,1.240991e+03,2.505210e+02,0.051983,0.051794
150,0.01,4.0,5,1,0.083636,-162.278696,14.254565,36.625456,16.478725,1.336378e+03,2.724835e+02,0.053065,0.052384
150,0.01,4.0,5,1,0.100000,-163.723000,14.111000,34.560305,15.190521,1.190409e+03,2.322791e+02,0.054055,0.053736
150,0.01,4.0,10,1,0.010000,-154.530000,16.080000,126.997115,74.818613,1.609065e+04,5.619284e+03,0.058271,0.057653
150,0.01,4.0,10,1,0.018182,-149.759500,13.673000,86.553544,50.552068,7.461723e+03,2.563055e+03,0.059682,0.059495
150,0.01,4.0,10,1,0.034545,-149.805526,10.687368,66.962854,34.534398,4.466301e+03,1.189365e+03,0.057651,0.057021
150,0.01,4.0,10,1,0.026364,-151.913793,11.656207,75.220460,40.376363,5.642091e+03,1.628562e+03,0.058178,0.058140
150,0.01,4.0,10,1,0.059091,-149.473077,9.480308,51.449654,24.222123,2.636495e+03,5.843649e+02,0.058043,0.057356
150,0.01,4.0,10,1,0.067273,-149.347297,8.777703,48.364500,21.662946,2.329768e+03,4.678689e+02,0.057961,0.057201
150,0.01,4.0,10,1,0.042727,-153.014681,10.363404,64.369824,30.840904,4.140377e+03,9.481764e+02,0.059080,0.058729
150,0.01,4.0,10,1,0.075455,-149.304458,8.202289,44.974757,20.066414,2.014639e+03,4.026272e+02,0.057988,0.056996
150,0.01,4.0,10,1,0.050909,-149.741429,10.151429,55.892222,27.354751,3.111603e+03,7.457701e+02,0.059352,0.058634
150,0.01,4.0,10,1,0.083636,-149.140870,8.282283,42.658609,19.186583,1.812519e+03,3.680349e+02,0.057959,0.057612
150,0.01,4.0,10,1,0.091818,-148.174356,8.505941,39.029317,18.123458,1.518562e+03,3.280524e+02,0.058348,0.057323
150,0.01,4.0,10,1,0.100000,-148.873000,8.252000,38.559427,17.232989,1.481104e+03,2.972425e+02,0.058148,0.057388
150,0.01,4.0,15,1,0.010000,-154.490000,16.060000,127.009016,74.774604,1.609410e+04,5.612772e+03,0.058641,0.058126
150,0.01,4.0,15,1,0.018182,-149.567000,13.662000,86.601000,50.533422,7.469828e+03,2.561283e+03,0.060192,0.060346
150,0.01,4.0,15,1,0.026364,-151.944138,11.648621,75.391004,40.365680,5.668265e+03,1.627772e+03,0.058836,0.058226
150,0.01,4.0,15,1,0.034545,-149.678158,10.612105,67.117630,34.529928,4.486931e+03,1.188933e+03,0.058890,0.058504
150,0.01,4.0,15,1,0.042727,-152.729149,10.295532,64.382300,30.823935,4.140525e+03,9.470556e+02,0.058620,0.057913
150,0.01,4.0,15,1,0.050909,-149.309286,10.094464,55.902017,27.344316,3.112538e+03,7.451562e+02,0.058867,0.058391
150,0.01,4.0,15,1,0.075455,-149.077831,8.162530,44.926673,20.062522,2.010366e+03,4.025130e+02,0.059461,0.058781
150,0.01,4.0,15,1,0.067273,-149.099054,8.733108,48.402749,21.657538,2.333481e+03,4.676649e+02,0.059941,0.059135
150,0.01,4.0,15,1,0.083636,-148.880217,8.246413,42.528482,19.184927,1.801582e+03,3.680010e+02,0.059165,0.058060
150,0.01,4.0,15,1,0.059091,-149.183692,9.431231,51.485778,24.214870,2.640188e+03,5.840145e+02,0.060112,0.059841
150,0.01,4.0,15,1,0.091818,-148.016436,8.472178,38.976989,18.121831,1.514679e+03,3.280135e+02,0.059096,0.058050
150,0.01,4.0,15,1,0.100000,-148.709000,8.221000,38.408599,17.232345,1.469625e+03,2.972388e+02,0.059028,0.057840
150,0.01,4.0,20,1,0.010000,-154.490000,16.060000,127.009016,74.774604,1.609411e+04,5.612773e+03,0.060040,0.059545
150,0.01,4.0,20,1,0.026364,-151.944138,11.648621,75.391004,40.365680,5.668266e+03,1.627773e+03,0.059016,0.058525
150,0.01,4.0,20,1,0.034545,-149.678158,10.612105,67.117630,34.529928,4.486931e+03,1.188933e+03,0.059481,0.058968
150,0.01,4.0,20,1,0.018182,-149.567000,13.662000,86.601000,50.533422,7.469828e+03,2.561284e+03,0.060308,0.060356
150,0.01,4.0,20,1,0.042727,-152.729149,10.295532,64.382300,30.823935,4.140527e+03,9.470558e+02,0.059393,0.058987
150,0.01,4.0,20,1,0.059091,-149.183692,9.431231,51.485778,24.214870,2.640188e+03,5.840145e+02,0.059235,0.058650
150,0.01,4.0,20,1,0.075455,-149.077831,8.162530,44.926673,20.062522,2.010366e+03,4.025128e+02,0.059178,0.058800
150,0.01,4.0,20,1,0.067273,-149.099054,8.733108,48.402749,21.657538,2.333481e+03,4.676648e+02,0.060306,0.059345
150,0.01,4.0,20,1,0.050909,-149.309286,10.094464,55.902017,27.344316,3.112538e+03,7.451563e+02,0.061831,0.061118
150,0.01,4.0,20,1,0.091818,-148.016436,8.472178,38.976989,18.121831,1.514678e+03,3.280133e+02,0.060243,0.059131
150,0.01,4.0,20,1,0.083636,-148.880217,8.246413,42.528482,19.184927,1.801582e+03,3.680008e+02,0.060915,0.061081
150,0.01,4.0,20,1,0.100000,-148.709000,8.221000,38.408599,17.232345,1.469624e+03,2.972386e+02,0.059823,0.058894
150,0.01,8.0,5,1,0.010000,-149.510000,1.970000,79.061290,24.341614,6.225747e+03,5.904284e+02,0.051003,0.050697
150,0.01,8.0,5,1,0.018182,-151.530500,2.722500,63.567957,22.336840,4.027861e+03,4.969868e+02,0.050889,0.051055
150,0.01,8.0,5,1,0.026364,-152.342414,3.148276,55.088988,19.835605,3.029333e+03,3.922936e+02,0.051185,0.050620
150,0.01,8.0,5,1,0.042727,-152.890638,3.035532,40.931035,15.128579,1.678457e+03,2.282418e+02,0.050895,0.050573
150,0.01,8.0,5,1,0.034545,-152.561316,3.311579,47.189898,17.544397,2.225834e+03,3.072282e+02,0.052777,0.052110
150,0.01,8.0,5,1,0.050909,-152.564107,2.881607,39.431222,13.437618,1.556473e+03,1.799905e+02,0.051154,0.051181
150,0.01,8.0,5,1,0.059091,-151.392154,2.513077,35.031242,11.580174,1.224947e+03,1.335641e+02,0.051234,0.050752
150,0.01,8.0,5,1,0.083636,-150.025652,2.339891,27.514608,9.366726,7.540967e+02,8.741128e+01,0.051449,0.050999
150,0.01,8.0,5,1,0.091818,-149.748119,2.609505,26.074612,9.425561,6.771660e+02,8.849715e+01,0.051288,0.050716
150,0.01,8.0,5,1,0.075455,-150.738434,2.369639,29.857165,9.971515,8.888444e+02,9.905122e+01,0.052509,0.052056
150,0.01,8.0,5,1,0.067273,-150.845676,2.437838,31.762334,10.695265,1.005992e+03,1.139354e+02,0.052836,0.052368
150,0.01,8.0,5,1,0.100000,-149.980000,2.547000,26.187166,8.920473,6.830736e+02,7.925846e+01,0.051329,0.050766
150,0.01,8.0,10,1,0.010000,-147.060000,1.480000,76.028466,23.400855,5.761034e+03,5.461591e+02,0.052236,0.051830
150,0.01,8.0,10,1,0.018182,-150.414000,2.425500,68.030438,22.052927,4.611581e+03,4.843926e+02,0.052440,0.051395
150,0.01,8.0,10,1,0.034545,-149.446579,2.564737,50.040653,16.388587,2.494236e+03,2.675594e+02,0.051989,0.051553
150,0.01,8.0,10,1,0.026364,-149.152414,2.799310,57.733725,19.634959,3.319869e+03,3.841952e+02,0.052012,0.052008
150,0.01,8.0,10,1,0.042727,-150.290426,2.417660,43.251074,14.273418,1.864796e+03,2.029207e+02,0.052675,0.052564
150,0.01,8.0,10,1,0.050909,-151.344286,2.317857,42.128646,12.774015,1.773143e+03,1.625235e+02,0.052717,0.052172
150,0.01,8.0,10,1,0.059091,-150.342923,1.996923,37.849388,11.005305,1.428605e+03,1.207539e+02,0.053425,0.052911
150,0.01,8.0,10,1,0.075455,-149.545663,1.952169,31.751525,9.583005,1.004407e+03,9.162155e+01,0.052098,0.051889
150,0.01,8.0,10,1,0.067273,-149.559865,1.972568,34.212427,10.228140,1.166104e+03,1.043356e+02,0.052800,0.052659
150,0.01,8.0,10,1,0.091818,-148.553366,2.241386,27.488723,9.221279,7.528218e+02,8.470275e+01,0.052935,0.052524
150,0.01,8.0,10,1,0.083636,-148.812065,1.935761,29.142671,9.041361,8.459399e+02,8.158731e+01,0.054376,0.054066
150,0.01,8.0,10,1,0.100000,-148.794000,2.206000,27.066389,8.745140,7.297085e+02,7.619109e+01,0.053771,0.053110
150,0.01,8.0,15,1,0.010000,-147.060000,1.480000,76.028466,23.400855,5.761034e+03,5.461591e+02,0.053377,0.052895
150,0.01,8.0,15,1,0.018182,-150.414000,2.425500,68.030438,22.052927,4.611581e+03,4.843926e+02,0.053154,0.053107
150,0.01,8.0,15,1,0.026364,-149.152414,2.799310,57.733725,19.634959,3.319869e+03,3.841952e+02,0.052786,0.052446
150,0.01,8.0,15,1,0.034545,-149.446579,2.564737,50.040653,16.388587,2.494236e+03,2.675594e+02,0.054022,0.053135
150,0.01,8.0,15,1,0.042727,-150.290426,2.417660,43.251074,14.273418,1.864796e+03,2.029207e+02,0.053104,0.052857
150,0.01,8.0,15,1,0.050909,-151.344286,2.317857,42.128646,12.774015,1.773143e+03,1.625235e+02,0.053583,0.053092
150,0.01,8.0,15,1,0.067273,-149.559865,1.972568,34.212427,10.228140,1.166104e+03,1.043356e+02,0.053375,0.052784
150,0.01,8.0,15,1,0.075455,-149.545663,1.952169,31.751525,9.583005,1.004407e+03,9.162154e+01,0.053119,0.052629
150,0.01,8.0,15,1,0.059091,-150.342923,1.996923,37.849388,11.005305,1.428606e+03,1.207539e+02,0.054118,0.054336
150,0.01,8.0,15,1,0.083636,-148.812065,1.935761,29.142671,9.041361,8.459398e+02,8.158730e+01,0.052755,0.052405
150,0.01,8.0,15,1,0.091818,-148.553366,2.241386,27.488723,9.221279,7.528217e+02,8.470274e+01,0.054060,0.053771
150,0.01,8.0,15,1,0.100000,-148.794000,2.206000,27.066389,8.745140,7.297085e+02,7.619109e+01,0.054314,0.054847
150,0.01,8.0,20,1,0.010000,-147.060000,1.480000,76.028466,23.400855,5.761034e+03,5.461591e+02,0.053872,0.053559
150,0.01,8.0,20,1,0.018182,-150.414000,2.425500,68.030438,22.052927,4.611581e+03,4.843926e+02,0.053582,0.053771
150,0.01,8.0,20,1,0.026364,-149.152414,2.799310,57.733725,19.634959,3.319869e+03,3.841952e+02,0.054101,0.053867
150,0.01,8.0,20,1,0.034545,-149.446579,2.564737,50.040653,16.388587,2.494236e+03,2.675594e+02,0.053998,0.053631
150,0.01,8.0,20,1,0.042727,-150.290426,2.417660,43.251074,14.273418,1.864796e+03,2.029207e+02,0.054348,0.053627
150,0.01,8.0,20,1,0.050909,-151.344286,2.317857,42.128646,12.774015,1.773143e+03,1.625235e+02,0.053988,0.053482
150,0.01,8.0,20,1,0.059091,-150.342923,1.996923,37.849388,11.005305,1.428606e+03,1.207539e+02,0.053623,0.053570
150,0.01,8.0,20,1,0.075455,-149.545663,1.952169,31.751525,9.583005,1.004407e+03,9.162154e+01,0.053952,0.053408
150,0.01,8.0,20,1,0.083636,-148.812065,1.935761,29.142671,9.041361,8.459398e+02,8.158730e+01,0.053838,0.053711
150,0.01,8.0,20,1,0.067273,-149.559865,1.972568,34.212427,10.228140,1.166104e+03,1.043356e+02,0.057033,0.058004
150,0.01,8.0,20,1,0.100000,-148.794000,2.206000,27.066389,8.745140,7.297085e+02,7.619109e+01,0.053824,0.053446
150,0.01,8.0,20,1,0.091818,-148.553366,2.241386,27.488723,9.221279,7.528217e+02,8.470274e+01,0.056527,0.055420
150,0.01,16.0,5,1,0.010000,-147.130000,0.000000,53.677399,0.000000,2.873350e+03,3.469409e-01,0.047903,0.047404
150,0.01,16.0,5,1,0.018182,-147.427500,0.000000,39.985470,0.000000,1.595012e+03,3.469409e-01,0.047013,0.046855
150,0.01,16.0,5,1,0.026364,-146.167241,0.557586,30.321499,8.816212,9.239138e+02,7.741568e+01,0.047549,0.047302
150,0.01,16.0,5,1,0.034545,-147.764737,0.425526,29.440788,6.728162,8.648951e+02,4.511382e+01,0.048135,0.047958
150,0.01,16.0,5,1,0.042727,-147.769787,0.690426,27.165967,7.703721,7.366271e+02,5.912021e+01,0.046813,0.046316
150,0.01,16.0,5,1,0.050909,-148.012857,0.872143,24.958752,7.929622,6.214831e+02,6.270755e+01,0.047639,0.046889
150,0.01,16.0,5,1,0.059091,-148.444154,0.751385,23.098659,6.831675,5.317576e+02,4.651145e+01,0.046968,0.046637
150,0.01,16.0,5,1,0.075455,-148.807470,0.783253,20.049707,6.154842,4.004325e+02,3.776828e+01,0.047168,0.046473
150,0.01,16.0,5,1,0.067273,-148.717027,0.878514,21.796521,6.903404,4.732862e+02,4.755017e+01,0.047373,0.047029
150,0.01,16.0,5,1,0.091818,-148.567525,0.960594,18.407419,6.138377,3.376921e+02,3.766702e+01,0.047101,0.047015
150,0.01,16.0,5,1,0.100000,-148.982000,0.882000,17.436868,5.636146,3.028305e+02,3.172492e+01,0.047278,0.046783
150,0.01,16.0,5,1,0.083636,-148.980652,1.054565,19.746990,6.738870,3.883863e+02,4.544746e+01,0.049259,0.048827
150,0.01,16.0,10,1,0.010000,-147.130000,0.000000,53.677399,0.000000,2.873242e+03,3.434495e-01,0.050568,0.049280
150,0.01,16.0,10,1,0.018182,-147.427500,0.000000,39.985470,0.000000,1.594921e+03,3.434495e-01,0.048112,0.047686
150,0.01,16.0,10,1,0.026364,-146.167241,0.557586,30.321499,8.816212,9.237503e+02,7.741550e+01,0.047765,0.047501
150,0.01,16.0,10,1,0.042727,-147.769787,0.690426,27.165967,7.703721,7.365556e+02,5.912082e+01,0.047435,0.047065
150,0.01,16.0,10,1,0.034545,-147.764737,0.425526,29.440788,6.728162,8.648233e+02,4.511286e+01,0.048121,0.047728
150,0.01,16.0,10,1,0.050909,-148.012857,0.872143,24.958752,7.929622,6.214255e+02,6.270924e+01,0.048209,0.047745
150,0.01,16.0,10,1,0.067273,-148.589189,0.878514,21.768004,6.903404,4.721208e+02,4.755190e+01,0.047753,0.047398
150,0.01,16.0,10,1,0.075455,-148.694819,0.783253,20.034285,6.154842,3.998613e+02,3.776944e+01,0.047946,0.047854
150,0.01,16.0,10,1,0.059091,-148.320615,0.751385,23.044576,6.831675,5.293923e+02,4.651243e+01,0.049094,0.048750
150,0.01,16.0,10,1,0.083636,-148.881413,1.054565,19.741694,6.738870,3.881900e+02,4.545023e+01,0.048077,0.047631
150,0.01,16.0,10,1,0.091818,-148.478218,0.960594,18.405311,6.138377,3.376746e+02,3.766924e+01,0.048208,0.048120
150,0.01,16.0,10,1,0.100000,-148.901000,0.882000,17.439337,5.636146,3.029241e+02,3.172666e+01,0.050952,0.049836
150,0.01,16.0,15,1,0.010000,-147.130000,0.000000,53.677399,0.000000,2.873242e+03,3.434495e-01,0.048793,0.048690
150,0.01,16.0,15,1,0.018182,-147.427500,0.000000,39.985470,0.000000,1.594921e+03,3.434495e-01,0.048744,0.048610
150,0.01,16.0,15,1,0.026364,-146.167241,0.557586,30.321499,8.816212,9.237503e+02,7.741550e+01,0.049953,0.049840
150,0.01,16.0,15,1,0.034545,-147.764737,0.425526,29.440788,6.728162,8.648233e+02,4.511286e+01,0.048892,0.048731
150,0.01,16.0,15,1,0.042727,-147.769787,0.690426,27.165967,7.703721,7.365556e+02,5.912082e+01,0.049589,0.049825
150,0.01,16.0,15,1,0.050909,-148.012857,0.872143,24.958752,7.929622,6.214255e+02,6.270924e+01,0.049129,0.048699
150,0.01,16.0,15,1,0.059091,-148.320615,0.751385,23.044576,6.831675,5.293923e+02,4.651243e+01,0.049093,0.048575
150,0.01,16.0,15,1,0.067273,-148.589189,0.878514,21.768004,6.903404,4.721208e+02,4.755190e+01,0.049896,0.049769
150,0.01,16.0,15,1,0.075455,-148.694819,0.783253,20.034285,6.154842,3.998613e+02,3.776944e+01,0.050820,0.051422
150,0.01,16.0,15,1,0.083636,-148.881413,1.054565,19.741694,6.738870,3.881900e+02,4.545023e+01,0.050103,0.049888
150,0.01,16.0,15,1,0.091818,-148.478218,0.960594,18.405311,6.138377,3.376746e+02,3.766924e+01,0.049627,0.049457
150,0.01,16.0,15,1,0.100000,-148.901000,0.882000,17.439337,5.636146,3.029241e+02,3.172666e+01,0.049748,0.050143
150,0.01,16.0,20,1,0.010000,-147.130000,0.000000,53.677399,0.000000,2.873242e+03,3.434495e-01,0.051784,0.052078
150,0.01,16.0,20,1,0.018182,-147.427500,0.000000,39.985470,0.000000,1.594921e+03,3.434495e-01,0.052475,0.052130
150,0.01,16.0,20,1,0.026364,-146.167241,0.557586,30.321499,8.816212,9.237503e+02,7.741550e+01,0.051972,0.052112
150,0.01,16.0,20,1,0.034545,-147.764737,0.425526,29.440788,6.728162,8.648233e+02,4.511286e+01,0.052016,0.051798
150,0.01,16.0,20,1,0.042727,-147.769787,0.690426,27.165967,7.703721,7.365556e+02,5.912082e+01,0.051366,0.050940
150,0.01,16.0,20,1,0.050909,-148.012857,0.872143,24.958752,7.929622,6.214255e+02,6.270924e+01,0.051702,0.051574
150,0.01,16.0,20,1,0.059091,-148.320615,0.751385,23.044576,6.831675,5.293923e+02,4.651243e+01,0.052408,0.051482
150,0.01,16.0,20,1,0.067273,-148.589189,0.878514,21.768004,6.903404,4.721208e+02,4.755190e+01,0.052516,0.051890
150,0.01,16.0,20,1,0.075455,-148.694819,0.783253,20.034285,6.154842,3.998613e+02,3.776944e+01,0.051237,0.050534
150,0.01,16.0,20,1,0.083636,-148.881413,1.054565,19.741694,6.738870,3.881900e+02,4.545023e+01,0.050621,0.050357
150,0.01,16.0,20,1,0.091818,-148.478218,0.960594,18.405311,6.138377,3.376746e+02,3.766924e+01,0.051167,0.050913
150,0.01,16.0,20,1,0.100000,-148.901000,0.882000,17.439337,5.636146,3.029241e+02,3.172666e+01,0.051297,0.050383
150,0.3,1.0,5,1,0.010000,-5.130000,4.360000,7.648011,7.186584,5.856516e+01,5.164483e+01,0.033625,0.033802
150,0.3,1.0,5,1,0.018182,-5.175500,4.224000,4.937741,4.822315,2.454247e+01,2.326164e+01,0.033553,0.033465
150,0.3,1.0,5,1,0.026364,-5.257241,3.910690,4.160008,3.826827,1.741868e+01,1.458603e+01,0.033279,0.033311
150,0.3,1.0,5,1,0.034545,-5.207632,3.858684,3.577617,3.413979,1.297520e+01,1.161105e+01,0.033237,0.033338
150,0.3,1.0,5,1,0.042727,-5.029574,3.791489,3.217646,3.013366,1.074028e+01,9.057594e+00,0.033286,0.033547
150,0.3,1.0,5,1,0.050909,-5.032500,3.753750,3.244981,2.778149,1.091241e+01,7.710989e+00,0.033094,0.033441
150,0.3,1.0,5,1,0.059091,-4.983846,3.795846,2.855497,2.523523,8.611651e+00,6.355241e+00,0.033722,0.033729
150,0.3,1.0,5,1,0.067273,-4.954459,3.848514,2.702415,2.381906,7.806260e+00,5.654304e+00,0.033443,0.033721
150,0.3,1.0,5,1,0.075455,-4.971205,3.901687,2.585858,2.291592,7.168185e+00,5.230428e+00,0.033639,0.034303
150,0.3,1.0,5,1,0.083636,-4.883043,4.099891,2.339558,2.263399,6.093385e+00,5.139360e+00,0.032998,0.033862
150,0.3,1.0,5,1,0.091818,-4.868317,4.113564,2.330774,2.159692,6.076337e+00,4.687928e+00,0.032753,0.033663
150,0.3,1.0,5,1,0.100000,-4.794000,4.170000,2.201123,2.114114,5.617903e+00,4.520317e+00,0.033546,0.034864
150,0.3,1.0,10,1,0.018182,-6.154500,5.263500,6.077370,6.356591,3.785456e+01,4.038702e+01,0.035065,0.035187
150,0.3,1.0,10,1,0.010000,-6.070000,5.320000,9.033633,9.452778,8.252975e+01,8.918582e+01,0.035991,0.036105
150,0.3,1.0,10,1,0.026364,-6.247241,4.923448,5.171122,5.104423,2.751833e+01,2.595231e+01,0.034861,0.035148
150,0.3,1.0,10,1,0.034545,-6.238158,4.857368,4.633363,4.510151,2.228415e+01,2.026092e+01,0.035194,0.035634
150,0.3,1.0,10,1,0.042727,-6.094468,4.779149,4.276991,3.928854,1.941502e+01,1.538560e+01,0.034879,0.035535
150,0.3,1.0,10,1,0.050909,-6.040179,4.775179,4.154135,3.780321,1.850502e+01,1.424598e+01,0.034576,0.035269
150,0.3,1.0,10,1,0.059091,-5.994154,4.841692,3.743332,3.523403,1.538146e+01,1.236668e+01,0.035070,0.035705
150,0.3,1.0,10,1,0.067273,-5.951892,4.887568,3.555740,3.322735,1.412037e+01,1.099641e+01,0.034524,0.035358
150,0.3,1.0,10,1,0.075455,-5.955904,4.981807,3.429111,3.184244,1.322952e+01,1.010800e+01,0.034547,0.035515
150,0.3,1.0,10,1,0.083636,-5.853913,5.251304,3.159467,3.237805,1.172176e+01,1.057478e+01,0.035186,0.036074
150,0.3,1.0,10,1,0.091818,-5.818020,5.261485,3.209134,3.094292,1.213385e+01,9.677218e+00,0.034267,0.035974
150,0.3,1.0,10,1,0.100000,-5.707000,5.323000,3.051417,3.017589,1.146690e+01,9.260257e+00,0.035822,0.037196
150,0.3,1.0,15,1,0.010000,-6.100000,5.360000,9.059154,9.493731,8.314773e+01,8.994143e+01,0.036137,0.036103
150,0.3,1.0,15,1,0.026364,-6.292759,4.987931,5.196658,5.165370,2.788472e+01,2.657604e+01,0.035324,0.035656
150,0.3,1.0,15,1,0.018182,-6.198500,5.318500,6.109847,6.422567,3.836461e+01,4.122280e+01,0.036791,0.036833
150,0.3,1.0,15,1,0.042727,-6.185745,4.821277,4.467624,3.962768,2.109145e+01,1.565638e+01,0.035924,0.036429
150,0.3,1.0,15,1,0.034545,-6.339474,4.909474,4.835651,4.560946,2.418681e+01,2.072039e+01,0.036569,0.037002
150,0.3,1.0,15,1,0.050909,-6.116786,4.812500,4.276536,3.817547,1.958379e+01,1.453331e+01,0.035483,0.036203
150,0.3,1.0,15,1,0.059091,-6.060154,4.875538,3.840940,3.566659,1.619768e+01,1.267520e+01,0.035390,0.036193
150,0.3,1.0,15,1,0.067273,-6.009865,4.921757,3.632258,3.358753,1.477027e+01,1.123670e+01,0.035189,0.036240
150,0.3,1.0,15,1,0.075455,-6.010241,5.021566,3.492313,3.231537,1.377625e+01,1.040671e+01,0.035148,0.036259
150,0.3,1.0,15,1,0.083636,-5.913696,5.300326,3.216623,3.301007,1.218981e+01,1.097830e+01,0.035013,0.036314
150,0.3,1.0,15,1,0.091818,-5.888812,5.306139,3.301971,3.153842,1.281287e+01,1.003632e+01,0.035194,0.036668
150,0.3,1.0,15,1,0.100000,-5.772000,5.374000,3.139017,3.081250,1.210766e+01,9.638933e+00,0.036292,0.037791
150,0.3,1.0,20,1,0.010000,-6.100000,5.360000,9.059154,9.493731,8.315481e+01,8.994001e+01,0.036718,0.036815
150,0.3,1.0,20,1,0.018182,-6.198500,5.318500,6.109847,6.422567,3.837110e+01,4.122152e+01,0.036816,0.037094
150,0.3,1.0,20,1,0.026364,-6.292759,4.987931,5.196658,5.165370,2.789064e+01,2.657590e+01,0.036817,0.036915
150,0.3,1.0,20,1,0.034545,-6.339474,4.909474,4.835651,4.560946,2.419245e+01,2.072052e+01,0.036524,0.036928
150,0.3,1.0,20,1,0.050909,-6.116786,4.812500,4.276536,3.817547,1.959076e+01,1.453377e+01,0.036720,0.037361
150,0.3,1.0,20,1,0.042727,-6.185745,4.821277,4.467624,3.962768,2.109801e+01,1.565682e+01,0.037802,0.038375
150,0.3,1.0,20,1,0.059091,-6.060154,4.875538,3.840940,3.566659,1.620499e+01,1.267545e+01,0.036554,0.037501
150,0.3,1.0,20,1,0.067273,-6.009865,4.921757,3.632258,3.358753,1.477788e+01,1.123679e+01,0.036072,0.037154
150,0.3,1.0,20,1,0.075455,-6.010241,5.021566,3.492313,3.231537,1.378386e+01,1.040645e+01,0.035961,0.037088
150,0.3,1.0,20,1,0.083636,-5.913696,5.300326,3.216623,3.301007,1.219799e+01,1.097708e+01,0.036097,0.037424
150,0.3,1.0,20,1,0.091818,-5.890990,5.306139,3.309062,3.153842,1.286180e+01,1.003508e+01,0.035991,0.037529
150,0.3,1.0,20,1,0.100000,-5.774000,5.374000,3.145074,3.081250,1.214853e+01,9.637461e+00,0.037120,0.038191
150,0.3,2.0,5,1,0.010000,-47.770000,15.430000,29.303359,17.510470,8.552763e+02,3.054028e+02,0.042129,0.042282
150,0.3,2.0,5,1,0.026364,-46.218966,16.204138,18.663017,10.883263,3.488625e+02,1.187582e+02,0.041529,0.041824
150,0.3,2.0,5,1,0.018182,-47.118500,15.455000,22.080448,12.152921,4.858420e+02,1.471217e+02,0.043340,0.042603
150,0.3,2.0,5,1,0.034545,-45.114474,15.981842,16.236058,9.090236,2.688052e+02,8.274354e+01,0.041792,0.041992
150,0.3,2.0,5,1,0.042727,-44.503191,15.933617,14.649783,8.746902,2.234379e+02,7.658216e+01,0.041651,0.042091
150,0.3,2.0,5,1,0.050909,-43.636607,15.800714,13.407655,7.943460,1.948697e+02,6.307990e+01,0.043041,0.043317
150,0.3,2.0,5,1,0.059091,-42.918615,15.669077,12.481503,7.271612,1.772160e+02,5.278862e+01,0.041750,0.042101
150,0.3,2.0,5,1,0.067273,-42.564054,15.777568,11.866684,6.868534,1.657618e+02,4.719993e+01,0.041229,0.041827
150,0.3,2.0,5,1,0.075455,-41.792048,15.736627,11.366773,6.286753,1.625876e+02,3.954105e+01,0.041393,0.042150
150,0.3,2.0,5,1,0.083636,-40.951087,15.712065,10.612389,6.085917,1.565733e+02,3.704610e+01,0.041530,0.042428
150,0.3,2.0,5,1,0.091818,-40.606337,15.709307,10.561380,5.964070,1.602108e+02,3.558155e+01,0.041061,0.042327
150,0.3,2.0,5,1,0.100000,-39.817000,15.788000,10.383111,5.736128,1.681786e+02,3.299315e+01,0.041463,0.042429
150,0.3,2.0,10,1,0.010000,-90.830000,26.810000,55.771210,34.024691,3.113527e+03,1.153442e+03,0.054875,0.055177
150,0.3,2.0,10,1,0.018182,-93.214000,27.709000,45.722414,26.971176,2.084605e+03,7.246085e+02,0.054773,0.054708
150,0.3,2.0,10,1,0.034545,-87.151842,28.487105,31.140454,20.227725,1.023920e+03,4.086266e+02,0.054435,0.055610
150,0.3,2.0,10,1,0.026364,-89.149310,29.222069,36.790768,24.116227,1.379764e+03,5.824520e+02,0.055491,0.055890
150,0.3,2.0,10,1,0.042727,-85.254681,28.178723,27.871036,18.041721,8.642715e+02,3.247516e+02,0.053993,0.054902
150,0.3,2.0,10,1,0.050909,-83.710000,28.488036,25.192221,16.684387,7.544827e+02,2.783597e+02,0.053319,0.054962
150,0.3,2.0,10,1,0.067273,-81.798378,28.576216,23.683167,14.748018,7.269700e+02,2.179315e+02,0.052349,0.054921
150,0.3,2.0,10,1,0.075455,-80.072048,28.370723,22.433847,13.400003,7.173601e+02,1.797134e+02,0.053229,0.055659
150,0.3,2.0,10,1,0.059091,-83.002615,28.266615,24.662974,15.980189,7.443534e+02,2.550330e+02,0.054243,0.057332
150,0.3,2.0,10,1,0.083636,-78.083261,28.308261,20.728194,13.025297,7.064615e+02,1.697386e+02,0.052195,0.055602
150,0.3,2.0,10,1,0.091818,-77.200396,28.370198,20.649314,12.828312,7.334584e+02,1.647779e+02,0.052173,0.055612
150,0.3,2.0,10,1,0.100000,-75.562000,28.532000,19.920995,12.072238,7.642921e+02,1.463547e+02,0.051556,0.055941
150,0.3,2.0,15,1,0.010000,-98.590000,27.150000,65.976500,36.985459,4.343802e+03,1.364853e+03,0.058650,0.058087
150,0.3,2.0,15,1,0.018182,-100.199000,29.436000,52.971314,31.765786,2.796361e+03,1.005572e+03,0.058555,0.058769
150,0.3,2.0,15,1,0.034545,-92.567895,29.775263,34.676121,22.875197,1.276935e+03,5.223392e+02,0.057034,0.058555
150,0.3,2.0,15,1,0.042727,-90.705532,29.337234,31.553983,20.681852,1.107623e+03,4.264350e+02,0.057129,0.058909
150,0.3,2.0,15,1,0.026364,-95.093103,30.868276,41.977076,27.952543,1.795737e+03,7.829236e+02,0.058410,0.059118
150,0.3,2.0,15,1,0.059091,-88.636308,29.503692,27.586668,18.037138,9.227764e+02,3.246840e+02,0.056532,0.059609
150,0.3,2.0,15,1,0.050909,-89.276786,30.016250,28.252650,19.329422,9.437819e+02,3.738663e+02,0.057515,0.060561
150,0.3,2.0,15,1,0.067273,-87.267162,29.896216,26.445402,16.661317,8.983849e+02,2.779216e+02,0.055836,0.059627
150,0.3,2.0,15,1,0.075455,-85.344096,29.625783,25.035201,15.264127,8.844154e+02,2.329199e+02,0.055832,0.059052
150,0.3,2.0,15,1,0.083636,-83.125326,29.600761,23.063525,14.925408,8.664579e+02,2.226893e+02,0.055068,0.058710
150,0.3,2.0,15,1,0.091818,-82.180891,29.807822,22.802996,14.826625,8.901056e+02,2.201782e+02,0.054320,0.059750
150,0.3,2.0,15,1,0.100000,-80.450000,30.035000,22.042880,13.989293,9.259371e+02,1.967015e+02,0.055103,0.059995
150,0.3,2.0,20,1,0.010000,-98.830000,26.930000,67.005710,37.126319,4.481944e+03,1.376276e+03,0.059632,0.059000
150,0.3,2.0,20,1,0.018182,-100.507000,29.381000,53.563138,32.158914,2.859805e+03,1.030419e+03,0.058425,0.059332
150,0.3,2.0,20,1,0.034545,-92.776316,29.844737,35.063363,23.284412,1.309858e+03,5.411266e+02,0.058526,0.059544
150,0.3,2.0,20,1,0.026364,-95.260000,30.860690,42.418830,28.367171,1.837777e+03,8.058025e+02,0.058858,0.060616
150,0.3,2.0,20,1,0.042727,-90.923191,29.402766,32.019565,21.099410,1.144159e+03,4.437909e+02,0.058230,0.060686
150,0.3,2.0,20,1,0.050909,-89.457500,30.202857,28.572633,19.835396,9.707969e+02,3.938907e+02,0.058143,0.060665
150,0.3,2.0,20,1,0.059091,-88.786923,29.767692,27.886446,18.590685,9.495003e+02,3.452046e+02,0.057828,0.061167
150,0.3,2.0,20,1,0.075455,-85.574699,29.840482,25.227011,15.710092,9.041089e+02,2.469422e+02,0.057001,0.061084
150,0.3,2.0,20,1,0.067273,-87.455946,30.125135,26.765770,17.116205,9.254794e+02,2.935992e+02,0.057391,0.060919
150,0.3,2.0,20,1,0.083636,-83.382391,29.787283,23.235524,15.271208,8.848689e+02,2.332895e+02,0.056102,0.060356
150,0.3,2.0,20,1,0.091818,-82.431386,30.027822,22.925968,15.255400,9.069785e+02,2.333508e+02,0.055869,0.061067
150,0.3,2.0,20,1,0.100000,-80.711000,30.255000,22.151421,14.391166,9.425429e+02,2.084498e+02,0.055863,0.061561
150,0.3,4.0,5,1,0.018182,-176.088000,17.858500,59.507993,23.068622,3.539421e+03,5.308392e+02,0.052944,0.053160
150,0.3,4.0,5,1,0.010000,-179.230000,19.030000,82.721542,32.915312,6.859853e+03,1.079159e+03,0.054888,0.055014
150,0.3,4.0,5,1,0.026364,-172.976897,17.311724,50.716039,16.944488,2.561995e+03,2.880549e+02,0.054819,0.054330
150,0.3,4.0,5,1,0.034545,-171.698421,18.068947,44.751913,15.711187,1.995480e+03,2.463269e+02,0.054818,0.053998
150,0.3,4.0,5,1,0.042727,-170.464894,17.899574,40.086336,14.726833,1.604913e+03,2.167466e+02,0.054628,0.055185
150,0.3,4.0,5,1,0.059091,-170.774154,17.880923,34.949854,12.043564,1.219827e+03,1.452341e+02,0.053393,0.053968
150,0.3,4.0,5,1,0.067273,-169.912838,17.879459,33.512865,11.281110,1.125674e+03,1.275238e+02,0.053757,0.053514
150,0.3,4.0,5,1,0.075455,-169.176024,17.654337,31.917230,10.524507,1.026146e+03,1.115372e+02,0.053484,0.054063
150,0.3,4.0,5,1,0.050909,-170.959643,18.079286,36.943418,13.653502,1.361946e+03,1.861312e+02,0.054809,0.054922
150,0.3,4.0,5,1,0.083636,-168.632391,17.677717,31.118788,10.008315,9.800012e+02,1.009297e+02,0.053080,0.054301
150,0.3,4.0,5,1,0.091818,-168.009208,17.790594,29.212764,9.684395,8.707624e+02,9.434552e+01,0.053892,0.054855
150,0.3,4.0,5,1,0.100000,-167.150000,17.620000,28.520320,9.140311,8.395190e+02,8.450295e+01,0.055754,0.056267
150,0.3,4.0,10,1,0.010000,-167.490000,14.620000,114.452490,52.376318,1.306168e+04,2.739084e+03,0.066567,0.065058
150,0.3,4.0,10,1,0.018182,-169.037000,13.563000,87.472829,36.742866,7.649849e+03,1.347030e+03,0.066320,0.065342
150,0.3,4.0,10,1,0.075455,-166.835542,12.390241,42.593356,18.033819,1.817049e+03,3.240575e+02,0.064336,0.063583
150,0.3,4.0,10,1,0.034545,-165.072368,11.946579,63.610030,23.682477,4.032058e+03,5.586212e+02,0.066327,0.066808
150,0.3,4.0,10,1,0.050909,-164.976429,12.060714,52.757726,20.866622,2.773989e+03,4.336762e+02,0.065359,0.063740
150,0.3,4.0,10,1,0.042727,-164.457021,11.779362,56.855180,22.081169,3.220224e+03,4.856839e+02,0.067072,0.064983
150,0.3,4.0,10,1,0.026364,-165.690345,12.373103,74.606774,28.300090,5.548046e+03,7.978187e+02,0.069130,0.066220
150,0.3,4.0,10,1,0.059091,-166.643231,12.325077,50.380757,19.657658,2.536993e+03,3.849731e+02,0.066697,0.065813
150,0.3,4.0,10,1,0.091818,-167.799010,12.043366,37.326609,15.730806,1.404870e+03,2.464691e+02,0.065270,0.063252
150,0.3,4.0,10,1,0.067273,-166.657432,12.293243,46.314817,19.075381,2.145493e+03,3.624913e+02,0.067490,0.065501
150,0.3,4.0,10,1,0.083636,-167.784674,12.543587,40.370797,16.789289,1.640331e+03,2.810306e+02,0.067022,0.065738
150,0.3,4.0,10,1,0.100000,-168.393000,11.657000,35.560427,14.695815,1.281928e+03,2.152323e+02,0.066018,0.064269
150,0.3,4.0,15,1,0.010000,-166.220000,15.350000,117.103435,54.554167,1.367392e+04,2.977504e+03,0.063743,0.063373
150,0.3,4.0,15,1,0.018182,-168.305500,14.300000,90.489343,38.729665,8.191932e+03,1.500697e+03,0.063402,0.062542
150,0.3,4.0,15,1,0.034545,-163.914474,12.412632,65.109269,24.933553,4.224947e+03,6.196894e+02,0.064491,0.063631
150,0.3,4.0,15,1,0.026364,-164.620690,13.101379,76.576717,30.373349,5.846039e+03,9.207869e+02,0.065408,0.064287
150,0.3,4.0,15,1,0.050909,-163.835179,12.184464,53.506693,21.432531,2.853948e+03,4.577414e+02,0.065451,0.063727
150,0.3,4.0,15,1,0.042727,-163.127660,12.048511,58.174588,22.899606,3.371472e+03,5.224092e+02,0.065197,0.064943
150,0.3,4.0,15,1,0.059091,-165.005077,12.291231,50.544586,20.170421,2.551988e+03,4.055567e+02,0.066022,0.065101
150,0.3,4.0,15,1,0.083636,-166.012717,12.355870,40.605689,17.091861,1.656196e+03,2.913807e+02,0.065143,0.063482
150,0.3,4.0,15,1,0.075455,-164.888675,12.256386,42.765830,18.337196,1.828431e+03,3.352066e+02,0.066246,0.064505
150,0.3,4.0,15,1,0.067273,-164.839459,12.220405,46.446973,19.495082,2.155267e+03,3.787988e+02,0.066176,0.064883
150,0.3,4.0,15,1,0.091818,-166.082574,11.888713,37.623423,16.052794,1.424356e+03,2.566935e+02,0.065805,0.064448
150,0.3,4.0,15,1,0.100000,-166.812000,11.539000,35.834489,15.010814,1.299556e+03,2.244524e+02,0.065883,0.064025
150,0.3,4.0,20,1,0.010000,-166.180000,15.400000,117.280118,54.751080,1.371524e+04,2.999381e+03,0.064852,0.064250
150,0.3,4.0,20,1,0.018182,-168.278000,14.245000,90.510525,38.795442,8.196016e+03,1.505544e+03,0.065477,0.064811
150,0.3,4.0,20,1,0.026364,-164.575172,13.048276,76.570488,30.471642,5.845107e+03,9.266252e+02,0.064239,0.063528
150,0.3,4.0,20,1,0.034545,-163.778421,12.369211,65.052117,25.001311,4.217262e+03,6.230133e+02,0.064562,0.063877
150,0.3,4.0,20,1,0.042727,-163.001277,12.013404,58.210651,22.950279,3.375527e+03,5.247068e+02,0.064651,0.063483
150,0.3,4.0,20,1,0.050909,-163.786071,12.155000,53.575736,21.474389,2.861313e+03,4.595120e+02,0.065634,0.064938
150,0.3,4.0,20,1,0.059091,-164.969538,12.265846,50.655041,20.205916,2.563198e+03,4.069663e+02,0.065060,0.063559
150,0.3,4.0,20,1,0.067273,-164.800811,12.199595,46.559078,19.523880,2.165708e+03,3.799069e+02,0.065196,0.064148
150,0.3,4.0,20,1,0.075455,-164.833012,12.237831,42.857156,18.362916,1.836187e+03,3.361373e+02,0.065115,0.063635
150,0.3,4.0,20,1,0.083636,-165.866848,12.339130,40.676654,17.082858,1.661229e+03,2.910655e+02,0.067086,0.065226
150,0.3,4.0,20,1,0.091818,-165.927921,11.873465,37.719293,16.044797,1.430760e+03,2.564359e+02,0.066595,0.065310
150,0.3,4.0,20,1,0.100000,-166.702000,11.525000,35.881907,15.004087,1.302398e+03,2.242527e+02,0.066061,0.064218
150,0.3,8.0,5,1,0.010000,-152.980000,5.840000,84.364620,37.812213,7.090803e+03,1.433686e+03,0.051568,0.050992
150,0.3,8.0,5,1,0.018182,-151.134500,3.421000,58.177121,20.943098,3.371263e+03,4.373296e+02,0.052660,0.052329
150,0.3,8.0,5,1,0.026364,-152.001034,3.216552,47.994876,16.564042,2.294449e+03,2.735020e+02,0.051676,0.051279
150,0.3,8.0,5,1,0.034545,-155.563158,3.737105,45.470166,15.173079,2.074911e+03,2.303058e+02,0.051486,0.051131
150,0.3,8.0,5,1,0.042727,-157.264894,3.454468,40.998597,13.882029,1.706165e+03,1.924576e+02,0.052735,0.052158
150,0.3,8.0,5,1,0.059091,-155.419846,2.819385,35.209327,10.381999,1.249270e+03,1.073619e+02,0.051061,0.050764
150,0.3,8.0,5,1,0.050909,-156.526071,3.152679,38.610025,12.022982,1.508962e+03,1.441484e+02,0.051553,0.051527
150,0.3,8.0,5,1,0.075455,-154.967470,2.544578,31.943978,8.433130,1.027624e+03,7.086944e+01,0.050984,0.050719
150,0.3,8.0,5,1,0.067273,-154.270541,2.778243,33.907397,9.455789,1.152203e+03,8.905617e+01,0.052371,0.052140
150,0.3,8.0,5,1,0.091818,-155.196931,2.341584,28.872396,7.160750,8.431634e+02,5.122594e+01,0.052012,0.052149
150,0.3,8.0,5,1,0.083636,-155.510109,2.435543,30.843111,7.800210,9.627211e+02,6.068952e+01,0.052578,0.052152
150,0.3,8.0,5,1,0.100000,-155.372000,2.283000,27.647425,6.761363,7.754926e+02,4.573739e+01,0.052055,0.051671
150,0.3,8.0,10,1,0.010000,-147.720000,5.360000,84.477793,37.603544,7.109812e+03,1.417426e+03,0.053536,0.053032
150,0.3,8.0,10,1,0.018182,-146.635500,2.948000,58.915452,20.681949,3.463142e+03,4.263887e+02,0.053642,0.053333
150,0.3,8.0,10,1,0.034545,-152.017105,3.300000,46.347660,15.359988,2.148116e+03,2.358865e+02,0.053437,0.052820
150,0.3,8.0,10,1,0.026364,-147.987931,2.795517,49.418694,16.427513,2.433640e+03,2.689815e+02,0.054084,0.053772
150,0.3,8.0,10,1,0.042727,-153.588085,3.606596,41.422464,15.150743,1.729244e+03,2.302038e+02,0.053620,0.053193
150,0.3,8.0,10,1,0.059091,-152.823846,2.777077,35.062733,11.237835,1.238464e+03,1.259655e+02,0.053515,0.053086
150,0.3,8.0,10,1,0.050909,-153.542321,3.223393,38.708826,13.043916,1.512256e+03,1.702246e+02,0.053602,0.054215
150,0.3,8.0,10,1,0.067273,-151.377838,2.590946,33.641866,10.121396,1.132509e+03,1.020905e+02,0.053228,0.052989
150,0.3,8.0,10,1,0.075455,-151.430241,2.447831,32.045162,9.243911,1.028289e+03,8.511750e+01,0.054878,0.054743
150,0.3,8.0,10,1,0.091818,-151.912178,2.116139,28.737183,7.747071,8.305207e+02,5.983211e+01,0.053802,0.053680
150,0.3,8.0,10,1,0.083636,-152.229239,2.323152,30.560544,8.504936,9.401033e+02,7.204537e+01,0.054578,0.053503
150,0.3,8.0,10,1,0.100000,-152.373000,2.050000,27.909665,7.283040,7.866508e+02,5.292099e+01,0.054186,0.053740
150,0.3,8.0,15,1,0.010000,-147.720000,5.360000,84.477793,37.603544,7.109805e+03,1.417427e+03,0.054168,0.054073
150,0.3,8.0,15,1,0.018182,-146.635500,2.948000,58.915452,20.681949,3.463129e+03,4.263890e+02,0.054931,0.054925
150,0.3,8.0,15,1,0.026364,-147.987931,2.795517,49.418694,16.427513,2.433634e+03,2.689817e+02,0.054964,0.054490
150,0.3,8.0,15,1,0.034545,-152.017105,3.300000,46.347660,15.359988,2.148132e+03,2.358870e+02,0.054770,0.054604
150,0.3,8.0,15,1,0.050909,-153.542321,3.223393,38.708826,13.043916,1.512280e+03,1.702250e+02,0.054040,0.053493
150,0.3,8.0,15,1,0.042727,-153.588085,3.606596,41.422464,15.150743,1.729268e+03,2.302045e+02,0.054244,0.054221
150,0.3,8.0,15,1,0.067273,-151.377838,2.590946,33.641866,10.121396,1.132522e+03,1.020907e+02,0.054594,0.054170
150,0.3,8.0,15,1,0.059091,-152.823846,2.777077,35.062733,11.237835,1.238484e+03,1.259657e+02,0.054932,0.054822
150,0.3,8.0,15,1,0.075455,-151.430241,2.447831,32.045162,9.243911,1.028302e+03,8.511755e+01,0.054337,0.054116
150,0.3,8.0,15,1,0.091818,-151.912178,2.116139,28.737183,7.747071,8.305358e+02,5.983199e+01,0.054269,0.054092
150,0.3,8.0,15,1,0.083636,-152.229239,2.323152,30.560544,8.504936,9.401200e+02,7.204536e+01,0.054815,0.054570
150,0.3,8.0,15,1,0.100000,-152.373000,2.050000,27.909665,7.283040,7.866683e+02,5.292083e+01,0.055502,0.055160
150,0.3,8.0,20,1,0.010000,-147.720000,5.360000,84.477793,37.603544,7.109805e+03,1.417427e+03,0.054806,0.054461
150,0.3,8.0,20,1,0.018182,-146.635500,2.948000,58.915452,20.681949,3.463129e+03,4.263890e+02,0.054653,0.054226
150,0.3,8.0,20,1,0.034545,-152.017105,3.300000,46.347660,15.359988,2.148132e+03,2.358870e+02,0.054606,0.054376
150,0.3,8.0,20,1,0.050909,-153.542321,3.223393,38.708826,13.043916,1.512280e+03,1.702250e+02,0.054860,0.054839
150,0.3,8.0,20,1,0.026364,-147.987931,2.795517,49.418694,16.427513,2.433634e+03,2.689817e+02,0.056792,0.055662
150,0.3,8.0,20,1,0.042727,-153.588085,3.606596,41.422464,15.150743,1.729268e+03,2.302045e+02,0.055910,0.055672
150,0.3,8.0,20,1,0.059091,-152.823846,2.777077,35.062733,11.237835,1.238484e+03,1.259657e+02,0.055085,0.054478
150,0.3,8.0,20,1,0.067273,-151.377838,2.590946,33.641866,10.121396,1.132522e+03,1.020907e+02,0.055571,0.055091
150,0.3,8.0,20,1,0.075455,-151.430241,2.447831,32.045162,9.243911,1.028302e+03,8.511755e+01,0.055131,0.054832
150,0.3,8.0,20,1,0.083636,-152.229239,2.323152,30.560544,8.504936,9.401201e+02,7.204536e+01,0.055731,0.055083
150,0.3,8.0,20,1,0.091818,-151.912178,2.116139,28.737183,7.747071,8.305358e+02,5.983199e+01,0.056846,0.056396
150,0.3,8.0,20,1,0.100000,-152.373000,2.050000,27.909665,7.283040,7.866684e+02,5.292083e+01,0.055948,0.056018
150,0.3,16.0,5,1,0.010000,-146.200000,0.960000,53.664509,15.178933,2.876864e+03,2.296122e+02,0.047392,0.046968
150,0.3,16.0,5,1,0.018182,-149.176500,0.528000,42.325172,8.348413,1.784258e+03,6.942160e+01,0.047883,0.047538
150,0.3,16.0,5,1,0.026364,-148.647931,0.364138,33.279797,5.757526,1.103334e+03,3.306945e+01,0.047544,0.047378
150,0.3,16.0,5,1,0.034545,-147.724211,0.578947,29.971682,6.465025,8.966459e+02,4.162960e+01,0.048266,0.048172
150,0.3,16.0,5,1,0.042727,-148.560851,0.695106,28.338714,6.324021,8.001787e+02,3.984345e+01,0.048626,0.048183
150,0.3,16.0,5,1,0.059091,-148.335846,0.688769,23.134152,5.420841,5.336570e+02,2.927691e+01,0.048105,0.047337
150,0.3,16.0,5,1,0.050909,-148.166071,0.799464,25.890674,6.292047,6.685482e+02,3.947362e+01,0.048659,0.048125
150,0.3,16.0,5,1,0.067273,-148.125405,0.768514,21.858810,5.399803,4.768778e+02,2.907162e+01,0.048080,0.047558
150,0.3,16.0,5,1,0.075455,-148.811446,0.816386,20.814558,5.224985,4.316057e+02,2.724063e+01,0.048441,0.048156
150,0.3,16.0,5,1,0.083636,-148.975870,0.736522,19.270298,4.713845,3.698787e+02,2.215171e+01,0.048411,0.048656
150,0.3,16.0,5,1,0.091818,-148.786436,0.670891,18.475621,4.293800,3.400919e+02,1.836885e+01,0.049589,0.049077
150,0.3,16.0,5,1,0.100000,-148.917000,0.616000,18.013225,3.942489,3.232180e+02,1.548152e+01,0.049092,0.048957
150,0.3,16.0,10,1,0.010000,-146.240000,0.960000,53.707078,15.178933,2.880573e+03,2.296181e+02,0.048715,0.048588
150,0.3,16.0,10,1,0.018182,-149.220500,0.528000,42.345965,8.348413,1.786053e+03,6.942061e+01,0.049207,0.048584
150,0.3,16.0,10,1,0.026364,-148.795862,0.364138,33.522309,5.757526,1.119295e+03,3.306585e+01,0.047935,0.047658
150,0.3,16.0,10,1,0.034545,-147.761842,0.578947,30.096021,6.465025,9.036999e+02,4.162942e+01,0.048855,0.048674
150,0.3,16.0,10,1,0.050909,-147.794821,0.799464,25.328758,6.292047,6.404512e+02,3.947695e+01,0.048711,0.048268
150,0.3,16.0,10,1,0.042727,-148.439149,0.695106,28.074650,6.324021,7.853566e+02,3.984512e+01,0.048973,0.049083
150,0.3,16.0,10,1,0.067273,-148.086757,0.768514,21.984227,5.399803,4.822214e+02,2.907445e+01,0.048694,0.048066
150,0.3,16.0,10,1,0.059091,-148.024462,0.688769,22.688302,5.420841,5.136670e+02,2.927848e+01,0.049509,0.049610
150,0.3,16.0,10,1,0.075455,-148.733253,0.816386,20.790457,5.224985,4.305895e+02,2.724422e+01,0.049369,0.048759
150,0.3,16.0,10,1,0.083636,-148.916087,0.736522,19.242208,4.713845,3.687899e+02,2.215403e+01,0.049583,0.049462
150,0.3,16.0,10,1,0.091818,-148.735248,0.670891,18.467519,4.293800,3.397593e+02,1.837013e+01,0.049777,0.048961
150,0.3,16.0,10,1,0.100000,-148.873000,0.616000,17.998720,3.942489,3.226763e+02,1.548193e+01,0.049749,0.049761
150,0.3,16.0,15,1,0.010000,-146.240000,0.960000,53.707078,15.178933,2.880573e+03,2.296181e+02,0.049337,0.049265
150,0.3,16.0,15,1,0.018182,-149.220500,0.528000,42.345965,8.348413,1.786053e+03,6.942061e+01,0.049363,0.049036
150,0.3,16.0,15,1,0.026364,-148.795862,0.364138,33.522309,5.757526,1.119295e+03,3.306585e+01,0.050042,0.049470
150,0.3,16.0,15,1,0.034545,-147.761842,0.578947,30.096021,6.465025,9.036999e+02,4.162942e+01,0.049431,0.049035
150,0.3,16.0,15,1,0.042727,-148.439149,0.695106,28.074650,6.324021,7.853566e+02,3.984512e+01,0.049724,0.049445
150,0.3,16.0,15,1,0.059091,-148.024462,0.688769,22.688302,5.420841,5.136670e+02,2.927848e+01,0.049676,0.049302
150,0.3,16.0,15,1,0.050909,-147.794821,0.799464,25.328758,6.292047,6.404512e+02,3.947695e+01,0.050584,0.050095
150,0.3,16.0,15,1,0.067273,-148.086757,0.768514,21.984227,5.399803,4.822214e+02,2.907445e+01,0.050571,0.050336
150,0.3,16.0,15,1,0.075455,-148.733253,0.816386,20.790457,5.224985,4.305895e+02,2.724422e+01,0.049975,0.049963
150,0.3,16.0,15,1,0.083636,-148.916087,0.736522,19.242208,4.713845,3.687899e+02,2.215403e+01,0.049511,0.048996
150,0.3,16.0,15,1,0.091818,-148.735248,0.670891,18.467519,4.293800,3.397593e+02,1.837013e+01,0.051500,0.051006
150,0.3,16.0,15,1,0.100000,-148.873000,0.616000,17.998720,3.942489,3.226763e+02,1.548193e+01,0.049645,0.049115
150,0.3,16.0,20,1,0.010000,-146.240000,0.960000,53.707078,15.178933,2.880573e+03,2.296181e+02,0.051329,0.050864
150,0.3,16.0,20,1,0.026364,-148.795862,0.364138,33.522309,5.757526,1.119295e+03,3.306585e+01,0.050105,0.049721
150,0.3,16.0,20,1,0.018182,-149.220500,0.528000,42.345965,8.348413,1.786053e+03,6.942061e+01,0.050781,0.050488
150,0.3,16.0,20,1,0.034545,-147.761842,0.578947,30.096021,6.465025,9.036999e+02,4.162942e+01,0.050796,0.050095
150,0.3,16.0,20,1,0.042727,-148.439149,0.695106,28.074650,6.324021,7.853566e+02,3.984512e+01,0.050280,0.050043
150,0.3,16.0,20,1,0.050909,-147.794821,0.799464,25.328758,6.292047,6.404512e+02,3.947695e+01,0.050021,0.049898
150,0.3,16.0,20,1,0.059091,-148.024462,0.688769,22.688302,5.420841,5.136670e+02,2.927848e+01,0.050782,0.050394
150,0.3,16.0,20,1,0.067273,-148.086757,0.768514,21.984227,5.399803,4.822214e+02,2.907445e+01,0.051212,0.051027
150,0.3,16.0,20,1,0.075455,-148.733253,0.816386,20.790457,5.224985,4.305895e+02,2.724422e+01,0.050815,0.050495
150,0.3,16.0,20,1,0.083636,-148.916087,0.736522,19.242208,4.713845,3.687899e+02,2.215403e+01,0.050517,0.050286
150,0.3,16.0,20,1,0.091818,-148.735248,0.670891,18.467519,4.293800,3.397593e+02,1.837013e+01,0.051406,0.050985
150,0.3,16.0,20,1,0.100000,-148.873000,0.616000,17.998720,3.942489,3.226763e+02,1.548193e+01,0.050652,0.050308
150,0.5,1.0,5,1,0.010000,-3.500000,1.540000,5.273637,3.243529,2.774117e+01,1.048646e+01,0.031979,0.031871
150,0.5,1.0,5,1,0.018182,-3.311000,1.699500,3.838370,2.533092,1.467435e+01,6.395749e+00,0.030382,0.030412
150,0.5,1.0,5,1,0.026364,-3.129310,1.581724,3.152816,2.016030,9.928640e+00,4.050428e+00,0.031512,0.031584
150,0.5,1.0,5,1,0.034545,-2.972895,1.595000,2.580540,1.735846,6.737653e+00,3.002319e+00,0.030487,0.030745
150,0.5,1.0,5,1,0.042727,-2.892766,1.607872,2.217725,1.577137,5.062109e+00,2.477890e+00,0.030594,0.030642
150,0.5,1.0,5,1,0.050909,-2.899286,1.640179,2.066097,1.522706,4.409931e+00,2.309468e+00,0.030933,0.031239
150,0.5,1.0,5,1,0.059091,-2.865077,1.609385,1.912465,1.386281,3.829524e+00,1.914504e+00,0.030596,0.031168
150,0.5,1.0,5,1,0.067273,-2.822838,1.697568,1.796369,1.427355,3.438946e+00,2.033790e+00,0.030486,0.030898
150,0.5,1.0,5,1,0.075455,-2.806988,1.667229,1.652537,1.325924,2.960153e+00,1.752445e+00,0.030131,0.030808
150,0.5,1.0,5,1,0.083636,-2.773913,1.638043,1.538504,1.287054,2.631239e+00,1.649951e+00,0.030094,0.030608
150,0.5,1.0,5,1,0.091818,-2.780495,1.629307,1.508964,1.217653,2.534733e+00,1.476748e+00,0.030789,0.031453
150,0.5,1.0,5,1,0.100000,-2.774000,1.662000,1.439867,1.249802,2.338545e+00,1.556795e+00,0.030020,0.030717
150,0.5,1.0,10,1,0.010000,-3.620000,1.600000,5.555995,3.491240,3.075542e+01,1.215833e+01,0.031998,0.031769
150,0.5,1.0,10,1,0.018182,-3.459500,1.771000,4.210116,2.690355,1.765794e+01,7.210327e+00,0.032354,0.032476
150,0.5,1.0,10,1,0.026364,-3.246897,1.657586,3.427526,2.140854,1.177602e+01,4.570977e+00,0.031620,0.031749
150,0.5,1.0,10,1,0.042727,-3.005106,1.687447,2.394831,1.668020,5.978321e+00,2.773462e+00,0.031827,0.031960
150,0.5,1.0,10,1,0.034545,-3.074211,1.673158,2.787626,1.845703,7.939312e+00,3.396868e+00,0.032216,0.032705
150,0.5,1.0,10,1,0.050909,-3.017143,1.708929,2.249902,1.599721,5.295586e+00,2.549572e+00,0.031886,0.032105
150,0.5,1.0,10,1,0.059091,-2.968308,1.690615,2.076792,1.507411,4.601175e+00,2.265204e+00,0.031936,0.032352
150,0.5,1.0,10,1,0.067273,-2.934324,1.788243,2.013442,1.560421,4.381808e+00,2.427965e+00,0.031394,0.032014
150,0.5,1.0,10,1,0.075455,-2.907711,1.748072,1.845990,1.444359,3.770055e+00,2.077990e+00,0.031085,0.031866
150,0.5,1.0,10,1,0.083636,-2.867174,1.714565,1.705107,1.392083,3.323123e+00,1.930578e+00,0.031648,0.032381
150,0.5,1.0,10,1,0.091818,-2.875248,1.707723,1.677329,1.326214,3.219052e+00,1.752574e+00,0.031661,0.032358
150,0.5,1.0,10,1,0.100000,-2.875000,1.740000,1.609499,1.346720,2.997317e+00,1.806421e+00,0.031601,0.032218
150,0.5,1.0,15,1,0.010000,-3.620000,1.600000,5.555995,3.491240,3.075472e+01,1.215877e+01,0.032281,0.032294
150,0.5,1.0,15,1,0.018182,-3.459500,1.771000,4.210116,2.690355,1.765840e+01,7.210214e+00,0.032579,0.032598
150,0.5,1.0,15,1,0.026364,-3.246897,1.657586,3.427526,2.140854,1.177801e+01,4.571231e+00,0.033428,0.033614
150,0.5,1.0,15,1,0.034545,-3.074211,1.673158,2.787626,1.845703,7.942541e+00,3.397071e+00,0.032677,0.032669
150,0.5,1.0,15,1,0.042727,-3.005106,1.687447,2.394831,1.668020,5.982048e+00,2.773620e+00,0.033381,0.033252
150,0.5,1.0,15,1,0.050909,-3.017143,1.708929,2.249902,1.599721,5.299227e+00,2.549660e+00,0.032319,0.032725
150,0.5,1.0,15,1,0.059091,-2.968308,1.690615,2.076792,1.507411,4.605167e+00,2.265351e+00,0.032340,0.033112
150,0.5,1.0,15,1,0.067273,-2.934324,1.788243,2.013442,1.560421,4.386045e+00,2.427797e+00,0.032043,0.032604
150,0.5,1.0,15,1,0.075455,-2.907711,1.748072,1.845990,1.444359,3.774484e+00,2.077952e+00,0.032442,0.032895
150,0.5,1.0,15,1,0.083636,-2.867174,1.714565,1.705107,1.392083,3.327843e+00,1.930648e+00,0.032127,0.032881
150,0.5,1.0,15,1,0.091818,-2.875248,1.707723,1.677329,1.326214,3.223715e+00,1.752666e+00,0.032101,0.032971
150,0.5,1.0,15,1,0.100000,-2.875000,1.740000,1.609499,1.346720,3.001981e+00,1.806409e+00,0.032716,0.033576
150,0.5,1.0,20,1,0.010000,-3.620000,1.600000,5.555995,3.491240,3.075471e+01,1.215878e+01,0.033198,0.033219
150,0.5,1.0,20,1,0.018182,-3.459500,1.771000,4.210116,2.690355,1.765840e+01,7.210213e+00,0.033388,0.033407
150,0.5,1.0,20,1,0.026364,-3.246897,1.657586,3.427526,2.140854,1.177803e+01,4.571233e+00,0.034540,0.034606
150,0.5,1.0,20,1,0.034545,-3.074211,1.673158,2.787626,1.845703,7.942565e+00,3.397073e+00,0.033633,0.033702
150,0.5,1.0,20,1,0.050909,-3.017143,1.708929,2.249902,1.599721,5.299254e+00,2.549660e+00,0.033468,0.033691
150,0.5,1.0,20,1,0.042727,-3.005106,1.687447,2.394831,1.668020,5.982076e+00,2.773621e+00,0.034358,0.034229
150,0.5,1.0,20,1,0.067273,-2.934324,1.788243,2.013442,1.560421,4.386076e+00,2.427796e+00,0.033555,0.033968
150,0.5,1.0,20,1,0.059091,-2.968308,1.690615,2.076792,1.507411,4.605197e+00,2.265352e+00,0.034431,0.034902
150,0.5,1.0,20,1,0.075455,-2.907711,1.748072,1.845990,1.444359,3.774516e+00,2.077952e+00,0.033128,0.034101
150,0.5,1.0,20,1,0.083636,-2.867174,1.714565,1.705107,1.392083,3.327878e+00,1.930649e+00,0.033057,0.033908
150,0.5,1.0,20,1,0.091818,-2.875248,1.707723,1.677329,1.326214,3.223749e+00,1.752667e+00,0.032811,0.034042
150,0.5,1.0,20,1,0.100000,-2.875000,1.740000,1.609499,1.346720,3.002016e+00,1.806409e+00,0.033123,0.034199
150,0.5,2.0,5,1,0.010000,-20.100000,6.640000,17.386753,12.795126,3.034590e+02,1.653680e+02,0.037397,0.037675
150,0.5,2.0,5,1,0.018182,-19.849500,5.791500,12.056283,7.815067,1.479754e+02,6.128063e+01,0.036961,0.036976
150,0.5,2.0,5,1,0.034545,-19.374474,5.497105,9.219442,5.297404,8.978693e+01,2.809175e+01,0.036783,0.037033
150,0.5,2.0,5,1,0.026364,-20.042759,5.795862,10.708533,6.361189,1.167625e+02,4.075840e+01,0.038083,0.038204
150,0.5,2.0,5,1,0.050909,-18.423036,5.207321,7.853471,4.029074,7.177378e+01,1.617597e+01,0.036924,0.037713
150,0.5,2.0,5,1,0.042727,-18.941064,5.256596,8.534789,4.419780,7.983100e+01,1.947472e+01,0.037641,0.038317
150,0.5,2.0,5,1,0.059091,-18.209231,5.136154,7.377553,3.795695,6.597502e+01,1.434990e+01,0.036705,0.037247
150,0.5,2.0,5,1,0.067273,-18.019189,5.277027,7.063224,3.764409,6.279380e+01,1.413846e+01,0.037367,0.037810
150,0.5,2.0,5,1,0.075455,-17.655663,5.325060,6.690113,3.516882,6.044686e+01,1.236065e+01,0.036544,0.038026
150,0.5,2.0,5,1,0.083636,-17.290326,5.278804,6.331472,3.258505,5.883958e+01,1.060031e+01,0.036092,0.037151
150,0.5,2.0,5,1,0.091818,-16.995545,5.383465,6.016308,3.139628,5.761438e+01,9.886758e+00,0.035863,0.037045
150,0.5,2.0,5,1,0.100000,-16.785000,5.341000,5.904743,3.006430,5.828944e+01,9.050900e+00,0.036335,0.037970
150,0.5,2.0,10,1,0.010000,-29.820000,9.770000,23.997314,20.058201,5.848396e+02,4.058772e+02,0.041491,0.041630
150,0.5,2.0,10,1,0.018182,-29.122500,8.365500,17.248059,12.893708,3.127476e+02,1.663327e+02,0.041413,0.041668
150,0.5,2.0,10,1,0.026364,-29.559655,8.132414,15.424245,9.820826,2.500436e+02,9.646340e+01,0.041097,0.041762
150,0.5,2.0,10,1,0.034545,-28.461053,7.862105,13.499461,8.156329,2.037502e+02,6.639108e+01,0.042239,0.043165
150,0.5,2.0,10,1,0.042727,-27.738723,7.625106,12.779529,6.996338,1.922420e+02,4.876873e+01,0.040827,0.041981
150,0.5,2.0,10,1,0.050909,-26.920536,7.701964,11.956018,6.423932,1.815226e+02,4.114282e+01,0.040859,0.042017
150,0.5,2.0,10,1,0.059091,-26.445692,7.510462,11.240234,6.026703,1.711530e+02,3.617599e+01,0.040826,0.042443
150,0.5,2.0,10,1,0.067273,-25.890135,7.833784,10.710341,6.212815,1.673564e+02,3.855642e+01,0.040282,0.042094
150,0.5,2.0,10,1,0.075455,-25.260241,7.874940,10.215619,5.801625,1.666224e+02,3.366516e+01,0.040522,0.043028
150,0.5,2.0,10,1,0.083636,-24.629239,7.811196,9.652114,5.438036,1.658613e+02,2.955110e+01,0.039856,0.042065
150,0.5,2.0,10,1,0.091818,-24.060594,7.957030,9.141729,5.187361,1.663526e+02,2.701041e+01,0.039588,0.042748
150,0.5,2.0,10,1,0.100000,-23.614000,7.898000,8.910082,4.991468,1.705301e+02,2.497389e+01,0.039827,0.042830
150,0.5,2.0,15,1,0.010000,-31.360000,9.720000,26.364384,20.247505,7.004888e+02,4.124621e+02,0.042751,0.042983
150,0.5,2.0,15,1,0.018182,-30.338000,8.321500,18.741762,13.179415,3.649305e+02,1.734071e+02,0.042705,0.043244
150,0.5,2.0,15,1,0.026364,-30.614138,8.128621,16.429548,10.055238,2.818637e+02,1.009000e+02,0.042820,0.043320
150,0.5,2.0,15,1,0.042727,-28.616383,7.721064,13.592238,7.353308,2.154277e+02,5.385614e+01,0.042166,0.043645
150,0.5,2.0,15,1,0.034545,-29.427895,7.850526,14.521689,8.329691,2.330149e+02,6.913356e+01,0.043068,0.044239
150,0.5,2.0,15,1,0.067273,-26.596216,7.899189,11.198914,6.365348,1.830596e+02,4.040138e+01,0.041341,0.043240
150,0.5,2.0,15,1,0.050909,-27.786786,7.778571,12.619566,6.715056,2.000225e+02,4.492033e+01,0.043188,0.044848
150,0.5,2.0,15,1,0.059091,-27.202154,7.590000,11.797877,6.234682,1.879049e+02,3.872484e+01,0.042918,0.044058
150,0.5,2.0,15,1,0.083636,-25.241413,7.900870,10.098006,5.605269,1.822045e+02,3.133988e+01,0.040766,0.043198
150,0.5,2.0,15,1,0.075455,-25.912289,7.951807,10.688203,5.960528,1.828244e+02,3.545687e+01,0.041213,0.043772
150,0.5,2.0,15,1,0.091818,-24.665050,8.069208,9.600665,5.341709,1.831305e+02,2.856720e+01,0.041089,0.043746
150,0.5,2.0,15,1,0.100000,-24.187000,8.032000,9.323114,5.175288,1.872647e+02,2.679676e+01,0.040644,0.044021
150,0.5,2.0,20,1,0.010000,-31.420000,9.700000,26.399267,20.242258,7.022000e+02,4.121449e+02,0.043768,0.044013
150,0.5,2.0,20,1,0.018182,-30.382000,8.310500,18.756892,13.179471,3.654537e+02,1.733871e+02,0.044758,0.045275
150,0.5,2.0,20,1,0.026364,-30.652069,8.136207,16.408864,10.097117,2.811921e+02,1.017419e+02,0.043990,0.044468
150,0.5,2.0,20,1,0.042727,-28.646809,7.725745,13.582864,7.377500,2.152658e+02,5.421099e+01,0.044300,0.045645
150,0.5,2.0,20,1,0.059091,-27.237692,7.593385,11.795037,6.251046,1.878813e+02,3.892886e+01,0.043629,0.045298
150,0.5,2.0,20,1,0.083636,-25.266522,7.905652,10.092827,5.614495,1.823430e+02,3.144241e+01,0.042074,0.044719
150,0.5,2.0,20,1,0.034545,-29.453947,7.856316,14.534626,8.360514,2.335099e+02,6.964584e+01,0.045472,0.046529
150,0.5,2.0,20,1,0.050909,-27.828036,7.780536,12.616600,6.734449,1.999139e+02,4.517935e+01,0.044055,0.045957
150,0.5,2.0,20,1,0.075455,-25.940120,7.954458,10.680952,5.970873,1.828493e+02,3.557797e+01,0.042959,0.045884
150,0.5,2.0,20,1,0.067273,-26.627432,7.902162,11.193945,6.378012,1.830615e+02,4.056078e+01,0.044706,0.047024
150,0.5,2.0,20,1,0.091818,-24.687921,8.068119,9.594965,5.353965,1.833226e+02,2.869227e+01,0.043857,0.046597
150,0.5,2.0,20,1,0.100000,-24.208000,8.032000,9.317888,5.187690,1.875214e+02,2.692055e+01,0.044919,0.047689
150,0.5,4.0,5,1,0.010000,-131.320000,13.770000,53.891323,16.692112,2.895526e+03,2.788805e+02,0.049961,0.050059
150,0.5,4.0,5,1,0.018182,-128.617500,12.529000,41.737308,10.765879,1.736053e+03,1.154456e+02,0.050963,0.051121
150,0.5,4.0,5,1,0.026364,-126.830000,13.105172,34.012508,10.256098,1.160043e+03,1.050218e+02,0.049052,0.049084
150,0.5,4.0,5,1,0.042727,-123.281915,12.741277,27.337218,7.617081,7.845867e+02,5.780775e+01,0.047753,0.047906
150,0.5,4.0,5,1,0.059091,-119.471846,12.680462,24.045745,6.410384,6.790001e+02,4.093509e+01,0.048406,0.048258
150,0.5,4.0,5,1,0.050909,-120.432321,12.858214,24.844988,7.069024,6.993355e+02,4.983779e+01,0.049240,0.049253
150,0.5,4.0,5,1,0.034545,-125.232105,12.971316,30.348873,8.448199,9.366797e+02,7.122429e+01,0.049743,0.049715
150,0.5,4.0,5,1,0.075455,-115.179277,12.656627,21.928574,5.743023,6.876584e+02,3.285357e+01,0.048357,0.049086
150,0.5,4.0,5,1,0.083636,-113.297609,12.630870,21.160741,5.779822,7.126154e+02,3.327366e+01,0.047333,0.048184
150,0.5,4.0,5,1,0.067273,-116.931486,12.664865,22.801138,5.902807,6.789733e+02,3.470794e+01,0.049581,0.050729
150,0.5,4.0,5,1,0.091818,-111.665248,12.509505,20.836321,5.619241,7.550188e+02,3.145779e+01,0.048017,0.050098
150,0.5,4.0,5,1,0.100000,-109.537000,12.643000,20.450127,5.286738,8.201190e+02,2.783963e+01,0.046164,0.047303
150,0.5,4.0,10,1,0.010000,-171.010000,13.330000,92.267318,27.091917,8.494907e+03,7.310390e+02,0.063210,0.062494
150,0.5,4.0,10,1,0.018182,-168.091000,12.622500,68.206946,18.331311,4.634668e+03,3.352726e+02,0.061536,0.061312
150,0.5,4.0,10,1,0.026364,-167.723448,14.497241,55.388585,18.776757,3.056081e+03,3.523957e+02,0.063255,0.063413
150,0.5,4.0,10,1,0.034545,-166.841053,14.236316,49.510124,15.881312,2.441490e+03,2.519337e+02,0.061842,0.062055
150,0.5,4.0,10,1,0.067273,-157.497703,13.136081,34.519022,10.921591,1.277993e+03,1.188655e+02,0.060523,0.062222
150,0.5,4.0,10,1,0.042727,-163.846170,13.607234,43.218999,13.677382,1.870658e+03,1.863723e+02,0.061800,0.062650
150,0.5,4.0,10,1,0.075455,-155.172892,13.164217,32.186566,10.640038,1.172835e+03,1.128059e+02,0.060527,0.062286
150,0.5,4.0,10,1,0.059091,-159.696308,13.320154,36.479603,11.806110,1.379477e+03,1.388308e+02,0.061504,0.062611
150,0.5,4.0,10,1,0.083636,-153.360326,13.094783,30.257896,10.182141,1.099214e+03,1.033449e+02,0.059933,0.062312
150,0.5,4.0,10,1,0.050909,-160.825893,13.547679,39.602921,12.626158,1.600825e+03,1.588090e+02,0.061928,0.062827
150,0.5,4.0,10,1,0.091818,-151.808713,12.978911,29.331367,9.821998,1.089105e+03,9.624984e+01,0.059656,0.062302
150,0.5,4.0,10,1,0.100000,-149.514000,13.102000,28.263778,9.310658,1.103065e+03,8.642111e+01,0.059164,0.061812
150,0.5,4.0,15,1,0.010000,-171.940000,12.640000,96.083111,27.280162,9.210963e+03,7.415697e+02,0.064265,0.063996
150,0.5,4.0,15,1,0.018182,-169.196500,12.243000,71.404910,19.114964,5.079822e+03,3.648798e+02,0.064509,0.064343
150,0.5,4.0,15,1,0.067273,-158.932162,12.840270,36.128922,11.377916,1.381384e+03,1.290853e+02,0.062576,0.063839
150,0.5,4.0,15,1,0.059091,-160.952000,13.105231,38.110110,12.286352,1.495531e+03,1.503644e+02,0.063025,0.064282
150,0.5,4.0,15,1,0.083636,-154.668370,12.904674,31.216874,10.603520,1.146975e+03,1.120859e+02,0.062151,0.064549
150,0.5,4.0,15,1,0.026364,-169.202759,14.220345,58.527497,19.393226,3.413338e+03,3.755884e+02,0.065956,0.065955
150,0.5,4.0,15,1,0.075455,-156.510120,12.905783,33.533329,11.004802,1.250838e+03,1.207216e+02,0.062431,0.064495
150,0.5,4.0,15,1,0.034545,-168.195789,14.094474,52.089735,16.510589,2.702548e+03,2.722694e+02,0.065316,0.065735
150,0.5,4.0,15,1,0.042727,-165.088936,13.462128,45.525128,14.399115,2.072428e+03,2.065626e+02,0.064849,0.065835
150,0.5,4.0,15,1,0.050909,-162.141964,13.414107,41.656041,13.283705,1.762008e+03,1.757877e+02,0.065376,0.065528
150,0.5,4.0,15,1,0.091818,-153.249604,12.822079,30.086726,10.197041,1.117667e+03,1.037241e+02,0.061555,0.064363
150,0.5,4.0,15,1,0.100000,-150.994000,12.967000,28.975339,9.694850,1.123689e+03,9.367946e+01,0.061460,0.064563
150,0.5,4.0,20,1,0.010000,-171.920000,12.670000,97.042944,27.430930,9.395068e+03,7.497435e+02,0.066049,0.066068
150,0.5,4.0,20,1,0.018182,-169.224000,12.243000,72.106277,19.149888,5.180028e+03,3.661968e+02,0.064805,0.065349
150,0.5,4.0,20,1,0.042727,-165.175532,13.471489,45.802198,14.414283,2.097400e+03,2.070061e+02,0.064272,0.065304
150,0.5,4.0,20,1,0.026364,-169.305172,14.220345,59.045879,19.377391,3.474186e+03,3.749914e+02,0.065221,0.065295
150,0.5,4.0,20,1,0.034545,-168.265263,14.103158,52.487069,16.500147,2.743946e+03,2.719540e+02,0.065057,0.065398
150,0.5,4.0,20,1,0.067273,-158.999054,12.844730,36.261349,11.389308,1.390556e+03,1.293348e+02,0.063682,0.066473
150,0.5,4.0,20,1,0.059091,-161.002769,13.106923,38.283238,12.294396,1.508638e+03,1.505593e+02,0.064368,0.066194
150,0.5,4.0,20,1,0.050909,-162.236250,13.423929,41.814504,13.293607,1.774624e+03,1.760566e+02,0.064667,0.066329
150,0.5,4.0,20,1,0.075455,-156.564458,12.926988,33.625204,11.011740,1.256793e+03,1.208565e+02,0.063390,0.065657
150,0.5,4.0,20,1,0.083636,-154.703043,12.920217,31.300503,10.614240,1.152484e+03,1.122985e+02,0.063153,0.066113
150,0.5,4.0,20,1,0.091818,-153.330198,12.837327,30.167778,10.221431,1.121516e+03,1.042026e+02,0.064605,0.067406
150,0.5,4.0,20,1,0.100000,-151.050000,12.980000,29.034376,9.714246,1.126762e+03,9.404449e+01,0.061816,0.065408
150,0.5,8.0,5,1,0.010000,-149.370000,3.580000,68.677102,20.637033,4.760573e+03,4.243085e+02,0.053052,0.051883
150,0.5,8.0,5,1,0.018182,-155.468500,3.712500,50.562628,15.750977,2.549710e+03,2.473371e+02,0.051000,0.050800
150,0.5,8.0,5,1,0.026364,-154.667586,3.508621,44.166474,12.698660,1.949808e+03,1.606905e+02,0.051173,0.051059
150,0.5,8.0,5,1,0.034545,-154.552895,3.650263,37.933842,11.478654,1.440770e+03,1.314120e+02,0.051507,0.051237
150,0.5,8.0,5,1,0.067273,-159.201216,3.832162,29.858955,8.264525,8.916033e+02,6.839597e+01,0.050914,0.050739
150,0.5,8.0,5,1,0.059091,-158.564154,4.088615,30.642214,9.306525,9.367860e+02,8.700816e+01,0.051173,0.051115
150,0.5,8.0,5,1,0.083636,-159.757065,3.462609,27.408405,6.817654,7.542499e+02,4.635022e+01,0.050772,0.050689
150,0.5,8.0,5,1,0.075455,-159.572892,3.673735,27.817215,7.537153,7.758655e+02,5.678145e+01,0.051132,0.050972
150,0.5,8.0,5,1,0.042727,-156.258511,3.784468,34.876958,11.106952,1.212623e+03,1.231822e+02,0.051987,0.051543
150,0.5,8.0,5,1,0.050909,-156.977857,3.765536,32.971221,9.906820,1.082857e+03,9.804303e+01,0.052474,0.051857
150,0.5,8.0,5,1,0.091818,-159.624158,3.300000,26.037668,6.249036,6.806472e+02,3.889965e+01,0.051969,0.053222
150,0.5,8.0,5,1,0.100000,-160.312000,3.118000,24.745414,5.735824,6.189546e+02,3.277985e+01,0.050745,0.050881
150,0.5,8.0,10,1,0.010000,-143.840000,2.940000,80.882770,22.250545,6.558313e+03,4.933789e+02,0.054845,0.054538
150,0.5,8.0,10,1,0.018182,-147.543000,2.909500,57.115078,16.741126,3.256997e+03,2.793858e+02,0.054323,0.054015
150,0.5,8.0,10,1,0.026364,-145.954828,2.624828,48.112173,13.212949,2.324893e+03,1.739265e+02,0.054689,0.054192
150,0.5,8.0,10,1,0.042727,-147.793191,2.733617,37.752077,11.205965,1.426086e+03,1.251710e+02,0.054464,0.053891
150,0.5,8.0,10,1,0.050909,-148.519643,2.598750,35.023885,9.885987,1.225138e+03,9.737448e+01,0.054625,0.053875
150,0.5,8.0,10,1,0.083636,-151.700761,2.669891,29.505282,7.549427,8.688877e+02,5.682933e+01,0.054819,0.053768
150,0.5,8.0,10,1,0.067273,-151.208378,3.106757,31.939694,9.195993,1.016790e+03,8.470245e+01,0.055759,0.054610
150,0.5,8.0,10,1,0.059091,-150.425846,3.195077,33.182712,9.840402,1.096693e+03,9.705007e+01,0.056441,0.054710
150,0.5,8.0,10,1,0.034545,-145.550263,2.460526,41.288228,11.083911,1.720994e+03,1.223635e+02,0.056779,0.055965
150,0.5,8.0,10,1,0.075455,-151.639639,2.879880,30.177873,8.315703,9.087089e+02,6.908767e+01,0.056506,0.054972
150,0.5,8.0,10,1,0.091818,-151.712871,2.596436,27.592212,7.049330,7.601259e+02,4.952613e+01,0.055559,0.054490
150,0.5,8.0,10,1,0.100000,-152.447000,2.389000,26.229590,6.474070,6.896116e+02,4.174677e+01,0.055326,0.054684
150,0.5,8.0,15,1,0.010000,-143.630000,2.910000,81.017922,22.249428,6.581806e+03,4.933044e+02,0.055184,0.055017
150,0.5,8.0,15,1,0.018182,-147.240500,2.893000,56.837914,16.741956,3.226835e+03,2.794028e+02,0.054794,0.054239
150,0.5,8.0,15,1,0.026364,-145.731034,2.613448,47.827569,13.213984,2.298975e+03,1.739513e+02,0.055523,0.055052
150,0.5,8.0,15,1,0.034545,-145.399737,2.448947,41.149435,11.085537,1.710272e+03,1.223989e+02,0.055568,0.055131
150,0.5,8.0,15,1,0.042727,-147.620000,2.724255,37.791675,11.207641,1.429548e+03,1.252060e+02,0.056170,0.055472
150,0.5,8.0,15,1,0.059091,-150.192308,3.186615,33.188931,9.842755,1.097106e+03,9.709160e+01,0.055374,0.054477
150,0.5,8.0,15,1,0.050909,-148.295714,2.588929,35.121614,9.888035,1.232512e+03,9.741328e+01,0.056901,0.056073
150,0.5,8.0,15,1,0.067273,-150.988378,3.096351,32.116200,9.199184,1.027833e+03,8.475418e+01,0.056280,0.056323
150,0.5,8.0,15,1,0.075455,-151.431566,2.867952,30.239772,8.319125,9.121233e+02,6.913847e+01,0.057126,0.056009
150,0.5,8.0,15,1,0.083636,-151.483152,2.656739,29.630792,7.553348,8.759312e+02,5.688451e+01,0.057252,0.056217
150,0.5,8.0,15,1,0.091818,-151.498317,2.584455,27.770994,7.053095,7.696393e+02,4.957674e+01,0.055594,0.054648
150,0.5,8.0,15,1,0.100000,-152.232000,2.378000,26.403271,6.477534,6.981735e+02,4.179180e+01,0.055621,0.054597
150,0.5,8.0,20,1,0.018182,-147.235000,2.893000,56.824631,16.741956,3.225359e+03,2.794029e+02,0.056614,0.055943
150,0.5,8.0,20,1,0.010000,-143.630000,2.910000,81.017922,22.249428,6.581793e+03,4.933045e+02,0.056712,0.056341
150,0.5,8.0,20,1,0.034545,-145.399737,2.448947,41.149435,11.085537,1.710263e+03,1.223989e+02,0.056997,0.056293
150,0.5,8.0,20,1,0.050909,-148.295714,2.588929,35.121614,9.888035,1.232508e+03,9.741330e+01,0.056496,0.055889
150,0.5,8.0,20,1,0.026364,-145.731034,2.613448,47.827569,13.213984,2.298967e+03,1.739514e+02,0.057833,0.057674
150,0.5,8.0,20,1,0.042727,-147.620000,2.724255,37.791675,11.207641,1.429543e+03,1.252060e+02,0.057409,0.056647
150,0.5,8.0,20,1,0.067273,-150.988378,3.096351,32.116200,9.199184,1.027835e+03,8.475426e+01,0.057477,0.056276
150,0.5,8.0,20,1,0.059091,-150.192308,3.186615,33.188931,9.842755,1.097106e+03,9.709169e+01,0.057755,0.057274
150,0.5,8.0,20,1,0.083636,-151.483152,2.656739,29.630792,7.553348,8.759335e+02,5.688454e+01,0.056970,0.056079
150,0.5,8.0,20,1,0.075455,-151.431566,2.867952,30.239772,8.319125,9.121255e+02,6.913853e+01,0.057628,0.056279
150,0.5,8.0,20,1,0.091818,-151.498317,2.584455,27.770994,7.053095,7.696417e+02,4.957676e+01,0.057971,0.057731
150,0.5,8.0,20,1,0.100000,-152.230000,2.378000,26.403954,6.477534,6.982053e+02,4.179180e+01,0.057882,0.055918
150,0.5,16.0,5,1,0.010000,-149.800000,0.990000,56.614759,11.904274,3.192555e+03,1.412915e+02,0.048806,0.048001
150,0.5,16.0,5,1,0.018182,-146.844500,0.698500,38.016802,6.973408,1.446126e+03,4.844226e+01,0.049065,0.048664
150,0.5,16.0,5,1,0.034545,-147.376842,0.787368,29.962807,5.823174,8.983507e+02,3.380620e+01,0.048458,0.048273
150,0.5,16.0,5,1,0.026364,-146.561724,0.751034,32.229264,6.324271,1.042737e+03,3.985713e+01,0.049078,0.048871
150,0.5,16.0,5,1,0.042727,-148.839362,0.660000,28.138145,4.715078,7.889246e+02,2.214583e+01,0.048666,0.048539
150,0.5,16.0,5,1,0.050909,-150.045893,0.705179,28.352909,4.543734,8.010644e+02,2.057255e+01,0.048528,0.048433
150,0.5,16.0,5,1,0.059091,-150.950462,0.607538,26.554793,3.914601,7.046806e+02,1.526281e+01,0.048313,0.047970
150,0.5,16.0,5,1,0.067273,-150.975000,0.649595,24.851347,3.862804,6.175390e+02,1.486337e+01,0.048510,0.047935
150,0.5,16.0,5,1,0.075455,-150.806024,0.608313,23.466120,3.469781,5.503789e+02,1.199122e+01,0.048368,0.047948
150,0.5,16.0,5,1,0.083636,-150.526630,0.548804,21.978703,3.130346,4.823571e+02,9.763273e+00,0.048588,0.047877
150,0.5,16.0,5,1,0.100000,-151.076000,0.653000,19.644601,3.166377,3.871111e+02,9.987944e+00,0.048708,0.048196
150,0.5,16.0,5,1,0.091818,-150.692376,0.542376,20.780449,2.918266,4.317203e+02,8.486407e+00,0.049517,0.049494
150,0.5,16.0,10,1,0.010000,-147.650000,0.700000,54.251501,11.067972,2.933372e+03,1.220228e+02,0.049518,0.049429
150,0.5,16.0,10,1,0.018182,-145.469500,0.759000,37.435150,8.469717,1.408501e+03,7.147876e+01,0.049692,0.048967
150,0.5,16.0,10,1,0.026364,-145.382069,0.792759,31.971745,7.138937,1.031451e+03,5.080291e+01,0.049419,0.049028
150,0.5,16.0,10,1,0.034545,-146.531579,0.813421,29.614268,6.347347,8.797663e+02,4.017894e+01,0.049612,0.049059
150,0.5,16.0,10,1,0.050909,-148.987143,0.693393,27.672230,4.851444,7.626916e+02,2.345369e+01,0.049284,0.049088
150,0.5,16.0,10,1,0.042727,-147.842340,0.655319,27.836806,5.132332,7.732118e+02,2.624014e+01,0.049721,0.050336
150,0.5,16.0,10,1,0.075455,-150.330241,0.571205,23.334241,3.626811,5.439852e+02,1.310139e+01,0.049351,0.048569
150,0.5,16.0,10,1,0.059091,-150.143231,0.597385,26.411589,4.179706,6.960088e+02,1.740017e+01,0.050041,0.050264
150,0.5,16.0,10,1,0.067273,-150.294189,0.639189,24.782055,4.068076,6.132780e+02,1.648577e+01,0.050253,0.049550
150,0.5,16.0,10,1,0.083636,-149.908478,0.515326,21.897916,3.272014,4.783628e+02,1.066839e+01,0.049805,0.049659
150,0.5,16.0,10,1,0.100000,-150.509000,0.586000,19.466599,3.218078,3.796039e+02,1.031460e+01,0.049707,0.049092
150,0.5,16.0,10,1,0.091818,-150.124950,0.469406,20.740597,2.980449,4.296386e+02,8.861367e+00,0.050632,0.050544
150,0.5,16.0,15,1,0.018182,-145.469500,0.759000,37.435150,8.469717,1.408500e+03,7.147876e+01,0.050903,0.050434
150,0.5,16.0,15,1,0.010000,-147.650000,0.700000,54.251501,11.067972,2.933372e+03,1.220228e+02,0.051643,0.051282
150,0.5,16.0,15,1,0.034545,-146.531579,0.813421,29.614268,6.347347,8.797659e+02,4.017894e+01,0.051370,0.050816
150,0.5,16.0,15,1,0.042727,-147.842340,0.655319,27.836806,5.132332,7.732116e+02,2.624014e+01,0.051292,0.050568
150,0.5,16.0,15,1,0.026364,-145.382069,0.792759,31.971745,7.138937,1.031451e+03,5.080291e+01,0.052875,0.052825
150,0.5,16.0,15,1,0.050909,-148.987143,0.693393,27.672230,4.851444,7.626916e+02,2.345369e+01,0.051970,0.051486
150,0.5,16.0,15,1,0.059091,-150.143231,0.597385,26.411589,4.179706,6.960090e+02,1.740017e+01,0.051713,0.050523
150,0.5,16.0,15,1,0.075455,-150.330241,0.571205,23.334241,3.626811,5.439855e+02,1.310139e+01,0.051980,0.051326
150,0.5,16.0,15,1,0.067273,-150.294189,0.639189,24.782055,4.068076,6.132782e+02,1.648577e+01,0.053050,0.052521
150,0.5,16.0,15,1,0.083636,-149.908478,0.515326,21.897916,3.272014,4.783629e+02,1.066839e+01,0.052853,0.052437
150,0.5,16.0,15,1,0.091818,-150.124950,0.469406,20.740597,2.980449,4.296388e+02,8.861366e+00,0.051946,0.050870
150,0.5,16.0,15,1,0.100000,-150.509000,0.586000,19.466599,3.218078,3.796042e+02,1.031460e+01,0.052006,0.051220
150,0.5,16.0,20,1,0.010000,-147.650000,0.700000,54.251501,11.067972,2.933372e+03,1.220228e+02,0.051301,0.051565
150,0.5,16.0,20,1,0.018182,-145.469500,0.759000,37.435150,8.469717,1.408500e+03,7.147876e+01,0.052097,0.051108
150,0.5,16.0,20,1,0.034545,-146.531579,0.813421,29.614268,6.347347,8.797659e+02,4.017894e+01,0.051004,0.050646
150,0.5,16.0,20,1,0.026364,-145.382069,0.792759,31.971745,7.138937,1.031451e+03,5.080291e+01,0.051322,0.051487
150,0.5,16.0,20,1,0.050909,-148.987143,0.693393,27.672230,4.851444,7.626916e+02,2.345369e+01,0.050889,0.050460
150,0.5,16.0,20,1,0.042727,-147.842340,0.655319,27.836806,5.132332,7.732116e+02,2.624014e+01,0.052016,0.051447
150,0.5,16.0,20,1,0.059091,-150.143231,0.597385,26.411589,4.179706,6.960090e+02,1.740017e+01,0.051496,0.050982
150,0.5,16.0,20,1,0.067273,-150.294189,0.639189,24.782055,4.068076,6.132782e+02,1.648577e+01,0.051368,0.050886
150,0.5,16.0,20,1,0.083636,-149.908478,0.515326,21.897916,3.272014,4.783629e+02,1.066839e+01,0.051437,0.050968
150,0.5,16.0,20,1,0.075455,-150.330241,0.571205,23.334241,3.626811,5.439855e+02,1.310139e+01,0.053078,0.052740
150,0.5,16.0,20,1,0.091818,-150.124950,0.469406,20.740597,2.980449,4.296388e+02,8.861366e+00,0.051574,0.051389
150,0.5,16.0,20,1,0.100000,-150.509000,0.586000,19.466599,3.218078,3.796042e+02,1.031460e+01,0.051372,0.050956
150,0.8,1.0,5,1,0.010000,-1.620000,0.380000,2.510140,1.100201,6.284872e+00,1.211425e+00,0.028315,0.027654
150,0.8,1.0,5,1,0.018182,-1.551000,0.341000,1.876796,0.820311,3.509019e+00,6.716120e-01,0.027751,0.027615
150,0.8,1.0,5,1,0.026364,-1.433793,0.348966,1.511308,0.669573,2.283000e+00,4.485857e-01,0.027125,0.027143
150,0.8,1.0,5,1,0.034545,-1.363421,0.347368,1.216532,0.577201,1.499721e+00,3.337372e-01,0.027503,0.027553
150,0.8,1.0,5,1,0.042727,-1.345745,0.332340,1.056932,0.539051,1.144306e+00,2.902356e-01,0.026697,0.026918
150,0.8,1.0,5,1,0.059091,-1.364000,0.338462,0.947720,0.430655,9.200872e-01,1.859319e-01,0.026693,0.026969
150,0.8,1.0,5,1,0.050909,-1.394643,0.339821,0.992735,0.473280,9.982391e-01,2.244040e-01,0.027120,0.027224
150,0.8,1.0,5,1,0.067273,-1.327432,0.332973,0.868248,0.408788,7.893622e-01,1.672974e-01,0.027022,0.027644
150,0.8,1.0,5,1,0.075455,-1.335904,0.320723,0.835598,0.377795,7.307012e-01,1.424484e-01,0.026875,0.027232
150,0.8,1.0,5,1,0.083636,-1.325978,0.326413,0.794579,0.352807,6.679263e-01,1.244919e-01,0.027991,0.028427
150,0.8,1.0,5,1,0.091818,-1.305842,0.320198,0.756188,0.338238,6.169979e-01,1.142201e-01,0.026988,0.027536
150,0.8,1.0,5,1,0.100000,-1.302000,0.326000,0.701258,0.345255,5.389499e-01,1.192223e-01,0.026828,0.027395
150,0.8,1.0,10,1,0.018182,-1.551000,0.341000,1.876796,0.820311,3.508932e+00,6.715887e-01,0.028560,0.028468
150,0.8,1.0,10,1,0.010000,-1.620000,0.380000,2.510140,1.100201,6.284559e+00,1.211377e+00,0.028855,0.028851
150,0.8,1.0,10,1,0.026364,-1.433793,0.348966,1.511308,0.669573,2.283297e+00,4.485573e-01,0.028034,0.027945
150,0.8,1.0,10,1,0.034545,-1.363421,0.347368,1.216532,0.577201,1.500249e+00,3.337099e-01,0.027703,0.027728
150,0.8,1.0,10,1,0.042727,-1.345745,0.332340,1.056932,0.539051,1.144892e+00,2.902177e-01,0.027739,0.028054
150,0.8,1.0,10,1,0.050909,-1.394643,0.339821,0.992735,0.473280,9.986649e-01,2.243814e-01,0.027918,0.027928
150,0.8,1.0,10,1,0.059091,-1.364000,0.338462,0.947720,0.430655,9.206134e-01,1.859101e-01,0.027758,0.027893
150,0.8,1.0,10,1,0.067273,-1.327432,0.332973,0.868248,0.408788,7.900084e-01,1.672791e-01,0.027608,0.027819
150,0.8,1.0,10,1,0.075455,-1.335904,0.320723,0.835598,0.377795,7.313196e-01,1.424378e-01,0.027437,0.027831
150,0.8,1.0,10,1,0.083636,-1.325978,0.326413,0.794579,0.352807,6.685772e-01,1.244777e-01,0.028797,0.029164
150,0.8,1.0,10,1,0.091818,-1.305842,0.320198,0.756188,0.338238,6.177149e-01,1.142098e-01,0.027528,0.027929
150,0.8,1.0,10,1,0.100000,-1.302000,0.326000,0.701258,0.345255,5.396794e-01,1.192084e-01,0.027669,0.028103
150,0.8,1.0,15,1,0.010000,-1.620000,0.380000,2.510140,1.100201,6.284559e+00,1.211377e+00,0.029062,0.029406
150,0.8,1.0,15,1,0.018182,-1.551000,0.341000,1.876796,0.820311,3.508932e+00,6.715887e-01,0.029449,0.030089
150,0.8,1.0,15,1,0.026364,-1.433793,0.348966,1.511308,0.669573,2.283297e+00,4.485573e-01,0.028646,0.028787
150,0.8,1.0,15,1,0.034545,-1.363421,0.347368,1.216532,0.577201,1.500250e+00,3.337099e-01,0.028720,0.028998
150,0.8,1.0,15,1,0.042727,-1.345745,0.332340,1.056932,0.539051,1.144893e+00,2.902177e-01,0.028684,0.028887
150,0.8,1.0,15,1,0.059091,-1.364000,0.338462,0.947720,0.430655,9.206136e-01,1.859101e-01,0.028739,0.028982
150,0.8,1.0,15,1,0.050909,-1.394643,0.339821,0.992735,0.473280,9.986650e-01,2.243814e-01,0.028827,0.029325
150,0.8,1.0,15,1,0.067273,-1.327432,0.332973,0.868248,0.408788,7.900085e-01,1.672790e-01,0.028470,0.028841
150,0.8,1.0,15,1,0.075455,-1.335904,0.320723,0.835598,0.377795,7.313198e-01,1.424378e-01,0.028543,0.028920
150,0.8,1.0,15,1,0.083636,-1.325978,0.326413,0.794579,0.352807,6.685774e-01,1.244777e-01,0.029780,0.030214
150,0.8,1.0,15,1,0.091818,-1.305842,0.320198,0.756188,0.338238,6.177150e-01,1.142098e-01,0.028973,0.029087
150,0.8,1.0,15,1,0.100000,-1.302000,0.326000,0.701258,0.345255,5.396796e-01,1.192084e-01,0.028666,0.029061
150,0.8,1.0,20,1,0.010000,-1.620000,0.380000,2.510140,1.100201,6.284559e+00,1.211377e+00,0.029896,0.029870
150,0.8,1.0,20,1,0.018182,-1.551000,0.341000,1.876796,0.820311,3.508932e+00,6.715887e-01,0.029608,0.029620
150,0.8,1.0,20,1,0.026364,-1.433793,0.348966,1.511308,0.669573,2.283297e+00,4.485573e-01,0.029738,0.029938
150,0.8,1.0,20,1,0.034545,-1.363421,0.347368,1.216532,0.577201,1.500250e+00,3.337099e-01,0.029559,0.029711
150,0.8,1.0,20,1,0.042727,-1.345745,0.332340,1.056932,0.539051,1.144893e+00,2.902177e-01,0.029713,0.029867
150,0.8,1.0,20,1,0.059091,-1.364000,0.338462,0.947720,0.430655,9.206136e-01,1.859101e-01,0.029536,0.029730
150,0.8,1.0,20,1,0.050909,-1.394643,0.339821,0.992735,0.473280,9.986650e-01,2.243814e-01,0.029821,0.030113
150,0.8,1.0,20,1,0.067273,-1.327432,0.332973,0.868248,0.408788,7.900085e-01,1.672790e-01,0.029603,0.029961
150,0.8,1.0,20,1,0.075455,-1.335904,0.320723,0.835598,0.377795,7.313198e-01,1.424378e-01,0.030159,0.030305
150,0.8,1.0,20,1,0.083636,-1.325978,0.326413,0.794579,0.352807,6.685774e-01,1.244777e-01,0.030583,0.031070
150,0.8,1.0,20,1,0.100000,-1.302000,0.326000,0.701258,0.345255,5.396796e-01,1.192084e-01,0.029566,0.030028
150,0.8,1.0,20,1,0.091818,-1.305842,0.320198,0.756188,0.338238,6.177150e-01,1.142098e-01,0.030008,0.030340
150,0.8,2.0,5,1,0.010000,-4.590000,0.430000,4.487477,1.302646,2.015162e+01,1.692762e+00,0.029444,0.029364
150,0.8,2.0,5,1,0.018182,-4.570500,0.473000,3.895677,1.163911,1.522270e+01,1.349345e+00,0.029610,0.029877
150,0.8,2.0,5,1,0.026364,-4.384828,0.470345,3.158628,0.935809,1.020013e+01,8.723624e-01,0.029361,0.029528
150,0.8,2.0,5,1,0.034545,-4.371053,0.463158,2.687350,0.864829,7.470394e+00,7.452775e-01,0.028839,0.029398
150,0.8,2.0,5,1,0.042727,-4.353191,0.461064,2.426831,0.748755,6.162517e+00,5.588126e-01,0.028875,0.029296
150,0.8,2.0,5,1,0.059091,-4.173231,0.428154,2.079462,0.569365,4.831822e+00,3.257351e-01,0.029005,0.029313
150,0.8,2.0,5,1,0.050909,-4.288036,0.449821,2.190629,0.646253,5.151433e+00,4.169816e-01,0.029488,0.030249
150,0.8,2.0,5,1,0.067273,-4.092297,0.426622,1.884187,0.516785,4.184744e+00,2.690206e-01,0.029841,0.030581
150,0.8,2.0,5,1,0.075455,-4.026265,0.425422,1.813799,0.477344,4.036225e+00,2.301007e-01,0.028884,0.029688
150,0.8,2.0,5,1,0.083636,-3.922935,0.437609,1.703293,0.463297,3.839904e+00,2.157202e-01,0.029043,0.030060
150,0.8,2.0,5,1,0.091818,-3.853267,0.453069,1.604631,0.472473,3.655524e+00,2.231518e-01,0.028598,0.029505
150,0.8,2.0,5,1,0.100000,-3.793000,0.462000,1.517105,0.463590,3.512915e+00,2.144398e-01,0.028248,0.029541
150,0.8,2.0,10,1,0.010000,-4.630000,0.430000,4.535458,1.302646,2.061847e+01,1.693699e+00,0.031087,0.030918
150,0.8,2.0,10,1,0.018182,-4.609000,0.473000,3.953973,1.163911,1.571735e+01,1.349560e+00,0.030321,0.030427
150,0.8,2.0,10,1,0.026364,-4.434138,0.470345,3.289733,0.935809,1.108923e+01,8.726220e-01,0.029780,0.030041
150,0.8,2.0,10,1,0.034545,-4.414474,0.468947,2.787579,0.881002,8.071978e+00,7.735023e-01,0.029718,0.030056
150,0.8,2.0,10,1,0.042727,-4.395319,0.468085,2.501834,0.765315,6.589052e+00,5.838435e-01,0.029658,0.030097
150,0.8,2.0,10,1,0.050909,-4.323393,0.455714,2.252178,0.659212,5.497807e+00,4.339971e-01,0.029779,0.030341
150,0.8,2.0,10,1,0.059091,-4.203692,0.433231,2.132304,0.579930,5.148494e+00,3.381959e-01,0.029492,0.030159
150,0.8,2.0,10,1,0.075455,-4.055422,0.429398,1.855773,0.484340,4.305553e+00,2.373184e-01,0.029570,0.030213
150,0.8,2.0,10,1,0.067273,-4.119054,0.431081,1.932472,0.525341,4.479919e+00,2.783502e-01,0.030840,0.031469
150,0.8,2.0,10,1,0.091818,-3.877228,0.458515,1.635994,0.481295,3.906413e+00,2.317094e-01,0.029541,0.030500
150,0.8,2.0,10,1,0.100000,-3.815000,0.472000,1.545990,0.478678,3.763661e+00,2.285398e-01,0.029529,0.030422
150,0.8,2.0,10,1,0.083636,-3.949239,0.443587,1.739626,0.472599,4.099602e+00,2.246098e-01,0.030227,0.031169
150,0.8,2.0,15,1,0.018182,-4.609000,0.473000,3.953973,1.163911,1.571756e+01,1.349561e+00,0.030989,0.031206
150,0.8,2.0,15,1,0.010000,-4.630000,0.430000,4.535458,1.302646,2.061867e+01,1.693702e+00,0.031832,0.032154
150,0.8,2.0,15,1,0.026364,-4.434138,0.470345,3.289733,0.935809,1.108954e+01,8.726229e-01,0.030892,0.031023
150,0.8,2.0,15,1,0.034545,-4.414474,0.468947,2.787579,0.881002,8.072298e+00,7.735032e-01,0.030872,0.031121
150,0.8,2.0,15,1,0.042727,-4.395319,0.468085,2.501834,0.765315,6.589382e+00,5.838445e-01,0.030550,0.031081
150,0.8,2.0,15,1,0.050909,-4.323393,0.455714,2.252178,0.659212,5.498177e+00,4.339986e-01,0.030575,0.031076
150,0.8,2.0,15,1,0.059091,-4.203692,0.433231,2.132304,0.579930,5.148931e+00,3.381985e-01,0.031012,0.031374
150,0.8,2.0,15,1,0.067273,-4.119054,0.431081,1.932472,0.525341,4.480403e+00,2.783529e-01,0.030459,0.031214
150,0.8,2.0,15,1,0.075455,-4.055422,0.429398,1.855773,0.484340,4.306073e+00,2.373212e-01,0.031611,0.032425
150,0.8,2.0,15,1,0.083636,-3.949239,0.443587,1.739626,0.472599,4.100180e+00,2.246119e-01,0.030479,0.031406
150,0.8,2.0,15,1,0.091818,-3.877228,0.458515,1.635994,0.481295,3.907031e+00,2.317108e-01,0.030404,0.031387
150,0.8,2.0,15,1,0.100000,-3.815000,0.472000,1.545990,0.478678,3.764314e+00,2.285406e-01,0.031271,0.032254
150,0.8,2.0,20,1,0.010000,-4.630000,0.430000,4.535458,1.302646,2.061867e+01,1.693702e+00,0.031860,0.031906
150,0.8,2.0,20,1,0.018182,-4.609000,0.473000,3.953973,1.163911,1.571756e+01,1.349561e+00,0.032212,0.032541
150,0.8,2.0,20,1,0.026364,-4.434138,0.470345,3.289733,0.935809,1.108954e+01,8.726229e-01,0.031537,0.031820
150,0.8,2.0,20,1,0.034545,-4.414474,0.468947,2.787579,0.881002,8.072299e+00,7.735032e-01,0.031556,0.031989
150,0.8,2.0,20,1,0.042727,-4.395319,0.468085,2.501834,0.765315,6.589383e+00,5.838445e-01,0.031380,0.031840
150,0.8,2.0,20,1,0.050909,-4.323393,0.455714,2.252178,0.659212,5.498178e+00,4.339986e-01,0.031528,0.032124
150,0.8,2.0,20,1,0.059091,-4.203692,0.433231,2.132304,0.579930,5.148931e+00,3.381985e-01,0.031298,0.031994
150,0.8,2.0,20,1,0.067273,-4.119054,0.431081,1.932472,0.525341,4.480404e+00,2.783529e-01,0.031021,0.031815
150,0.8,2.0,20,1,0.075455,-4.055422,0.429398,1.855773,0.484340,4.306073e+00,2.373212e-01,0.032284,0.033149
150,0.8,2.0,20,1,0.091818,-3.877228,0.458515,1.635994,0.481295,3.907031e+00,2.317108e-01,0.031259,0.032297
150,0.8,2.0,20,1,0.083636,-3.949239,0.443587,1.739626,0.472599,4.100180e+00,2.246119e-01,0.031644,0.032654
150,0.8,2.0,20,1,0.100000,-3.815000,0.472000,1.545990,0.478678,3.764315e+00,2.285406e-01,0.032121,0.033095
150,0.8,4.0,5,1,0.010000,-22.760000,1.160000,14.970936,3.262972,2.234195e+02,1.061190e+01,0.034221,0.034310
150,0.8,4.0,5,1,0.018182,-21.202500,1.122000,10.633188,2.414084,1.165729e+02,5.806851e+00,0.034678,0.034833
150,0.8,4.0,5,1,0.026364,-20.482759,1.050690,8.618487,1.985926,8.132436e+01,3.928643e+00,0.034037,0.034367
150,0.8,4.0,5,1,0.034545,-19.898421,1.097105,7.635719,2.213951,6.892249e+01,4.882534e+00,0.033688,0.034565
150,0.8,4.0,5,1,0.042727,-19.046383,1.048511,6.795776,1.824522,6.318881e+01,3.316185e+00,0.033419,0.034460
150,0.8,4.0,5,1,0.050909,-18.375893,1.115714,6.566099,1.753684,6.614171e+01,3.064895e+00,0.033049,0.034461
150,0.8,4.0,5,1,0.059091,-17.652462,1.150769,6.155070,1.609667,6.842630e+01,2.586648e+00,0.032668,0.034085
150,0.8,4.0,5,1,0.067273,-17.032162,1.116351,5.785532,1.446587,7.128928e+01,2.086086e+00,0.032455,0.034300
150,0.8,4.0,5,1,0.075455,-16.488072,1.086747,5.564495,1.296445,7.579022e+01,1.674225e+00,0.032621,0.034391
150,0.8,4.0,5,1,0.083636,-15.960761,1.071304,5.327144,1.183395,8.056420e+01,1.394827e+00,0.031959,0.034212
150,0.8,4.0,5,1,0.091818,-15.429406,1.081485,5.030836,1.115151,8.547499e+01,1.238653e+00,0.033144,0.035343
150,0.8,4.0,5,1,0.100000,-14.880000,1.113000,4.794952,1.107197,9.199863e+01,1.222548e+00,0.032469,0.034704
150,0.8,4.0,10,1,0.010000,-25.330000,1.250000,17.462412,3.332706,3.045786e+02,1.106634e+01,0.036193,0.036053
150,0.8,4.0,10,1,0.042727,-20.672979,1.181915,7.855055,2.150266,9.265557e+01,4.605186e+00,0.034497,0.035926
150,0.8,4.0,10,1,0.034545,-21.759737,1.221579,8.978090,2.586882,1.005245e+02,6.666313e+00,0.035211,0.036243
150,0.8,4.0,10,1,0.026364,-22.565172,1.187241,10.289441,2.293946,1.190914e+02,5.241142e+00,0.035663,0.036534
150,0.8,4.0,10,1,0.018182,-23.633500,1.221000,12.664638,2.603728,1.666433e+02,6.753369e+00,0.036740,0.036923
150,0.8,4.0,10,1,0.050909,-19.847143,1.231607,7.493537,2.016468,9.703679e+01,4.051773e+00,0.034601,0.036021
150,0.8,4.0,10,1,0.059091,-18.982615,1.294615,6.946104,1.872216,1.009970e+02,3.502525e+00,0.034568,0.036272
150,0.8,4.0,10,1,0.067273,-18.245135,1.248649,6.516050,1.681781,1.065066e+02,2.820743e+00,0.033994,0.035942
150,0.8,4.0,10,1,0.075455,-17.593373,1.211325,6.234432,1.505700,1.138009e+02,2.258606e+00,0.034992,0.037216
150,0.8,4.0,10,1,0.083636,-16.980652,1.186087,5.938356,1.363062,1.212055e+02,1.850509e+00,0.033712,0.036046
150,0.8,4.0,10,1,0.091818,-16.371485,1.205644,5.597068,1.290222,1.289593e+02,1.658322e+00,0.033551,0.036317
150,0.8,4.0,10,1,0.100000,-15.750000,1.232000,5.311624,1.262558,1.385337e+02,1.589606e+00,0.033654,0.036783
150,0.8,4.0,15,1,0.010000,-25.350000,1.250000,17.489311,3.332706,3.055566e+02,1.106618e+01,0.036365,0.036964
150,0.8,4.0,15,1,0.018182,-23.655500,1.221000,12.682142,2.603728,1.671912e+02,6.753286e+00,0.036142,0.036838
150,0.8,4.0,15,1,0.026364,-22.580345,1.187241,10.300941,2.293946,1.195270e+02,5.241146e+00,0.035773,0.036830
150,0.8,4.0,15,1,0.042727,-20.682340,1.181915,7.859192,2.150266,9.308725e+01,4.605203e+00,0.035467,0.037104
150,0.8,4.0,15,1,0.034545,-21.771316,1.221579,8.986449,2.586882,1.009497e+02,6.666228e+00,0.036338,0.037436
150,0.8,4.0,15,1,0.050909,-19.855000,1.231607,7.496677,2.016468,9.752410e+01,4.051663e+00,0.035704,0.037209
150,0.8,4.0,15,1,0.067273,-18.251081,1.248649,6.517121,1.681781,1.071014e+02,2.820590e+00,0.034731,0.036741
150,0.8,4.0,15,1,0.059091,-18.989385,1.294615,6.947707,1.872216,1.015348e+02,3.502254e+00,0.035873,0.037959
150,0.8,4.0,15,1,0.075455,-17.598675,1.211325,6.235250,1.505700,1.144503e+02,2.258548e+00,0.034853,0.037035
150,0.8,4.0,15,1,0.083636,-16.985435,1.186087,5.939971,1.363062,1.219187e+02,1.850516e+00,0.034204,0.036876
150,0.8,4.0,15,1,0.091818,-16.375842,1.205644,5.598369,1.290222,1.297218e+02,1.658279e+00,0.034175,0.037038
150,0.8,4.0,15,1,0.100000,-15.754000,1.232000,5.312662,1.262558,1.393471e+02,1.589495e+00,0.035106,0.037941
150,0.8,4.0,20,1,0.010000,-25.350000,1.250000,17.489311,3.332706,3.055569e+02,1.106618e+01,0.037010,0.037320
150,0.8,4.0,20,1,0.018182,-23.655500,1.221000,12.682142,2.603728,1.671920e+02,6.753286e+00,0.036839,0.037627
150,0.8,4.0,20,1,0.026364,-22.580345,1.187241,10.300941,2.293946,1.195281e+02,5.241146e+00,0.036958,0.037747
150,0.8,4.0,20,1,0.042727,-20.682340,1.181915,7.859192,2.150266,9.308904e+01,4.605204e+00,0.036303,0.037604
150,0.8,4.0,20,1,0.034545,-21.771316,1.221579,8.986449,2.586882,1.009512e+02,6.666228e+00,0.037641,0.038523
150,0.8,4.0,20,1,0.059091,-18.989385,1.294615,6.947707,1.872216,1.015371e+02,3.502253e+00,0.036017,0.037899
150,0.8,4.0,20,1,0.050909,-19.855000,1.231607,7.496677,2.016468,9.752615e+01,4.051663e+00,0.036790,0.038634
150,0.8,4.0,20,1,0.067273,-18.251081,1.248649,6.517121,1.681781,1.071040e+02,2.820589e+00,0.037016,0.039126
150,0.8,4.0,20,1,0.075455,-17.598675,1.211325,6.235250,1.505700,1.144531e+02,2.258548e+00,0.035480,0.037869
150,0.8,4.0,20,1,0.083636,-16.985435,1.186087,5.939971,1.363062,1.219217e+02,1.850516e+00,0.035430,0.037677
150,0.8,4.0,20,1,0.091818,-16.375842,1.205644,5.598369,1.290222,1.297249e+02,1.658279e+00,0.035570,0.038350
150,0.8,4.0,20,1,0.100000,-15.754000,1.232000,5.312662,1.262558,1.393505e+02,1.589495e+00,0.035720,0.038677
150,0.8,8.0,5,1,0.010000,-98.720000,1.830000,34.076479,3.779316,1.171218e+03,1.423147e+01,0.042611,0.042621
150,0.8,8.0,5,1,0.018182,-97.097000,1.914000,26.834139,3.841534,7.469083e+02,1.469847e+01,0.042708,0.042886
150,0.8,8.0,5,1,0.034545,-91.855789,1.896053,21.662747,3.047262,5.817291e+02,9.248718e+00,0.041414,0.042578
150,0.8,8.0,5,1,0.026364,-94.998276,1.790345,23.022320,2.903794,5.849113e+02,8.411050e+00,0.042439,0.043043
150,0.8,8.0,5,1,0.059091,-83.141385,1.804000,17.383979,2.278903,6.776256e+02,5.182485e+00,0.040879,0.042971
150,0.8,8.0,5,1,0.042727,-89.247447,1.795106,20.225772,2.549029,5.843605e+02,6.483266e+00,0.041307,0.043262
150,0.8,8.0,5,1,0.050909,-85.849107,1.848393,18.365588,2.483999,6.148116e+02,6.148583e+00,0.041774,0.044148
150,0.8,8.0,5,1,0.067273,-80.085946,1.843243,16.610653,2.067573,7.793714e+02,4.261366e+00,0.041286,0.044408
150,0.8,8.0,5,1,0.075455,-76.721687,1.819639,15.578581,1.938831,9.087399e+02,3.751027e+00,0.039501,0.042683
150,0.8,8.0,5,1,0.083636,-73.735870,1.806630,14.747031,1.806090,1.046766e+03,3.258258e+00,0.039243,0.042751
150,0.8,8.0,5,1,0.091818,-71.024059,1.867822,14.029062,1.709896,1.189811e+03,2.913306e+00,0.039127,0.043248
150,0.8,8.0,5,1,0.100000,-68.424000,1.846000,13.617248,1.601419,1.349161e+03,2.557567e+00,0.038360,0.042587
150,0.8,8.0,10,1,0.010000,-111.880000,1.890000,43.495206,5.202033,1.912896e+03,2.696866e+01,0.048199,0.048436
150,0.8,8.0,10,1,0.026364,-107.633103,1.839655,28.627749,3.920495,9.083847e+02,1.533974e+01,0.047044,0.048495
150,0.8,8.0,10,1,0.034545,-104.534737,1.838158,26.708946,3.732612,8.717032e+02,1.390813e+01,0.046641,0.048518
150,0.8,8.0,10,1,0.050909,-97.571964,1.818929,22.532649,3.022060,8.921575e+02,9.134971e+00,0.045122,0.048321
150,0.8,8.0,10,1,0.042727,-101.485532,1.692128,24.942752,3.081868,8.675644e+02,9.564513e+00,0.045772,0.048611
150,0.8,8.0,10,1,0.018182,-109.950500,1.908500,34.011232,4.780137,1.205139e+03,2.276977e+01,0.049108,0.049843
150,0.8,8.0,10,1,0.059091,-94.244615,1.810769,20.766499,2.880249,9.578851e+02,8.304586e+00,0.045438,0.049154
150,0.8,8.0,10,1,0.067273,-90.525541,1.881892,19.681286,2.671611,1.098972e+03,7.126820e+00,0.044186,0.048997
150,0.8,8.0,10,1,0.075455,-86.380482,1.888554,18.207840,2.491341,1.281939e+03,6.198077e+00,0.044851,0.049870
150,0.8,8.0,10,1,0.083636,-82.703261,1.880761,17.014855,2.306651,1.480495e+03,5.317522e+00,0.044179,0.049710
150,0.8,8.0,10,1,0.091818,-79.415644,1.964752,16.049264,2.206353,1.686531e+03,4.851101e+00,0.042815,0.049136
150,0.8,8.0,10,1,0.100000,-76.295000,1.901000,15.516193,2.053489,1.915525e+03,4.213069e+00,0.042294,0.049112
150,0.8,8.0,15,1,0.010000,-112.160000,1.920000,43.596871,5.207887,1.921164e+03,2.702282e+01,0.048949,0.049390
150,0.8,8.0,15,1,0.042727,-101.693830,1.689787,25.024902,3.026674,8.722823e+02,9.230540e+00,0.046612,0.049482
150,0.8,8.0,15,1,0.034545,-104.679474,1.835263,26.792572,3.664965,8.782876e+02,1.341092e+01,0.047338,0.049475
150,0.8,8.0,15,1,0.026364,-107.773448,1.839655,28.796808,3.908502,9.197496e+02,1.524639e+01,0.047760,0.049354
150,0.8,8.0,15,1,0.018182,-110.225500,1.908500,34.279587,4.769006,1.222714e+03,2.266400e+01,0.048846,0.049863
150,0.8,8.0,15,1,0.067273,-90.693514,1.874459,19.721645,2.650722,1.103780e+03,7.018261e+00,0.045819,0.050041
150,0.8,8.0,15,1,0.050909,-97.766429,1.816964,22.606387,2.982772,8.968031e+02,8.900964e+00,0.046585,0.050148
150,0.8,8.0,15,1,0.059091,-94.429077,1.809077,20.804919,2.849834,9.614920e+02,8.131895e+00,0.046375,0.050552
150,0.8,8.0,15,1,0.083636,-82.840761,1.875978,17.042604,2.305894,1.487713e+03,5.315491e+00,0.043758,0.049604
150,0.8,8.0,15,1,0.091818,-79.540891,1.959307,16.075284,2.208178,1.695166e+03,4.859762e+00,0.043325,0.049815
150,0.8,8.0,15,1,0.075455,-86.530241,1.881928,18.232267,2.483178,1.287676e+03,6.159491e+00,0.046295,0.051686
150,0.8,8.0,15,1,0.100000,-76.410000,1.898000,15.542738,2.055968,1.925633e+03,4.224025e+00,0.043047,0.050006
150,0.8,8.0,20,1,0.034545,-104.696842,1.835263,26.793674,3.664965,8.779310e+02,1.341092e+01,0.047662,0.049898
150,0.8,8.0,20,1,0.042727,-101.707872,1.689787,25.028918,3.026674,8.720748e+02,9.230541e+00,0.047249,0.050175
150,0.8,8.0,20,1,0.059091,-94.439231,1.809077,20.806949,2.849834,9.611595e+02,8.131895e+00,0.046243,0.050497
150,0.8,8.0,20,1,0.026364,-107.796207,1.839655,28.797061,3.908502,9.193451e+02,1.524639e+01,0.048941,0.050489
150,0.8,8.0,20,1,0.018182,-110.203500,1.908500,34.298326,4.769006,1.224328e+03,2.266400e+01,0.049455,0.050367
150,0.8,8.0,20,1,0.067273,-90.702432,1.874459,19.724672,2.650722,1.103481e+03,7.018261e+00,0.046947,0.051368
150,0.8,8.0,20,1,0.050909,-97.778214,1.816964,22.607133,2.982772,8.964162e+02,8.900964e+00,0.047403,0.051472
150,0.8,8.0,20,1,0.010000,-112.200000,1.920000,43.569522,5.207887,1.918379e+03,2.702282e+01,0.050903,0.051270
150,0.8,8.0,20,1,0.075455,-86.538193,1.881928,18.234128,2.483178,1.287320e+03,6.159491e+00,0.045002,0.050963
150,0.8,8.0,20,1,0.091818,-79.547426,1.959307,16.078935,2.208178,1.694872e+03,4.859762e+00,0.044721,0.051115
150,0.8,8.0,20,1,0.083636,-82.847935,1.875978,17.044479,2.305894,1.487357e+03,5.315491e+00,0.045308,0.050906
150,0.8,8.0,20,1,0.100000,-76.416000,1.898000,15.546066,2.055968,1.925335e+03,4.224025e+00,0.043590,0.049992
150,0.8,16.0,5,1,0.010000,-151.530000,0.670000,47.753594,4.353379,2.296656e+03,1.888606e+01,0.047871,0.047411
150,0.8,16.0,5,1,0.018182,-155.375000,0.627000,37.611741,3.370320,1.410406e+03,1.133401e+01,0.047468,0.047498
150,0.8,16.0,5,1,0.026364,-153.248966,0.489310,31.621927,2.332439,1.006956e+03,5.497176e+00,0.047447,0.047736
150,0.8,16.0,5,1,0.034545,-153.027368,0.564474,28.368890,2.255581,8.141044e+02,5.109445e+00,0.047444,0.047864
150,0.8,16.0,5,1,0.050909,-149.493929,0.652143,22.786437,2.008436,5.671745e+02,4.031517e+00,0.046644,0.047345
150,0.8,16.0,5,1,0.059091,-148.735231,0.649846,21.243162,1.874916,5.108049e+02,3.515635e+00,0.046621,0.047537
150,0.8,16.0,5,1,0.075455,-145.972651,0.803133,19.366703,2.146726,4.858111e+02,4.591110e+00,0.045661,0.047618
150,0.8,16.0,5,1,0.042727,-150.952766,0.634255,25.444341,2.010261,6.763455e+02,4.043351e+00,0.048162,0.048716
150,0.8,16.0,5,1,0.067273,-147.560541,0.716486,20.332590,1.991479,4.928785e+02,3.952964e+00,0.046939,0.048485
150,0.8,16.0,5,1,0.100000,-139.316000,0.858000,17.469225,1.922269,6.015534e+02,3.688119e+00,0.044740,0.047480
150,0.8,16.0,5,1,0.083636,-143.951739,0.787935,18.789265,1.970773,5.107715e+02,3.868740e+00,0.045406,0.047791
150,0.8,16.0,5,1,0.091818,-142.052475,0.824455,17.999453,1.922103,5.333585e+02,3.682691e+00,0.045473,0.048530
150,0.8,16.0,10,1,0.010000,-151.730000,0.590000,51.993223,4.750491,2.718029e+03,2.248840e+01,0.051195,0.050459
150,0.8,16.0,10,1,0.018182,-154.847000,0.638000,40.186461,3.723697,1.612246e+03,1.381396e+01,0.051123,0.050938
150,0.8,16.0,10,1,0.034545,-154.451579,0.523947,30.415042,2.424148,9.268167e+02,5.883013e+00,0.050689,0.050810
150,0.8,16.0,10,1,0.050909,-151.638929,0.640357,24.600015,2.316514,6.292164e+02,5.348007e+00,0.050221,0.050578
150,0.8,16.0,10,1,0.059091,-151.380308,0.648154,22.815877,2.151980,5.476866e+02,4.614902e+00,0.049763,0.050747
150,0.8,16.0,10,1,0.091818,-145.352475,0.760198,18.675600,2.010558,4.780727e+02,4.030138e+00,0.047758,0.050757
150,0.8,16.0,10,1,0.042727,-152.787660,0.652979,28.159661,2.436454,8.057689e+02,5.914519e+00,0.050474,0.051215
150,0.8,16.0,10,1,0.100000,-142.660000,0.785000,17.873156,2.001888,5.176716e+02,3.999230e+00,0.047591,0.051164
150,0.8,16.0,10,1,0.026364,-154.474138,0.477931,34.462765,2.571103,1.188269e+03,6.632214e+00,0.052230,0.051739
150,0.8,16.0,10,1,0.075455,-149.163976,0.771325,20.443213,2.291366,4.743247e+02,5.234849e+00,0.049670,0.051742
150,0.8,16.0,10,1,0.067273,-150.447297,0.695676,21.697133,2.184739,5.090419e+02,4.753994e+00,0.050366,0.051808
150,0.8,16.0,10,1,0.083636,-147.170435,0.758043,19.598101,2.114328,4.749783e+02,4.456202e+00,0.048845,0.052544
150,0.8,16.0,15,1,0.100000,-142.674000,0.787000,17.874976,2.004859,5.174334e+02,4.011535e+00,0.047382,0.051125
150,0.8,16.0,15,1,0.010000,-151.720000,0.590000,51.769799,4.750491,2.695073e+03,2.248829e+01,0.052138,0.051284
150,0.8,16.0,15,1,0.059091,-151.382000,0.651538,22.816844,2.160956,5.477476e+02,4.653094e+00,0.050237,0.051294
150,0.8,16.0,15,1,0.083636,-147.187174,0.760435,19.598717,2.118553,4.747435e+02,4.474377e+00,0.048802,0.051254
150,0.8,16.0,15,1,0.026364,-154.489310,0.485517,34.555000,2.611496,1.194554e+03,6.837232e+00,0.051515,0.051445
150,0.8,16.0,15,1,0.042727,-152.752553,0.657660,28.201423,2.452069,8.084214e+02,5.990115e+00,0.050947,0.051779
150,0.8,16.0,15,1,0.034545,-154.422632,0.529737,30.445180,2.448789,9.287949e+02,6.000459e+00,0.051501,0.051545
150,0.8,16.0,15,1,0.075455,-149.178554,0.773976,20.445650,2.296236,4.742517e+02,5.257578e+00,0.049460,0.051521
150,0.8,16.0,15,1,0.050909,-151.617321,0.644286,24.594502,2.327935,6.292028e+02,5.400351e+00,0.051299,0.051959
150,0.8,16.0,15,1,0.018182,-154.869000,0.649000,40.228102,3.782496,1.615508e+03,1.425232e+01,0.052166,0.052663
150,0.8,16.0,15,1,0.091818,-145.367723,0.762376,18.677877,2.014169,4.778836e+02,4.044961e+00,0.049937,0.053132
150,0.8,16.0,15,1,0.067273,-150.454730,0.698649,21.692998,2.191392,5.088104e+02,4.782995e+00,0.051792,0.053026
150,0.8,16.0,20,1,0.050909,-151.617321,0.644286,24.594502,2.327935,6.292033e+02,5.400351e+00,0.051130,0.051813
150,0.8,16.0,20,1,0.042727,-152.752553,0.657660,28.201423,2.452069,8.084218e+02,5.990115e+00,0.051333,0.051911
150,0.8,16.0,20,1,0.018182,-154.869000,0.649000,40.228102,3.782496,1.615509e+03,1.425232e+01,0.052241,0.052564
150,0.8,16.0,20,1,0.083636,-147.187174,0.760435,19.598717,2.118553,4.747443e+02,4.474377e+00,0.049904,0.052252
150,0.8,16.0,20,1,0.010000,-151.720000,0.590000,51.769799,4.750491,2.695074e+03,2.248829e+01,0.052855,0.052768
150,0.8,16.0,20,1,0.067273,-150.454730,0.698649,21.692998,2.191392,5.088109e+02,4.782995e+00,0.051359,0.052318
150,0.8,16.0,20,1,0.075455,-149.178554,0.773976,20.445650,2.296236,4.742523e+02,5.257579e+00,0.050410,0.052880
150,0.8,16.0,20,1,0.034545,-154.422632,0.529737,30.445180,2.448789,9.287952e+02,6.000459e+00,0.052263,0.053051
150,0.8,16.0,20,1,0.026364,-154.489310,0.485517,34.555000,2.611496,1.194555e+03,6.837231e+00,0.052713,0.053215
150,0.8,16.0,20,1,0.059091,-151.382000,0.651538,22.816844,2.160956,5.477480e+02,4.653094e+00,0.052409,0.053754
150,0.8,16.0,20,1,0.091818,-145.367723,0.762376,18.677877,2.014169,4.778846e+02,4.044961e+00,0.050635,0.053908
150,0.8,16.0,20,1,0.100000,-142.674000,0.787000,17.874976,2.004859,5.174346e+02,4.011535e+00,0.050361,0.054167
150,0.99,1.0,5,1,0.010000,-0.920000,0.000000,1.632255,0.000000,2.662349e+00,1.018933e-04,0.024600,0.024551
150,0.99,1.0,5,1,0.018182,-0.506000,0.011000,0.897740,0.122737,1.060309e+00,1.500482e-02,0.024572,0.024530
150,0.99,1.0,5,1,0.034545,-0.266316,0.008684,0.472495,0.078957,7.807001e-01,6.211199e-03,0.024973,0.025218
150,0.99,1.0,5,1,0.050909,-0.180714,0.007857,0.320622,0.061741,7.959830e-01,3.801688e-03,0.025142,0.025185
150,0.99,1.0,5,1,0.059091,-0.155692,0.006769,0.276228,0.053192,8.118966e-01,2.829138e-03,0.025261,0.025061
150,0.99,1.0,5,1,0.026364,-0.348966,0.011379,0.619131,0.103460,8.234474e-01,1.066289e-02,0.025621,0.025527
150,0.99,1.0,5,1,0.067273,-0.136757,0.005946,0.242633,0.046723,8.273812e-01,2.191496e-03,0.025106,0.025026
150,0.99,1.0,5,1,0.042727,-0.215319,0.007021,0.382017,0.063837,7.825074e-01,4.068338e-03,0.026008,0.025915
150,0.99,1.0,5,1,0.083636,-0.110000,0.007174,0.195161,0.045840,8.543171e-01,2.101439e-03,0.024992,0.024847
150,0.99,1.0,5,1,0.075455,-0.121928,0.007952,0.216323,0.050811,8.415781e-01,2.575994e-03,0.025952,0.025427
150,0.99,1.0,5,1,0.091818,-0.100198,0.006535,0.177770,0.041755,8.656666e-01,1.749206e-03,0.025032,0.024880
150,0.99,1.0,5,1,0.100000,-0.092000,0.007000,0.163226,0.041326,8.757691e-01,1.710574e-03,0.025681,0.025309
150,0.99,1.0,10,1,0.010000,-0.920000,0.000000,1.632255,0.000000,2.662349e+00,1.018933e-04,0.025767,0.025645
150,0.99,1.0,10,1,0.018182,-0.506000,0.011000,0.897740,0.122737,1.060309e+00,1.500482e-02,0.026091,0.025806
150,0.99,1.0,10,1,0.026364,-0.348966,0.011379,0.619131,0.103460,8.234474e-01,1.066289e-02,0.025730,0.025582
150,0.99,1.0,10,1,0.042727,-0.215319,0.007021,0.382017,0.063837,7.825074e-01,4.068338e-03,0.025686,0.025604
150,0.99,1.0,10,1,0.034545,-0.266316,0.008684,0.472495,0.078957,7.807001e-01,6.211199e-03,0.026013,0.025980
150,0.99,1.0,10,1,0.050909,-0.180714,0.007857,0.320622,0.061741,7.959830e-01,3.801688e-03,0.025923,0.025897
150,0.99,1.0,10,1,0.059091,-0.155692,0.006769,0.276228,0.053192,8.118966e-01,2.829138e-03,0.026061,0.025718
150,0.99,1.0,10,1,0.075455,-0.121928,0.007952,0.216323,0.050811,8.415781e-01,2.575994e-03,0.025704,0.025838
150,0.99,1.0,10,1,0.091818,-0.100198,0.006535,0.177770,0.041755,8.656666e-01,1.749206e-03,0.026053,0.025985
150,0.99,1.0,10,1,0.067273,-0.136757,0.005946,0.242633,0.046723,8.273812e-01,2.191496e-03,0.027163,0.026935
150,0.99,1.0,10,1,0.083636,-0.110000,0.007174,0.195161,0.045840,8.543171e-01,2.101439e-03,0.026767,0.026864
150,0.99,1.0,10,1,0.100000,-0.092000,0.007000,0.163226,0.041326,8.757691e-01,1.710574e-03,0.027074,0.026649
150,0.99,1.0,15,1,0.010000,-0.920000,0.000000,1.632255,0.000000,2.662349e+00,1.018933e-04,0.027317,0.026892
150,0.99,1.0,15,1,0.026364,-0.348966,0.011379,0.619131,0.103460,8.234474e-01,1.066289e-02,0.026507,0.026331
150,0.99,1.0,15,1,0.018182,-0.506000,0.011000,0.897740,0.122737,1.060309e+00,1.500482e-02,0.027029,0.026861
150,0.99,1.0,15,1,0.034545,-0.266316,0.008684,0.472495,0.078957,7.807001e-01,6.211199e-03,0.026730,0.026553
150,0.99,1.0,15,1,0.050909,-0.180714,0.007857,0.320622,0.061741,7.959830e-01,3.801688e-03,0.026510,0.026462
150,0.99,1.0,15,1,0.059091,-0.155692,0.006769,0.276228,0.053192,8.118966e-01,2.829138e-03,0.026831,0.026746
150,0.99,1.0,15,1,0.042727,-0.215319,0.007021,0.382017,0.063837,7.825074e-01,4.068338e-03,0.027084,0.027130
150,0.99,1.0,15,1,0.067273,-0.136757,0.005946,0.242633,0.046723,8.273812e-01,2.191496e-03,0.026761,0.026530
150,0.99,1.0,15,1,0.083636,-0.110000,0.007174,0.195161,0.045840,8.543171e-01,2.101439e-03,0.026998,0.026933
150,0.99,1.0,15,1,0.091818,-0.100198,0.006535,0.177770,0.041755,8.656666e-01,1.749206e-03,0.027100,0.026739
150,0.99,1.0,15,1,0.075455,-0.121928,0.007952,0.216323,0.050811,8.415781e-01,2.575994e-03,0.027902,0.027805
150,0.99,1.0,15,1,0.100000,-0.092000,0.007000,0.163226,0.041326,8.757691e-01,1.710574e-03,0.027212,0.026927
150,0.99,1.0,20,1,0.026364,-0.348966,0.011379,0.619131,0.103460,8.234474e-01,1.066289e-02,0.027512,0.027507
150,0.99,1.0,20,1,0.018182,-0.506000,0.011000,0.897740,0.122737,1.060309e+00,1.500482e-02,0.027758,0.027407
150,0.99,1.0,20,1,0.042727,-0.215319,0.007021,0.382017,0.063837,7.825074e-01,4.068338e-03,0.027277,0.027235
150,0.99,1.0,20,1,0.010000,-0.920000,0.000000,1.632255,0.000000,2.662349e+00,1.018933e-04,0.028154,0.028103
150,0.99,1.0,20,1,0.034545,-0.266316,0.008684,0.472495,0.078957,7.807001e-01,6.211199e-03,0.027883,0.027535
150,0.99,1.0,20,1,0.059091,-0.155692,0.006769,0.276228,0.053192,8.118966e-01,2.829138e-03,0.027790,0.027764
150,0.99,1.0,20,1,0.067273,-0.136757,0.005946,0.242633,0.046723,8.273812e-01,2.191496e-03,0.027779,0.027488
150,0.99,1.0,20,1,0.050909,-0.180714,0.007857,0.320622,0.061741,7.959830e-01,3.801688e-03,0.028368,0.028259
150,0.99,1.0,20,1,0.075455,-0.121928,0.007952,0.216323,0.050811,8.415781e-01,2.575994e-03,0.027761,0.027753
150,0.99,1.0,20,1,0.083636,-0.110000,0.007174,0.195161,0.045840,8.543171e-01,2.101439e-03,0.027835,0.027804
150,0.99,1.0,20,1,0.091818,-0.100198,0.006535,0.177770,0.041755,8.656666e-01,1.749206e-03,0.028633,0.028562
150,0.99,1.0,20,1,0.100000,-0.092000,0.007000,0.163226,0.041326,8.757691e-01,1.710574e-03,0.028062,0.027873
150,0.99,2.0,5,1,0.018182,-1.001000,0.000000,1.186806,0.000000,2.538912e+00,1.049399e-04,0.024970,0.024858
150,0.99,2.0,5,1,0.010000,-1.820000,0.000000,2.157829,0.000000,4.698535e+00,1.049399e-04,0.025191,0.025050
150,0.99,2.0,5,1,0.026364,-0.690345,0.011379,0.818487,0.103460,2.562010e+00,1.066253e-02,0.025182,0.025003
150,0.99,2.0,5,1,0.034545,-0.526842,0.011579,0.624635,0.090987,2.760235e+00,8.247211e-03,0.025204,0.025198
150,0.99,2.0,5,1,0.042727,-0.425957,0.011702,0.505024,0.082079,2.946561e+00,6.712176e-03,0.025247,0.025213
150,0.99,2.0,5,1,0.050909,-0.357500,0.011786,0.423859,0.075309,3.100819e+00,5.651101e-03,0.024839,0.024952
150,0.99,2.0,5,1,0.067273,-0.270541,0.010405,0.320758,0.061430,3.329206e+00,3.758627e-03,0.025338,0.025414
150,0.99,2.0,5,1,0.059091,-0.308000,0.011846,0.365171,0.069936,3.226373e+00,4.874070e-03,0.025910,0.025542
150,0.99,2.0,5,1,0.083636,-0.217609,0.009565,0.258001,0.052714,3.485996e+00,2.768136e-03,0.024981,0.025040
150,0.99,2.0,5,1,0.075455,-0.241205,0.010602,0.285977,0.058430,3.414440e+00,3.400564e-03,0.025312,0.025164
150,0.99,2.0,5,1,0.100000,-0.182000,0.010000,0.215783,0.049088,3.599039e+00,2.400060e-03,0.025272,0.025170
150,0.99,2.0,5,1,0.091818,-0.198218,0.009802,0.235011,0.050824,3.546799e+00,2.572973e-03,0.025950,0.025872
150,0.99,2.0,10,1,0.010000,-1.820000,0.000000,2.157829,0.000000,4.698535e+00,1.049399e-04,0.025819,0.025774
150,0.99,2.0,10,1,0.018182,-1.001000,0.000000,1.186806,0.000000,2.538912e+00,1.049399e-04,0.026024,0.026015
150,0.99,2.0,10,1,0.034545,-0.526842,0.011579,0.624635,0.090987,2.760235e+00,8.247211e-03,0.025976,0.026181
150,0.99,2.0,10,1,0.026364,-0.690345,0.011379,0.818487,0.103460,2.562010e+00,1.066253e-02,0.026582,0.026047
150,0.99,2.0,10,1,0.042727,-0.425957,0.011702,0.505024,0.082079,2.946561e+00,6.712176e-03,0.026343,0.026174
150,0.99,2.0,10,1,0.050909,-0.357500,0.011786,0.423859,0.075309,3.100819e+00,5.651101e-03,0.025743,0.025836
150,0.99,2.0,10,1,0.067273,-0.270541,0.010405,0.320758,0.061430,3.329206e+00,3.758627e-03,0.026101,0.025847
150,0.99,2.0,10,1,0.059091,-0.308000,0.011846,0.365171,0.069936,3.226374e+00,4.874070e-03,0.026422,0.026255
150,0.99,2.0,10,1,0.075455,-0.241205,0.010602,0.285977,0.058430,3.414440e+00,3.400564e-03,0.026224,0.026132
150,0.99,2.0,10,1,0.083636,-0.217609,0.009565,0.258001,0.052714,3.485996e+00,2.768136e-03,0.027014,0.026982
150,0.99,2.0,10,1,0.100000,-0.182000,0.010000,0.215783,0.049088,3.599040e+00,2.400060e-03,0.026487,0.026359
150,0.99,2.0,10,1,0.091818,-0.198218,0.009802,0.235011,0.050824,3.546799e+00,2.572973e-03,0.026865,0.026725
150,0.99,2.0,15,1,0.010000,-1.820000,0.000000,2.157829,0.000000,4.698535e+00,1.049399e-04,0.026909,0.026698
150,0.99,2.0,15,1,0.018182,-1.001000,0.000000,1.186806,0.000000,2.538912e+00,1.049399e-04,0.026668,0.026584
150,0.99,2.0,15,1,0.042727,-0.425957,0.011702,0.505024,0.082079,2.946561e+00,6.712176e-03,0.026619,0.026539
150,0.99,2.0,15,1,0.050909,-0.357500,0.011786,0.423859,0.075309,3.100819e+00,5.651101e-03,0.026811,0.026715
150,0.99,2.0,15,1,0.026364,-0.690345,0.011379,0.818487,0.103460,2.562010e+00,1.066253e-02,0.027313,0.027211
150,0.99,2.0,15,1,0.034545,-0.526842,0.011579,0.624635,0.090987,2.760235e+00,8.247211e-03,0.027428,0.027115
150,0.99,2.0,15,1,0.067273,-0.270541,0.010405,0.320758,0.061430,3.329206e+00,3.758627e-03,0.027041,0.026983
150,0.99,2.0,15,1,0.059091,-0.308000,0.011846,0.365171,0.069936,3.226374e+00,4.874070e-03,0.027855,0.027638
150,0.99,2.0,15,1,0.075455,-0.241205,0.010602,0.285977,0.058430,3.414440e+00,3.400564e-03,0.027565,0.027302
150,0.99,2.0,15,1,0.083636,-0.217609,0.009565,0.258001,0.052714,3.485996e+00,2.768136e-03,0.027170,0.027140
150,0.99,2.0,15,1,0.091818,-0.198218,0.009802,0.235011,0.050824,3.546799e+00,2.572973e-03,0.027689,0.027293
150,0.99,2.0,15,1,0.100000,-0.182000,0.010000,0.215783,0.049088,3.599040e+00,2.400060e-03,0.027707,0.027617
150,0.99,2.0,20,1,0.010000,-1.820000,0.000000,2.157829,0.000000,4.698535e+00,1.049399e-04,0.027764,0.027810
150,0.99,2.0,20,1,0.018182,-1.001000,0.000000,1.186806,0.000000,2.538912e+00,1.049399e-04,0.027943,0.027695
150,0.99,2.0,20,1,0.026364,-0.690345,0.011379,0.818487,0.103460,2.562010e+00,1.066253e-02,0.028126,0.028145
150,0.99,2.0,20,1,0.042727,-0.425957,0.011702,0.505024,0.082079,2.946561e+00,6.712176e-03,0.027770,0.028003
150,0.99,2.0,20,1,0.034545,-0.526842,0.011579,0.624635,0.090987,2.760235e+00,8.247211e-03,0.028385,0.027799
150,0.99,2.0,20,1,0.050909,-0.357500,0.011786,0.423859,0.075309,3.100819e+00,5.651101e-03,0.028219,0.028148
150,0.99,2.0,20,1,0.059091,-0.308000,0.011846,0.365171,0.069936,3.226374e+00,4.874070e-03,0.027596,0.027625
150,0.99,2.0,20,1,0.067273,-0.270541,0.010405,0.320758,0.061430,3.329206e+00,3.758627e-03,0.028551,0.028347
150,0.99,2.0,20,1,0.075455,-0.241205,0.010602,0.285977,0.058430,3.414440e+00,3.400564e-03,0.028408,0.028241
150,0.99,2.0,20,1,0.083636,-0.217609,0.009565,0.258001,0.052714,3.485996e+00,2.768136e-03,0.028281,0.028317
150,0.99,2.0,20,1,0.091818,-0.198218,0.009802,0.235011,0.050824,3.546799e+00,2.572973e-03,0.028686,0.028633
150,0.99,2.0,20,1,0.100000,-0.182000,0.010000,0.215783,0.049088,3.599040e+00,2.400060e-03,0.028746,0.028754
150,0.99,4.0,5,1,0.018182,-2.172500,0.022000,1.753383,0.172874,7.535549e+00,2.989809e-02,0.025095,0.025301
150,0.99,4.0,5,1,0.010000,-3.950000,0.030000,3.187970,0.272759,1.023645e+01,7.447998e-02,0.025741,0.025682
150,0.99,4.0,5,1,0.034545,-1.143421,0.011579,0.922833,0.090987,1.073385e+01,8.246579e-03,0.025610,0.025600
150,0.99,4.0,5,1,0.026364,-1.498276,0.015172,1.209230,0.119224,9.236513e+00,1.417920e-02,0.025857,0.025802
150,0.99,4.0,5,1,0.042727,-0.924468,0.009362,0.746121,0.073564,1.186488e+01,5.391262e-03,0.026249,0.025881
150,0.99,4.0,5,1,0.050909,-0.775893,0.007857,0.626208,0.061741,1.272240e+01,3.803705e-03,0.026348,0.026346
150,0.99,4.0,5,1,0.059091,-0.668462,0.006769,0.539503,0.053192,1.338780e+01,2.832053e-03,0.025373,0.025619
150,0.99,4.0,5,1,0.067273,-0.587162,0.007432,0.473887,0.052131,1.391664e+01,2.716264e-03,0.025696,0.025532
150,0.99,4.0,5,1,0.075455,-0.523494,0.006627,0.422502,0.046479,1.434601e+01,2.166676e-03,0.025545,0.025436
150,0.99,4.0,5,1,0.083636,-0.472283,0.005978,0.381170,0.041932,1.470108e+01,1.771749e-03,0.025497,0.025579
150,0.99,4.0,5,1,0.100000,-0.395000,0.007000,0.318797,0.041326,1.525327e+01,1.713298e-03,0.025179,0.025259
150,0.99,4.0,5,1,0.091818,-0.430198,0.006535,0.347205,0.041755,1.499934e+01,1.752314e-03,0.025615,0.025658
150,0.99,4.0,10,1,0.010000,-3.950000,0.030000,3.187970,0.272759,1.023645e+01,7.447998e-02,0.025908,0.025899
150,0.99,4.0,10,1,0.018182,-2.172500,0.022000,1.753383,0.172874,7.535553e+00,2.989809e-02,0.026696,0.026842
150,0.99,4.0,10,1,0.026364,-1.498276,0.015172,1.209230,0.119224,9.236518e+00,1.417920e-02,0.026263,0.026326
150,0.99,4.0,10,1,0.034545,-1.143421,0.011579,0.922833,0.090987,1.073385e+01,8.246579e-03,0.026392,0.026532
150,0.99,4.0,10,1,0.059091,-0.668462,0.006769,0.539503,0.053192,1.338780e+01,2.832053e-03,0.026051,0.026192
150,0.99,4.0,10,1,0.050909,-0.775893,0.007857,0.626208,0.061741,1.272240e+01,3.803705e-03,0.027143,0.027090
150,0.99,4.0,10,1,0.042727,-0.924468,0.009362,0.746121,0.073564,1.186489e+01,5.391262e-03,0.027646,0.027824
150,0.99,4.0,10,1,0.067273,-0.587162,0.007432,0.473887,0.052131,1.391665e+01,2.716264e-03,0.026394,0.026056
150,0.99,4.0,10,1,0.075455,-0.523494,0.006627,0.422502,0.046479,1.434602e+01,2.166676e-03,0.026381,0.026528
150,0.99,4.0,10,1,0.083636,-0.472283,0.005978,0.381170,0.041932,1.470108e+01,1.771749e-03,0.026372,0.026394
150,0.99,4.0,10,1,0.091818,-0.430198,0.006535,0.347205,0.041755,1.499934e+01,1.752314e-03,0.026235,0.026271
150,0.99,4.0,10,1,0.100000,-0.395000,0.007000,0.318797,0.041326,1.525328e+01,1.713298e-03,0.026485,0.026515
150,0.99,4.0,15,1,0.010000,-3.950000,0.030000,3.187970,0.272759,1.023645e+01,7.447998e-02,0.027277,0.027438
150,0.99,4.0,15,1,0.018182,-2.172500,0.022000,1.753383,0.172874,7.535553e+00,2.989809e-02,0.027597,0.027933
150,0.99,4.0,15,1,0.026364,-1.498276,0.015172,1.209230,0.119224,9.236518e+00,1.417920e-02,0.027121,0.027240
150,0.99,4.0,15,1,0.034545,-1.143421,0.011579,0.922833,0.090987,1.073385e+01,8.246579e-03,0.027137,0.027046
150,0.99,4.0,15,1,0.042727,-0.924468,0.009362,0.746121,0.073564,1.186489e+01,5.391262e-03,0.027007,0.027040
150,0.99,4.0,15,1,0.067273,-0.587162,0.007432,0.473887,0.052131,1.391665e+01,2.716264e-03,0.026937,0.027081
150,0.99,4.0,15,1,0.059091,-0.668462,0.006769,0.539503,0.053192,1.338780e+01,2.832053e-03,0.027916,0.028094
150,0.99,4.0,15,1,0.050909,-0.775893,0.007857,0.626208,0.061741,1.272240e+01,3.803705e-03,0.028181,0.028148
150,0.99,4.0,15,1,0.075455,-0.523494,0.006627,0.422502,0.046479,1.434602e+01,2.166676e-03,0.027031,0.027040
150,0.99,4.0,15,1,0.083636,-0.472283,0.005978,0.381170,0.041932,1.470108e+01,1.771749e-03,0.027182,0.027271
150,0.99,4.0,15,1,0.091818,-0.430198,0.006535,0.347205,0.041755,1.499934e+01,1.752314e-03,0.027252,0.027360
150,0.99,4.0,15,1,0.100000,-0.395000,0.007000,0.318797,0.041326,1.525328e+01,1.713298e-03,0.027387,0.027373
150,0.99,4.0,20,1,0.010000,-3.950000,0.030000,3.187970,0.272759,1.023645e+01,7.447998e-02,0.028001,0.028352
150,0.99,4.0,20,1,0.026364,-1.498276,0.015172,1.209230,0.119224,9.236518e+00,1.417920e-02,0.027988,0.028299
150,0.99,4.0,20,1,0.018182,-2.172500,0.022000,1.753383,0.172874,7.535553e+00,2.989809e-02,0.028826,0.028602
150,0.99,4.0,20,1,0.034545,-1.143421,0.011579,0.922833,0.090987,1.073385e+01,8.246579e-03,0.028127,0.028168
150,0.99,4.0,20,1,0.042727,-0.924468,0.009362,0.746121,0.073564,1.186489e+01,5.391262e-03,0.028032,0.027828
150,0.99,4.0,20,1,0.050909,-0.775893,0.007857,0.626208,0.061741,1.272240e+01,3.803705e-03,0.027905,0.027929
150,0.99,4.0,20,1,0.075455,-0.523494,0.006627,0.422502,0.046479,1.434602e+01,2.166676e-03,0.028543,0.028380
150,0.99,4.0,20,1,0.067273,-0.587162,0.007432,0.473887,0.052131,1.391665e+01,2.716264e-03,0.028981,0.029036
150,0.99,4.0,20,1,0.083636,-0.472283,0.005978,0.381170,0.041932,1.470108e+01,1.771749e-03,0.028186,0.028074
150,0.99,4.0,20,1,0.059091,-0.668462,0.006769,0.539503,0.053192,1.338780e+01,2.832053e-03,0.029393,0.029358
150,0.99,4.0,20,1,0.091818,-0.430198,0.006535,0.347205,0.041755,1.499934e+01,1.752314e-03,0.028304,0.028293
150,0.99,4.0,20,1,0.100000,-0.395000,0.007000,0.318797,0.041326,1.525328e+01,1.713298e-03,0.028715,0.028576
150,0.99,8.0,5,1,0.010000,-8.030000,0.040000,5.358072,0.386000,2.980681e+01,1.492485e-01,0.025495,0.025680
150,0.99,8.0,5,1,0.018182,-4.416500,0.027500,2.946940,0.228890,3.087842e+01,5.245776e-02,0.025611,0.025861
150,0.99,8.0,5,1,0.042727,-1.879362,0.016383,1.254017,0.110021,5.415590e+01,1.208656e-02,0.025578,0.025863
150,0.99,8.0,5,1,0.026364,-3.045862,0.022759,2.032372,0.168436,4.114575e+01,2.839862e-02,0.026295,0.026557
150,0.99,8.0,5,1,0.034545,-2.324474,0.017368,1.551021,0.128544,4.872801e+01,1.649955e-02,0.026587,0.026752
150,0.99,8.0,5,1,0.050909,-1.577321,0.015714,1.052478,0.097143,5.816486e+01,9.422561e-03,0.025573,0.025639
150,0.99,8.0,5,1,0.059091,-1.358923,0.016923,0.906751,0.091316,6.122771e+01,8.341949e-03,0.025762,0.026030
150,0.99,8.0,5,1,0.067273,-1.193649,0.016351,0.796470,0.083317,6.363707e+01,6.944001e-03,0.025755,0.025956
150,0.99,8.0,5,1,0.075455,-1.064217,0.018554,0.710106,0.081904,6.557898e+01,6.740461e-03,0.026406,0.026443
150,0.99,8.0,5,1,0.083636,-0.960109,0.016739,0.640639,0.073892,6.717604e+01,5.472569e-03,0.026556,0.026395
150,0.99,8.0,5,1,0.091818,-0.874554,0.016337,0.583552,0.069235,6.851191e+01,4.804156e-03,0.026219,0.026218
150,0.99,8.0,5,1,0.100000,-0.803000,0.018000,0.535807,0.068518,6.964540e+01,4.726818e-03,0.026063,0.026170
150,0.99,8.0,10,1,0.010000,-8.030000,0.040000,5.358072,0.386000,2.980686e+01,1.492485e-01,0.026525,0.026563
150,0.99,8.0,10,1,0.018182,-4.416500,0.027500,2.946940,0.228890,3.087862e+01,5.245776e-02,0.026702,0.026811
150,0.99,8.0,10,1,0.026364,-3.045862,0.022759,2.032372,0.168436,4.114601e+01,2.839862e-02,0.026936,0.027287
150,0.99,8.0,10,1,0.042727,-1.879362,0.016383,1.254017,0.110021,5.415621e+01,1.208656e-02,0.027007,0.027444
150,0.99,8.0,10,1,0.034545,-2.324474,0.017368,1.551021,0.128544,4.872830e+01,1.649955e-02,0.027760,0.027884
150,0.99,8.0,10,1,0.050909,-1.577321,0.015714,1.052478,0.097143,5.816518e+01,9.422561e-03,0.027003,0.027433
150,0.99,8.0,10,1,0.059091,-1.358923,0.016923,0.906751,0.091316,6.122804e+01,8.341949e-03,0.026281,0.026495
150,0.99,8.0,10,1,0.067273,-1.193649,0.016351,0.796470,0.083317,6.363741e+01,6.944001e-03,0.026400,0.026889
150,0.99,8.0,10,1,0.075455,-1.064217,0.018554,0.710106,0.081904,6.557932e+01,6.740461e-03,0.027448,0.027087
150,0.99,8.0,10,1,0.083636,-0.960109,0.016739,0.640639,0.073892,6.717639e+01,5.472569e-03,0.027794,0.027907
150,0.99,8.0,10,1,0.091818,-0.874554,0.016337,0.583552,0.069235,6.851226e+01,4.804156e-03,0.026861,0.027098
150,0.99,8.0,10,1,0.100000,-0.803000,0.018000,0.535807,0.068518,6.964576e+01,4.726818e-03,0.026722,0.027013
150,0.99,8.0,15,1,0.010000,-8.030000,0.040000,5.358072,0.386000,2.980686e+01,1.492485e-01,0.027299,0.027861
150,0.99,8.0,15,1,0.018182,-4.416500,0.027500,2.946940,0.228890,3.087862e+01,5.245776e-02,0.028020,0.028334
150,0.99,8.0,15,1,0.026364,-3.045862,0.022759,2.032372,0.168436,4.114601e+01,2.839862e-02,0.027720,0.027997
150,0.99,8.0,15,1,0.034545,-2.324474,0.017368,1.551021,0.128544,4.872830e+01,1.649955e-02,0.027355,0.027422
150,0.99,8.0,15,1,0.042727,-1.879362,0.016383,1.254017,0.110021,5.415621e+01,1.208656e-02,0.027528,0.027696
150,0.99,8.0,15,1,0.050909,-1.577321,0.015714,1.052478,0.097143,5.816518e+01,9.422561e-03,0.027608,0.027748
150,0.99,8.0,15,1,0.059091,-1.358923,0.016923,0.906751,0.091316,6.122804e+01,8.341949e-03,0.027680,0.027849
150,0.99,8.0,15,1,0.067273,-1.193649,0.016351,0.796470,0.083317,6.363741e+01,6.944001e-03,0.027404,0.027657
150,0.99,8.0,15,1,0.075455,-1.064217,0.018554,0.710106,0.081904,6.557932e+01,6.740461e-03,0.027995,0.028343
150,0.99,8.0,15,1,0.083636,-0.960109,0.016739,0.640639,0.073892,6.717639e+01,5.472569e-03,0.028136,0.028436
150,0.99,8.0,15,1,0.091818,-0.874554,0.016337,0.583552,0.069235,6.851226e+01,4.804156e-03,0.027571,0.027781
150,0.99,8.0,15,1,0.100000,-0.803000,0.018000,0.535807,0.068518,6.964576e+01,4.726818e-03,0.027283,0.027487
150,0.99,8.0,20,1,0.010000,-8.030000,0.040000,5.358072,0.386000,2.980686e+01,1.492485e-01,0.028467,0.028964
150,0.99,8.0,20,1,0.018182,-4.416500,0.027500,2.946940,0.228890,3.087862e+01,5.245776e-02,0.028635,0.028982
150,0.99,8.0,20,1,0.026364,-3.045862,0.022759,2.032372,0.168436,4.114601e+01,2.839862e-02,0.028368,0.028626
150,0.99,8.0,20,1,0.034545,-2.324474,0.017368,1.551021,0.128544,4.872830e+01,1.649955e-02,0.028535,0.028435
150,0.99,8.0,20,1,0.042727,-1.879362,0.016383,1.254017,0.110021,5.415621e+01,1.208656e-02,0.028393,0.028590
150,0.99,8.0,20,1,0.050909,-1.577321,0.015714,1.052478,0.097143,5.816518e+01,9.422561e-03,0.029348,0.029605
150,0.99,8.0,20,1,0.067273,-1.193649,0.016351,0.796470,0.083317,6.363741e+01,6.944001e-03,0.028487,0.028459
150,0.99,8.0,20,1,0.059091,-1.358923,0.016923,0.906751,0.091316,6.122804e+01,8.341949e-03,0.028697,0.028907
150,0.99,8.0,20,1,0.075455,-1.064217,0.018554,0.710106,0.081904,6.557932e+01,6.740461e-03,0.028314,0.028531
150,0.99,8.0,20,1,0.091818,-0.874554,0.016337,0.583552,0.069235,6.851226e+01,4.804156e-03,0.028274,0.028539
150,0.99,8.0,20,1,0.083636,-0.960109,0.016739,0.640639,0.073892,6.717639e+01,5.472569e-03,0.029382,0.029141
150,0.99,8.0,20,1,0.100000,-0.803000,0.018000,0.535807,0.068518,6.964576e+01,4.726818e-03,0.028786,0.028786
150,0.99,16.0,5,1,0.010000,-16.910000,0.000000,8.141994,0.000000,7.468407e+01,1.204628e-04,0.026781,0.027091
150,0.99,16.0,5,1,0.018182,-9.300500,0.000000,4.478097,0.000000,1.313138e+02,1.204628e-04,0.026091,0.026804
150,0.99,16.0,5,1,0.026364,-6.414138,0.007586,3.088343,0.119948,1.900841e+02,1.434157e-02,0.026132,0.026371
150,0.99,16.0,5,1,0.034545,-4.895000,0.005789,2.356893,0.091540,2.292538e+02,8.372879e-03,0.025927,0.026527
150,0.99,16.0,5,1,0.042727,-3.957660,0.007021,1.905573,0.082614,2.562565e+02,6.813328e-03,0.026041,0.026448
150,0.99,16.0,5,1,0.059091,-2.861692,0.008462,1.377876,0.070428,2.905719e+02,4.946557e-03,0.025908,0.026448
150,0.99,16.0,5,1,0.050909,-3.321607,0.005893,1.599320,0.069336,2.758116e+02,4.814131e-03,0.026374,0.026723
150,0.99,16.0,5,1,0.067273,-2.513649,0.010405,1.210296,0.077409,3.020880e+02,5.968568e-03,0.026450,0.026890
150,0.99,16.0,5,1,0.075455,-2.241084,0.011928,1.079059,0.074756,3.113149e+02,5.567012e-03,0.026612,0.027567
150,0.99,16.0,5,1,0.083636,-2.021848,0.011957,0.973499,0.069858,3.188692e+02,4.861548e-03,0.026250,0.026668
150,0.99,16.0,5,1,0.091818,-1.841683,0.011980,0.886752,0.065741,3.251658e+02,4.305577e-03,0.026114,0.026808
150,0.99,16.0,5,1,0.100000,-1.691000,0.015000,0.814199,0.071029,3.304933e+02,5.041196e-03,0.025981,0.026580
150,0.99,16.0,10,1,0.010000,-16.910000,0.000000,8.141994,0.000000,7.468549e+01,1.204643e-04,0.027384,0.027904
150,0.99,16.0,10,1,0.026364,-6.414138,0.007586,3.088343,0.119948,1.900906e+02,1.434157e-02,0.026859,0.027451
150,0.99,16.0,10,1,0.018182,-9.300500,0.000000,4.478097,0.000000,1.313188e+02,1.204643e-04,0.027104,0.027536
150,0.99,16.0,10,1,0.034545,-4.895000,0.005789,2.356893,0.091540,2.292610e+02,8.372880e-03,0.027156,0.027452
150,0.99,16.0,10,1,0.042727,-3.957660,0.007021,1.905573,0.082614,2.562642e+02,6.813328e-03,0.026947,0.027509
150,0.99,16.0,10,1,0.050909,-3.321607,0.005893,1.599320,0.069336,2.758196e+02,4.814132e-03,0.027089,0.027310
150,0.99,16.0,10,1,0.059091,-2.861692,0.008462,1.377876,0.070428,2.905801e+02,4.946557e-03,0.026809,0.027440
150,0.99,16.0,10,1,0.067273,-2.513649,0.010405,1.210296,0.077409,3.020964e+02,5.968568e-03,0.027276,0.027650
150,0.99,16.0,10,1,0.075455,-2.241084,0.011928,1.079059,0.074756,3.113234e+02,5.567012e-03,0.027342,0.027746
150,0.99,16.0,10,1,0.083636,-2.021848,0.011957,0.973499,0.069858,3.188778e+02,4.861548e-03,0.027036,0.027939
150,0.99,16.0,10,1,0.091818,-1.841683,0.011980,0.886752,0.065741,3.251744e+02,4.305577e-03,0.028212,0.028805
150,0.99,16.0,10,1,0.100000,-1.691000,0.015000,0.814199,0.071029,3.305021e+02,5.041196e-03,0.028735,0.029349
150,0.99,16.0,15,1,0.010000,-16.910000,0.000000,8.141994,0.000000,7.468549e+01,1.204643e-04,0.029241,0.029833
150,0.99,16.0,15,1,0.018182,-9.300500,0.000000,4.478097,0.000000,1.313188e+02,1.204643e-04,0.028966,0.029263
150,0.99,16.0,15,1,0.034545,-4.895000,0.005789,2.356893,0.091540,2.292610e+02,8.372880e-03,0.028701,0.029511
150,0.99,16.0,15,1,0.026364,-6.414138,0.007586,3.088343,0.119948,1.900906e+02,1.434157e-02,0.029840,0.030220
150,0.99,16.0,15,1,0.042727,-3.957660,0.007021,1.905573,0.082614,2.562642e+02,6.813328e-03,0.029489,0.029547
150,0.99,16.0,15,1,0.059091,-2.861692,0.008462,1.377876,0.070428,2.905801e+02,4.946557e-03,0.029070,0.029617
150,0.99,16.0,15,1,0.050909,-3.321607,0.005893,1.599320,0.069336,2.758196e+02,4.814132e-03,0.029826,0.030510
150,0.99,16.0,15,1,0.067273,-2.513649,0.010405,1.210296,0.077409,3.020964e+02,5.968568e-03,0.029032,0.029575
150,0.99,16.0,15,1,0.083636,-2.021848,0.011957,0.973499,0.069858,3.188778e+02,4.861548e-03,0.028205,0.028698
150,0.99,16.0,15,1,0.075455,-2.241084,0.011928,1.079059,0.074756,3.113234e+02,5.567012e-03,0.029472,0.029933
150,0.99,16.0,15,1,0.100000,-1.691000,0.015000,0.814199,0.071029,3.305021e+02,5.041196e-03,0.027826,0.028177
150,0.99,16.0,15,1,0.091818,-1.841683,0.011980,0.886752,0.065741,3.251744e+02,4.305577e-03,0.028403,0.029277
150,0.99,16.0,20,1,0.010000,-16.910000,0.000000,8.141994,0.000000,7.468549e+01,1.204643e-04,0.029471,0.030003
150,0.99,16.0,20,1,0.018182,-9.300500,0.000000,4.478097,0.000000,1.313188e+02,1.204643e-04,0.028496,0.029142
150,0.99,16.0,20,1,0.026364,-6.414138,0.007586,3.088343,0.119948,1.900906e+02,1.434157e-02,0.029114,0.029852
150,0.99,16.0,20,1,0.034545,-4.895000,0.005789,2.356893,0.091540,2.292610e+02,8.372880e-03,0.028586,0.029298
150,0.99,16.0,20,1,0.042727,-3.957660,0.007021,1.905573,0.082614,2.562642e+02,6.813328e-03,0.029055,0.029583
150,0.99,16.0,20,1,0.050909,-3.321607,0.005893,1.599320,0.069336,2.758196e+02,4.814132e-03,0.028856,0.029384
150,0.99,16.0,20,1,0.067273,-2.513649,0.010405,1.210296,0.077409,3.020964e+02,5.968568e-03,0.028588,0.029303
150,0.99,16.0,20,1,0.059091,-2.861692,0.008462,1.377876,0.070428,2.905801e+02,4.946557e-03,0.029081,0.029468
150,0.99,16.0,20,1,0.075455,-2.241084,0.011928,1.079059,0.074756,3.113234e+02,5.567012e-03,0.028864,0.029278
150,0.99,16.0,20,1,0.083636,-2.021848,0.011957,0.973499,0.069858,3.188778e+02,4.861548e-03,0.028690,0.029213
150,0.99,16.0,20,1,0.100000,-1.691000,0.015000,0.814199,0.071029,3.305021e+02,5.041196e-03,0.029119,0.029524
150,0.99,16.0,20,1,0.091818,-1.841683,0.011980,0.886752,0.065741,3.251744e+02,4.305577e-03,0.029928,0.030143
200,0.01,1.0,5,1,0.010000,-11.990000,10.950000,11.703109,12.170249,1.367220e+02,1.489698e+02,0.036991,0.037196
200,0.01,1.0,5,1,0.018182,-12.727000,10.983500,11.203002,9.051762,1.250386e+02,8.297446e+01,0.037228,0.037205
200,0.01,1.0,5,1,0.026364,-12.046897,11.504483,9.228396,8.166811,8.506993e+01,6.685063e+01,0.037355,0.037395
200,0.01,1.0,5,1,0.034545,-11.761316,11.668684,8.242231,7.205262,6.827551e+01,5.194273e+01,0.037172,0.037602
200,0.01,1.0,5,1,0.050909,-11.280893,12.235536,6.537267,6.181236,4.416081e+01,3.806165e+01,0.037044,0.037472
200,0.01,1.0,5,1,0.042727,-11.346383,12.062553,7.156805,6.584438,5.244969e+01,4.318960e+01,0.038780,0.038935
200,0.01,1.0,5,1,0.059091,-11.177692,12.418154,5.971841,6.251431,3.738751e+01,3.899436e+01,0.037312,0.037937
200,0.01,1.0,5,1,0.067273,-11.037162,12.696081,5.395315,5.866893,3.126408e+01,3.457765e+01,0.037563,0.038128
200,0.01,1.0,5,1,0.075455,-10.917831,12.904458,5.162051,5.915398,2.918518e+01,3.541662e+01,0.036772,0.037222
200,0.01,1.0,5,1,0.083636,-10.901957,13.052935,5.073794,5.838375,2.833730e+01,3.476011e+01,0.036943,0.037580
200,0.01,1.0,5,1,0.091818,-10.751683,13.299109,4.767419,5.732329,2.585041e+01,3.404165e+01,0.036583,0.037634
200,0.01,1.0,5,1,0.100000,-10.732000,13.441000,4.588890,5.633758,2.425766e+01,3.327114e+01,0.037632,0.038692
200,0.01,1.0,10,1,0.010000,-24.970000,23.260000,25.464049,25.738537,6.477187e+02,6.619480e+02,0.043373,0.043347
200,0.01,1.0,10,1,0.018182,-25.811500,22.830500,20.883472,19.197824,4.346611e+02,3.706446e+02,0.042787,0.043183
200,0.01,1.0,10,1,0.026364,-24.825862,24.029310,18.033460,18.069990,3.262170e+02,3.256926e+02,0.042607,0.043070
200,0.01,1.0,10,1,0.034545,-24.023421,24.466316,15.715046,15.916480,2.513712e+02,2.523843e+02,0.042523,0.043131
200,0.01,1.0,10,1,0.042727,-23.165532,25.796170,14.405626,14.691673,2.168101e+02,2.161445e+02,0.042193,0.043161
200,0.01,1.0,10,1,0.067273,-22.144189,27.390000,11.256838,12.727987,1.438684e+02,1.684936e+02,0.042363,0.043720
200,0.01,1.0,10,1,0.050909,-23.019464,26.126964,13.254039,13.734164,1.860356e+02,1.898581e+02,0.043765,0.044896
200,0.01,1.0,10,1,0.059091,-22.555077,26.699538,12.171898,13.603881,1.619368e+02,1.882521e+02,0.043051,0.044639
200,0.01,1.0,10,1,0.075455,-21.712410,27.738554,10.866011,12.719858,1.390721e+02,1.702718e+02,0.041738,0.043745
200,0.01,1.0,10,1,0.083636,-21.616196,28.145652,10.637517,12.451453,1.350793e+02,1.661678e+02,0.042709,0.044883
200,0.01,1.0,10,1,0.091818,-21.174455,28.613069,9.991128,12.647690,1.261727e+02,1.744963e+02,0.041429,0.043925
200,0.01,1.0,10,1,0.100000,-20.908000,29.013000,9.559344,12.613225,1.205921e+02,1.769047e+02,0.042865,0.045894
200,0.01,1.0,15,1,0.018182,-29.524000,26.158000,26.339669,22.545423,6.917052e+02,5.100823e+02,0.044744,0.045122
200,0.01,1.0,15,1,0.010000,-29.000000,26.640000,31.963050,30.230214,1.019405e+03,9.123782e+02,0.045403,0.045516
200,0.01,1.0,15,1,0.026364,-28.338276,27.549310,21.945424,22.118410,4.837706e+02,4.875842e+02,0.044661,0.045236
200,0.01,1.0,15,1,0.034545,-27.271316,27.957368,18.997678,18.903566,3.690203e+02,3.559394e+02,0.044705,0.045706
200,0.01,1.0,15,1,0.042727,-26.292340,29.697660,17.342280,18.029772,3.161136e+02,3.262856e+02,0.044632,0.046087
200,0.01,1.0,15,1,0.050909,-26.197679,29.900357,15.943322,16.751526,2.705141e+02,2.826882e+02,0.044381,0.046072
200,0.01,1.0,15,1,0.059091,-25.635077,30.718769,14.636633,16.686643,2.357177e+02,2.841238e+02,0.044412,0.046523
200,0.01,1.0,15,1,0.075455,-24.698313,31.788675,13.324176,15.287973,2.089006e+02,2.463027e+02,0.044029,0.046921
200,0.01,1.0,15,1,0.067273,-25.172162,31.599730,13.633734,15.672006,2.120693e+02,2.567913e+02,0.044790,0.047112
200,0.01,1.0,15,1,0.091818,-23.982178,32.830099,12.204894,15.086647,1.890654e+02,2.489538e+02,0.044094,0.047788
200,0.01,1.0,15,1,0.083636,-24.526413,32.265870,13.020341,14.794219,2.029049e+02,2.352453e+02,0.045462,0.048497
200,0.01,1.0,15,1,0.100000,-23.643000,33.247000,11.824851,15.010329,1.844124e+02,2.507735e+02,0.044855,0.047837
200,0.01,1.0,20,1,0.018182,-30.321500,26.405500,27.389380,23.628550,7.475801e+02,5.608227e+02,0.045530,0.045970
200,0.01,1.0,20,1,0.010000,-30.230000,26.680000,34.221434,30.517254,1.166949e+03,9.312043e+02,0.046627,0.046558
200,0.01,1.0,20,1,0.026364,-29.047586,27.977931,22.763551,23.035931,5.197486e+02,5.288993e+02,0.046245,0.046937
200,0.01,1.0,20,1,0.034545,-27.856053,28.301842,19.590939,19.514866,3.918795e+02,3.793865e+02,0.045610,0.047059
200,0.01,1.0,20,1,0.042727,-26.844681,30.200851,17.806415,18.844803,3.327033e+02,3.563190e+02,0.045632,0.046911
200,0.01,1.0,20,1,0.050909,-26.680893,30.297143,16.296194,17.311074,2.827804e+02,3.014081e+02,0.045424,0.047307
200,0.01,1.0,20,1,0.059091,-26.081846,31.152000,14.941464,17.137550,2.461119e+02,2.991134e+02,0.046336,0.048340
200,0.01,1.0,20,1,0.075455,-25.204578,32.214096,13.852389,15.617761,2.242002e+02,2.561135e+02,0.046084,0.048542
200,0.01,1.0,20,1,0.067273,-25.699865,32.079865,14.203487,16.120713,2.285593e+02,2.710562e+02,0.046820,0.049398
200,0.01,1.0,20,1,0.083636,-25.004674,32.701087,13.478878,15.116034,2.163720e+02,2.445277e+02,0.044897,0.048696
200,0.01,1.0,20,1,0.091818,-24.440693,33.286436,12.636067,15.364752,2.014810e+02,2.572405e+02,0.044583,0.047997
200,0.01,1.0,20,1,0.100000,-24.088000,33.693000,12.324970,15.301226,1.984670e+02,2.592889e+02,0.045019,0.049060
200,0.01,2.0,5,1,0.010000,-129.880000,63.290000,58.450418,46.157045,3.411885e+03,2.171615e+03,0.046612,0.046183
200,0.01,2.0,5,1,0.018182,-127.286500,60.032500,45.131055,32.105268,2.028844e+03,1.040988e+03,0.046663,0.046440
200,0.01,2.0,5,1,0.026364,-124.129310,60.276207,37.284316,26.132177,1.392035e+03,6.964284e+02,0.046773,0.046738
200,0.01,2.0,5,1,0.034545,-122.843947,59.507105,32.726667,23.379894,1.082907e+03,5.550894e+02,0.047742,0.047925
200,0.01,2.0,5,1,0.042727,-120.796383,58.768085,29.529898,21.675739,9.053355e+02,4.743359e+02,0.047023,0.046974
200,0.01,2.0,5,1,0.050909,-119.157500,58.730179,28.098815,19.360638,8.457661e+02,3.795225e+02,0.046691,0.046931
200,0.01,2.0,5,1,0.059091,-117.896308,58.807692,27.004026,18.048561,8.067093e+02,3.310268e+02,0.047406,0.047757
200,0.01,2.0,5,1,0.067273,-116.805135,59.282568,26.259139,17.025027,7.879529e+02,2.979330e+02,0.047290,0.048193
200,0.01,2.0,5,1,0.075455,-115.684217,59.471566,25.667361,16.539025,7.811523e+02,2.828708e+02,0.047612,0.047935
200,0.01,2.0,5,1,0.091818,-113.365347,58.736733,24.708740,15.356658,7.902772e+02,2.411039e+02,0.046016,0.046765
200,0.01,2.0,5,1,0.083636,-114.243370,59.065217,25.396706,16.028714,8.016779e+02,2.638586e+02,0.046626,0.046926
200,0.01,2.0,5,1,0.100000,-111.876000,58.986000,23.628879,14.722698,7.807128e+02,2.234165e+02,0.046597,0.046870
200,0.01,2.0,10,1,0.010000,-244.780000,91.130000,147.433198,114.319174,2.165036e+04,1.305660e+04,0.069192,0.068468
200,0.01,2.0,10,1,0.018182,-248.776000,88.126500,116.901493,85.518684,1.362105e+04,7.295220e+03,0.069424,0.068803
200,0.01,2.0,10,1,0.026364,-244.181034,89.521034,94.553800,69.473089,8.906827e+03,4.829440e+03,0.068881,0.068942
200,0.01,2.0,10,1,0.042727,-242.079574,87.618511,79.738739,55.958466,6.345604e+03,3.126737e+03,0.069371,0.069253
200,0.01,2.0,10,1,0.050909,-240.898036,85.045714,69.896152,48.133869,4.888541e+03,2.307660e+03,0.068366,0.068643
200,0.01,2.0,10,1,0.034545,-243.047895,89.102895,89.005493,62.984544,7.897077e+03,3.969652e+03,0.071199,0.071211
200,0.01,2.0,10,1,0.059091,-240.145231,84.754154,66.219447,45.936617,4.397812e+03,2.101735e+03,0.068654,0.069383
200,0.01,2.0,10,1,0.067273,-239.808919,85.703378,60.705417,43.126380,3.704562e+03,1.853251e+03,0.068462,0.068957
200,0.01,2.0,10,1,0.091818,-238.111881,84.047624,55.459048,36.288272,3.120274e+03,1.312146e+03,0.067952,0.069222
200,0.01,2.0,10,1,0.075455,-239.528313,86.638916,58.544302,40.266242,3.451239e+03,1.618246e+03,0.068210,0.069729
200,0.01,2.0,10,1,0.083636,-238.695217,85.112500,56.166828,37.582690,3.190507e+03,1.406903e+03,0.068676,0.069244
200,0.01,2.0,10,1,0.100000,-236.077000,83.634000,52.328193,35.385492,2.818990e+03,1.248497e+03,0.068233,0.070581
200,0.01,2.0,15,1,0.010000,-232.370000,85.690000,168.334053,136.145478,2.828478e+04,1.852655e+04,0.076934,0.076259
200,0.01,2.0,15,1,0.018182,-241.345500,83.869500,131.279829,102.739278,1.716670e+04,1.055218e+04,0.077612,0.076468
200,0.01,2.0,15,1,0.026364,-236.962759,84.138621,105.816690,83.349146,1.116306e+04,6.961766e+03,0.077622,0.076900
200,0.01,2.0,15,1,0.042727,-236.528085,81.947660,89.443250,66.532655,7.981796e+03,4.427604e+03,0.076990,0.076757
200,0.01,2.0,15,1,0.034545,-236.065789,83.249737,99.825554,73.638840,9.942618e+03,5.432666e+03,0.078546,0.078355
200,0.01,2.0,15,1,0.050909,-235.731964,79.133214,79.167566,58.114712,6.262663e+03,3.366096e+03,0.077950,0.077765
200,0.01,2.0,15,1,0.059091,-234.614769,79.007077,73.198038,54.925304,5.368048e+03,3.006642e+03,0.076656,0.076482
200,0.01,2.0,15,1,0.075455,-234.777108,80.129036,64.285030,47.759381,4.145765e+03,2.278123e+03,0.077099,0.077032
200,0.01,2.0,15,1,0.067273,-235.017973,79.106351,67.260453,50.834624,4.533034e+03,2.576027e+03,0.078962,0.077544
200,0.01,2.0,15,1,0.083636,-234.741196,78.199239,60.255178,44.432845,3.646287e+03,1.966714e+03,0.077844,0.078081
200,0.01,2.0,15,1,0.091818,-234.958911,77.124158,60.167916,42.049967,3.633478e+03,1.761374e+03,0.078297,0.078580
200,0.01,2.0,15,1,0.100000,-233.552000,76.530000,56.584823,40.962113,3.233626e+03,1.672374e+03,0.077495,0.077671
200,0.01,2.0,20,1,0.010000,-228.590000,83.730000,168.421048,138.059966,2.835523e+04,1.903578e+04,0.079199,0.078177
200,0.01,2.0,20,1,0.018182,-237.655000,82.951000,131.350465,104.979652,1.718511e+04,1.101754e+04,0.081003,0.080534
200,0.01,2.0,20,1,0.026364,-234.030690,83.103103,106.338383,84.823479,1.128481e+04,7.209106e+03,0.080090,0.079040
200,0.01,2.0,20,1,0.042727,-235.224468,80.557447,90.699432,67.794087,8.205849e+03,4.593665e+03,0.078699,0.078015
200,0.01,2.0,20,1,0.050909,-234.779286,77.940893,81.228644,59.239853,6.587397e+03,3.497240e+03,0.079334,0.078552
200,0.01,2.0,20,1,0.034545,-233.663158,81.845789,99.944699,75.132785,9.974774e+03,5.650337e+03,0.080252,0.079855
200,0.01,2.0,20,1,0.059091,-233.470769,77.673538,74.555816,55.707030,5.564113e+03,3.092109e+03,0.078128,0.077757
200,0.01,2.0,20,1,0.075455,-233.985904,78.978675,65.311702,48.560751,4.271169e+03,2.354583e+03,0.079151,0.078137
200,0.01,2.0,20,1,0.067273,-234.041351,77.966216,68.262901,51.795008,4.663273e+03,2.673980e+03,0.080322,0.080574
200,0.01,2.0,20,1,0.083636,-233.761957,77.080109,60.725074,45.312696,3.697577e+03,2.045302e+03,0.079808,0.079559
200,0.01,2.0,20,1,0.091818,-234.109406,75.999109,60.394718,42.765017,3.654385e+03,1.821842e+03,0.079296,0.079368
200,0.01,2.0,20,1,0.100000,-232.777000,75.461000,56.721140,41.817563,3.239990e+03,1.742913e+03,0.079374,0.080268
200,0.01,4.0,5,1,0.010000,-226.120000,24.510000,140.692834,69.819294,1.973131e+04,4.856891e+03,0.053775,0.053352
200,0.01,4.0,5,1,0.026364,-217.777241,21.969655,80.840324,39.861617,6.527859e+03,1.584164e+03,0.053279,0.052951
200,0.01,4.0,5,1,0.018182,-220.440000,24.414500,102.890649,51.375283,1.054696e+04,2.630282e+03,0.054319,0.053654
200,0.01,4.0,5,1,0.034545,-216.181842,22.610789,70.431688,35.408444,4.976018e+03,1.249118e+03,0.053095,0.053003
200,0.01,4.0,5,1,0.059091,-215.928308,20.878000,54.099160,24.267166,2.953324e+03,5.920391e+02,0.052589,0.052616
200,0.01,4.0,5,1,0.050909,-216.701964,21.286964,60.138350,27.349221,3.631488e+03,7.487364e+02,0.053373,0.053166
200,0.01,4.0,5,1,0.042727,-216.377021,21.445319,63.428495,30.184960,4.040040e+03,9.106476e+02,0.053900,0.052963
200,0.01,4.0,5,1,0.067273,-219.277568,21.378649,52.499901,22.970316,2.753283e+03,5.289267e+02,0.052684,0.052488
200,0.01,4.0,5,1,0.083636,-221.799457,20.943043,49.090099,20.703212,2.400300e+03,4.321069e+02,0.052798,0.053026
200,0.01,4.0,5,1,0.091818,-223.461188,20.958812,47.208567,20.980429,2.221538e+03,4.435445e+02,0.053290,0.053343
200,0.01,4.0,5,1,0.075455,-219.533494,21.072289,49.524036,21.646335,2.449499e+03,4.713154e+02,0.054349,0.054357
200,0.01,4.0,5,1,0.100000,-222.974000,20.472000,45.261382,19.608306,2.041131e+03,3.905160e+02,0.055081,0.055198
200,0.01,4.0,10,1,0.010000,-212.120000,17.630000,174.119142,91.098594,3.035961e+04,8.291194e+03,0.059448,0.059191
200,0.01,4.0,10,1,0.018182,-203.351500,15.103000,118.143430,61.852720,1.391815e+04,3.816788e+03,0.059643,0.059176
200,0.01,4.0,10,1,0.026364,-199.919310,12.691724,96.910050,49.704585,9.354330e+03,2.460675e+03,0.059577,0.058728
200,0.01,4.0,10,1,0.034545,-200.463421,13.110263,91.697962,42.923923,8.376151e+03,1.835367e+03,0.059463,0.058840
200,0.01,4.0,10,1,0.042727,-203.006170,11.528936,84.901236,35.930852,7.192849e+03,1.286981e+03,0.059382,0.058585
200,0.01,4.0,10,1,0.059091,-200.106923,10.013385,67.679260,28.948967,4.562753e+03,8.413121e+02,0.060288,0.060908
200,0.01,4.0,10,1,0.050909,-201.643750,11.231786,77.525244,33.194790,5.991443e+03,1.099322e+03,0.061501,0.060925
200,0.01,4.0,10,1,0.067273,-201.685000,10.815676,64.922282,28.206058,4.203555e+03,7.955356e+02,0.060413,0.059544
200,0.01,4.0,10,1,0.075455,-200.359036,9.905301,60.103313,25.380880,3.599003e+03,6.488019e+02,0.059659,0.058547
200,0.01,4.0,10,1,0.083636,-200.062500,10.328043,57.112926,24.051519,3.249365e+03,5.812629e+02,0.060487,0.059779
200,0.01,4.0,10,1,0.091818,-198.944257,10.696139,53.185520,24.303179,2.817539e+03,5.918559e+02,0.059979,0.059881
200,0.01,4.0,10,1,0.100000,-198.822000,10.025000,51.139705,22.437377,2.605074e+03,5.079841e+02,0.059834,0.058811
200,0.01,4.0,15,1,0.010000,-212.110000,17.630000,174.148453,91.098594,3.037270e+04,8.291563e+03,0.060105,0.059573
200,0.01,4.0,15,1,0.026364,-200.086207,12.676552,97.728728,49.707891,9.513463e+03,2.461007e+03,0.060456,0.060158
200,0.01,4.0,15,1,0.018182,-203.357000,15.097500,118.164997,61.854006,1.392429e+04,3.817103e+03,0.061238,0.061834
200,0.01,4.0,15,1,0.034545,-200.596579,13.078421,92.437446,42.931053,8.512417e+03,1.835982e+03,0.059983,0.059877
200,0.01,4.0,15,1,0.042727,-202.783830,11.503191,85.064385,35.937089,7.219756e+03,1.287405e+03,0.059749,0.059322
200,0.01,4.0,15,1,0.050909,-201.331429,11.202321,77.428799,33.202991,5.975726e+03,1.099846e+03,0.059637,0.059138
200,0.01,4.0,15,1,0.067273,-200.959595,10.785946,64.821201,28.215421,4.188031e+03,7.960381e+02,0.060722,0.059788
200,0.01,4.0,15,1,0.059091,-199.477385,9.981231,67.692586,28.957818,4.564027e+03,8.418006e+02,0.062444,0.062133
200,0.01,4.0,15,1,0.075455,-199.887229,9.878795,59.905413,25.389427,3.574758e+03,6.491809e+02,0.060974,0.060321
200,0.01,4.0,15,1,0.091818,-198.543465,10.674356,53.109036,24.311507,2.809736e+03,5.922039e+02,0.060324,0.059503
200,0.01,4.0,15,1,0.083636,-199.612935,10.304130,56.843271,24.060249,3.218393e+03,5.816248e+02,0.060856,0.059991
200,0.01,4.0,15,1,0.100000,-198.508000,10.004000,50.981737,22.445460,2.589238e+03,5.082666e+02,0.061318,0.060603
200,0.01,4.0,20,1,0.010000,-212.110000,17.630000,174.148453,91.098594,3.037271e+04,8.291564e+03,0.060542,0.060639
200,0.01,4.0,20,1,0.018182,-203.357000,15.097500,118.164997,61.854006,1.392429e+04,3.817104e+03,0.060843,0.060599
200,0.01,4.0,20,1,0.026364,-200.086207,12.676552,97.728728,49.707891,9.513464e+03,2.461007e+03,0.060654,0.060285
200,0.01,4.0,20,1,0.042727,-202.783830,11.503191,85.064385,35.937089,7.219759e+03,1.287404e+03,0.060562,0.060098
200,0.01,4.0,20,1,0.034545,-200.596579,13.078421,92.437446,42.931053,8.512418e+03,1.835982e+03,0.062058,0.061972
200,0.01,4.0,20,1,0.050909,-201.331429,11.202321,77.428799,33.202991,5.975727e+03,1.099845e+03,0.060622,0.060829
200,0.01,4.0,20,1,0.059091,-199.477385,9.981231,67.692586,28.957818,4.564027e+03,8.418000e+02,0.060735,0.060225
200,0.01,4.0,20,1,0.067273,-200.959595,10.785946,64.821201,28.215421,4.188033e+03,7.960378e+02,0.063045,0.062420
200,0.01,4.0,20,1,0.075455,-199.887229,9.878795,59.905413,25.389427,3.574759e+03,6.491804e+02,0.062720,0.061651
200,0.01,4.0,20,1,0.083636,-199.612935,10.304130,56.843271,24.060249,3.218393e+03,5.816243e+02,0.061302,0.060791
200,0.01,4.0,20,1,0.091818,-198.543465,10.674356,53.109036,24.311507,2.809735e+03,5.922036e+02,0.061768,0.060981
200,0.01,4.0,20,1,0.100000,-198.508000,10.004000,50.981737,22.445460,2.589237e+03,5.082661e+02,0.060951,0.060141
200,0.01,8.0,5,1,0.010000,-203.870000,3.230000,114.032723,34.556021,1.296407e+04,1.189372e+03,0.051969,0.051646
200,0.01,8.0,5,1,0.034545,-202.735789,4.434737,62.025109,23.812117,3.837578e+03,5.658109e+02,0.051850,0.051504
200,0.01,8.0,5,1,0.026364,-201.599655,5.041034,70.629986,29.060171,4.970287e+03,8.437949e+02,0.052582,0.051809
200,0.01,8.0,5,1,0.018182,-204.809000,5.126000,90.645666,34.845629,8.203951e+03,1.212326e+03,0.053217,0.052797
200,0.01,8.0,5,1,0.042727,-203.944681,3.615957,54.680868,19.249672,2.991200e+03,3.691125e+02,0.052988,0.052661
200,0.01,8.0,5,1,0.050909,-203.142500,3.449286,51.580154,17.272960,2.657856e+03,2.971638e+02,0.053638,0.052297
200,0.01,8.0,5,1,0.059091,-203.335846,3.569077,46.690079,16.124193,2.180359e+03,2.589768e+02,0.052750,0.052252
200,0.01,8.0,5,1,0.083636,-200.643587,4.219457,36.142183,14.493265,1.301139e+03,2.098792e+02,0.052071,0.051476
200,0.01,8.0,5,1,0.067273,-201.628514,4.009054,41.657022,15.986753,1.730087e+03,2.549198e+02,0.052906,0.052792
200,0.01,8.0,5,1,0.075455,-200.885181,4.600120,38.999634,16.045822,1.515211e+03,2.578688e+02,0.053438,0.052364
200,0.01,8.0,5,1,0.091818,-200.091089,3.872871,34.446536,13.195806,1.181868e+03,1.736525e+02,0.052518,0.052000
200,0.01,8.0,5,1,0.100000,-199.427000,3.598000,32.855011,12.228472,1.075925e+03,1.489750e+02,0.052582,0.051651
200,0.01,8.0,10,1,0.010000,-201.720000,1.980000,113.474656,31.306549,1.283230e+04,9.774951e+02,0.053282,0.053203
200,0.01,8.0,10,1,0.026364,-198.857241,4.472069,74.819757,28.576129,5.575629e+03,8.151381e+02,0.053497,0.053014
200,0.01,8.0,10,1,0.018182,-202.031500,4.323000,91.589899,33.970369,8.364247e+03,1.150801e+03,0.053424,0.053325
200,0.01,8.0,10,1,0.034545,-198.512368,3.977368,65.283039,23.481532,4.245081e+03,5.499000e+02,0.054167,0.053890
200,0.01,8.0,10,1,0.050909,-200.353214,3.087857,55.064005,17.017568,3.021704e+03,2.884407e+02,0.053541,0.053237
200,0.01,8.0,10,1,0.042727,-199.792766,3.215745,57.164905,18.985068,3.255358e+03,3.589990e+02,0.055173,0.054627
200,0.01,8.0,10,1,0.059091,-201.523385,3.325385,50.977349,16.323902,2.594582e+03,2.654433e+02,0.055681,0.055840
200,0.01,8.0,10,1,0.067273,-199.878919,3.800946,45.613452,16.261864,2.073009e+03,2.638447e+02,0.054116,0.053182
200,0.01,8.0,10,1,0.075455,-199.268313,4.168072,42.294910,15.972007,1.781768e+03,2.551685e+02,0.053443,0.053073
200,0.01,8.0,10,1,0.083636,-199.214783,3.760326,38.627392,14.409528,1.486147e+03,2.072051e+02,0.053589,0.053152
200,0.01,8.0,10,1,0.091818,-198.581584,3.425248,36.422267,13.125511,1.321464e+03,1.716789e+02,0.054648,0.053910
200,0.01,8.0,10,1,0.100000,-197.675000,3.146000,34.268432,12.051354,1.171427e+03,1.446545e+02,0.054462,0.053980
200,0.01,8.0,15,1,0.010000,-201.720000,1.980000,113.474656,31.306549,1.283230e+04,9.774951e+02,0.053839,0.053483
200,0.01,8.0,15,1,0.018182,-202.031500,4.323000,91.589899,33.970369,8.364248e+03,1.150801e+03,0.053952,0.053750
200,0.01,8.0,15,1,0.026364,-198.857241,4.472069,74.819757,28.576129,5.575629e+03,8.151381e+02,0.054649,0.054611
200,0.01,8.0,15,1,0.034545,-198.512368,3.977368,65.283039,23.481532,4.245081e+03,5.499000e+02,0.054151,0.053668
200,0.01,8.0,15,1,0.042727,-199.792766,3.215745,57.164905,18.985068,3.255358e+03,3.589990e+02,0.053879,0.053399
200,0.01,8.0,15,1,0.050909,-200.353214,3.087857,55.064005,17.017568,3.021705e+03,2.884407e+02,0.055118,0.054951
200,0.01,8.0,15,1,0.059091,-201.523385,3.325385,50.977349,16.323902,2.594582e+03,2.654433e+02,0.055026,0.054608
200,0.01,8.0,15,1,0.067273,-199.878919,3.800946,45.613452,16.261864,2.073009e+03,2.638447e+02,0.054740,0.054268
200,0.01,8.0,15,1,0.075455,-199.268313,4.168072,42.294910,15.972007,1.781768e+03,2.551685e+02,0.055665,0.055118
200,0.01,8.0,15,1,0.083636,-199.214783,3.760326,38.627392,14.409528,1.486147e+03,2.072051e+02,0.055535,0.054798
200,0.01,8.0,15,1,0.091818,-198.581584,3.425248,36.422267,13.125511,1.321464e+03,1.716789e+02,0.055753,0.054917
200,0.01,8.0,15,1,0.100000,-197.675000,3.146000,34.268432,12.051354,1.171426e+03,1.446545e+02,0.056009,0.055069
200,0.01,8.0,20,1,0.010000,-201.720000,1.980000,113.474656,31.306549,1.283230e+04,9.774951e+02,0.054729,0.055091
200,0.01,8.0,20,1,0.018182,-202.031500,4.323000,91.589899,33.970369,8.364248e+03,1.150801e+03,0.055147,0.055032
200,0.01,8.0,20,1,0.026364,-198.857241,4.472069,74.819757,28.576129,5.575629e+03,8.151381e+02,0.054944,0.054476
200,0.01,8.0,20,1,0.034545,-198.512368,3.977368,65.283039,23.481532,4.245081e+03,5.499000e+02,0.054921,0.054606
200,0.01,8.0,20,1,0.042727,-199.792766,3.215745,57.164905,18.985068,3.255358e+03,3.589990e+02,0.055185,0.054839
200,0.01,8.0,20,1,0.050909,-200.353214,3.087857,55.064005,17.017568,3.021705e+03,2.884407e+02,0.055846,0.055131
200,0.01,8.0,20,1,0.059091,-201.523385,3.325385,50.977349,16.323902,2.594582e+03,2.654433e+02,0.055381,0.055285
200,0.01,8.0,20,1,0.067273,-199.878919,3.800946,45.613452,16.261864,2.073009e+03,2.638447e+02,0.055540,0.055079
200,0.01,8.0,20,1,0.083636,-199.214783,3.760326,38.627392,14.409528,1.486147e+03,2.072051e+02,0.055240,0.054969
200,0.01,8.0,20,1,0.075455,-199.268313,4.168072,42.294910,15.972007,1.781768e+03,2.551685e+02,0.057215,0.056927
200,0.01,8.0,20,1,0.091818,-198.581584,3.425248,36.422267,13.125511,1.321464e+03,1.716789e+02,0.056734,0.055819
200,0.01,8.0,20,1,0.100000,-197.675000,3.146000,34.268432,12.051354,1.171426e+03,1.446545e+02,0.055917,0.054964
200,0.01,16.0,5,1,0.010000,-196.280000,0.000000,69.772735,0.000000,4.856446e+03,6.187381e-01,0.048058,0.047440
200,0.01,16.0,5,1,0.018182,-198.253000,1.083500,55.595613,17.131639,3.079147e+03,2.924072e+02,0.047969,0.047580
200,0.01,16.0,5,1,0.026364,-196.391724,2.237931,42.634072,20.347270,1.817471e+03,4.144617e+02,0.048068,0.047482
200,0.01,16.0,5,1,0.034545,-197.887105,1.707895,39.445414,15.528180,1.551074e+03,2.410086e+02,0.049596,0.048935
200,0.01,16.0,5,1,0.042727,-197.316596,1.380851,35.985538,12.554698,1.292791e+03,1.573431e+02,0.048034,0.047700
200,0.01,16.0,5,1,0.050909,-199.196250,1.545893,34.526746,12.147540,1.187349e+03,1.475490e+02,0.048511,0.048504
200,0.01,16.0,5,1,0.059091,-199.034000,1.331846,30.989464,10.465573,9.565058e+02,1.093874e+02,0.048668,0.048011
200,0.01,16.0,5,1,0.067273,-199.621757,1.171351,29.060825,9.192573,8.414779e+02,8.431342e+01,0.048303,0.048389
200,0.01,16.0,5,1,0.075455,-199.273614,1.044337,27.394282,8.195788,7.474940e+02,6.696869e+01,0.048414,0.048266
200,0.01,16.0,5,1,0.091818,-198.844059,0.858218,24.318375,6.735153,5.890612e+02,4.518596e+01,0.048415,0.047868
200,0.01,16.0,5,1,0.083636,-199.052174,0.942174,25.412660,7.394026,6.432201e+02,5.447714e+01,0.049551,0.048757
200,0.01,16.0,5,1,0.100000,-199.014000,0.986000,23.305501,6.908743,5.409753e+02,4.757956e+01,0.048872,0.048695
200,0.01,16.0,10,1,0.010000,-196.280000,0.000000,69.772735,0.000000,4.856170e+03,6.105188e-01,0.049200,0.048726
200,0.01,16.0,10,1,0.018182,-198.187000,1.083500,55.599153,17.131639,3.079565e+03,2.924104e+02,0.048503,0.048507
200,0.01,16.0,10,1,0.026364,-196.350000,2.237931,42.642067,20.347270,1.818104e+03,4.144769e+02,0.049109,0.048932
200,0.01,16.0,10,1,0.042727,-197.290851,1.380851,35.990459,12.554698,1.293059e+03,1.573494e+02,0.049147,0.049250
200,0.01,16.0,10,1,0.034545,-197.855263,1.707895,39.450647,15.528180,1.551443e+03,2.410183e+02,0.050758,0.050868
200,0.01,16.0,10,1,0.050909,-199.174643,1.545893,34.533877,12.147540,1.187848e+03,1.475570e+02,0.048748,0.048335
200,0.01,16.0,10,1,0.059091,-198.846154,1.331846,30.921729,10.465573,9.523529e+02,1.093931e+02,0.049133,0.049608
200,0.01,16.0,10,1,0.067273,-199.376486,1.169865,29.042977,9.192733,8.402610e+02,8.431926e+01,0.049307,0.048808
200,0.01,16.0,10,1,0.075455,-199.056265,1.043012,27.399738,8.195931,7.477456e+02,6.697305e+01,0.049738,0.049051
200,0.01,16.0,10,1,0.083636,-198.859674,0.940978,25.427182,7.394155,6.439756e+02,5.448031e+01,0.048946,0.048776
200,0.01,16.0,10,1,0.091818,-198.670891,0.857129,24.342013,6.735270,5.902729e+02,4.518815e+01,0.050356,0.049638
200,0.01,16.0,10,1,0.100000,-198.856000,0.985000,23.335089,6.908868,5.423695e+02,4.758300e+01,0.049900,0.049547
200,0.01,16.0,15,1,0.010000,-196.280000,0.000000,69.772735,0.000000,4.856170e+03,6.105188e-01,0.050961,0.050737
200,0.01,16.0,15,1,0.018182,-198.187000,1.083500,55.599153,17.131639,3.079565e+03,2.924104e+02,0.050048,0.050142
200,0.01,16.0,15,1,0.026364,-196.350000,2.237931,42.642067,20.347270,1.818104e+03,4.144769e+02,0.050588,0.050646
200,0.01,16.0,15,1,0.034545,-197.855263,1.707895,39.450647,15.528180,1.551443e+03,2.410183e+02,0.049449,0.049086
200,0.01,16.0,15,1,0.042727,-197.290851,1.380851,35.990459,12.554698,1.293059e+03,1.573494e+02,0.050680,0.050319
200,0.01,16.0,15,1,0.050909,-199.174643,1.545893,34.533877,12.147540,1.187848e+03,1.475570e+02,0.049419,0.049109
200,0.01,16.0,15,1,0.059091,-198.846154,1.331846,30.921729,10.465573,9.523529e+02,1.093931e+02,0.049707,0.049311
200,0.01,16.0,15,1,0.067273,-199.376486,1.169865,29.042977,9.192733,8.402610e+02,8.431926e+01,0.049840,0.049503
200,0.01,16.0,15,1,0.075455,-199.056265,1.043012,27.399738,8.195931,7.477456e+02,6.697305e+01,0.049886,0.049480
200,0.01,16.0,15,1,0.083636,-198.859674,0.940978,25.427182,7.394155,6.439756e+02,5.448031e+01,0.050073,0.049471
200,0.01,16.0,15,1,0.091818,-198.670891,0.857129,24.342013,6.735270,5.902729e+02,4.518815e+01,0.049634,0.049805
200,0.01,16.0,15,1,0.100000,-198.856000,0.985000,23.335089,6.908868,5.423695e+02,4.758300e+01,0.050974,0.051488
200,0.01,16.0,20,1,0.010000,-196.280000,0.000000,69.772735,0.000000,4.856170e+03,6.105188e-01,0.051356,0.051075
200,0.01,16.0,20,1,0.018182,-198.187000,1.083500,55.599153,17.131639,3.079565e+03,2.924104e+02,0.050809,0.050368
200,0.01,16.0,20,1,0.026364,-196.350000,2.237931,42.642067,20.347270,1.818104e+03,4.144769e+02,0.050693,0.050621
200,0.01,16.0,20,1,0.034545,-197.855263,1.707895,39.450647,15.528180,1.551443e+03,2.410183e+02,0.050669,0.050775
200,0.01,16.0,20,1,0.042727,-197.290851,1.380851,35.990459,12.554698,1.293059e+03,1.573494e+02,0.051050,0.050532
200,0.01,16.0,20,1,0.050909,-199.174643,1.545893,34.533877,12.147540,1.187848e+03,1.475570e+02,0.050090,0.050054
200,0.01,16.0,20,1,0.059091,-198.846154,1.331846,30.921729,10.465573,9.523529e+02,1.093931e+02,0.050838,0.050367
200,0.01,16.0,20,1,0.067273,-199.376486,1.169865,29.042977,9.192733,8.402610e+02,8.431926e+01,0.050814,0.050553
200,0.01,16.0,20,1,0.075455,-199.056265,1.043012,27.399738,8.195931,7.477456e+02,6.697305e+01,0.051032,0.050811
200,0.01,16.0,20,1,0.083636,-198.859674,0.940978,25.427182,7.394155,6.439756e+02,5.448031e+01,0.052370,0.052048
200,0.01,16.0,20,1,0.091818,-198.670891,0.857129,24.342013,6.735270,5.902729e+02,4.518815e+01,0.051259,0.050667
200,0.01,16.0,20,1,0.100000,-198.856000,0.985000,23.335089,6.908868,5.423695e+02,4.758300e+01,0.051972,0.052027
200,0.3,1.0,5,1,0.010000,-6.010000,3.540000,8.091154,6.598679,6.522824e+01,4.362254e+01,0.033670,0.033905
200,0.3,1.0,5,1,0.018182,-5.621000,3.553000,5.538564,4.392207,3.060878e+01,1.945551e+01,0.033415,0.033248
200,0.3,1.0,5,1,0.026364,-5.545517,3.713448,4.447087,3.873761,1.979463e+01,1.505535e+01,0.033495,0.033669
200,0.3,1.0,5,1,0.034545,-5.592632,3.844211,3.859877,3.414047,1.490906e+01,1.164906e+01,0.033950,0.034069
200,0.3,1.0,5,1,0.042727,-5.560851,3.810213,3.463421,3.067643,1.203514e+01,9.427507e+00,0.032867,0.033327
200,0.3,1.0,5,1,0.050909,-5.338929,3.871607,3.269256,2.943080,1.091390e+01,8.656833e+00,0.033336,0.033667
200,0.3,1.0,5,1,0.067273,-5.186351,3.979324,2.757983,2.406965,8.026097e+00,5.774504e+00,0.033119,0.033729
200,0.3,1.0,5,1,0.059091,-5.203846,3.904154,3.004852,2.606368,9.419908e+00,6.785570e+00,0.033592,0.033976
200,0.3,1.0,5,1,0.075455,-5.180602,4.014337,2.665023,2.294494,7.531741e+00,5.244529e+00,0.032961,0.033562
200,0.3,1.0,5,1,0.091818,-5.099208,4.159307,2.368604,2.178351,6.162415e+00,4.739503e+00,0.032782,0.033546
200,0.3,1.0,5,1,0.083636,-5.073152,4.085543,2.494766,2.221200,6.813714e+00,4.915713e+00,0.033666,0.034345
200,0.3,1.0,5,1,0.100000,-4.995000,4.178000,2.289913,2.045741,5.966135e+00,4.186240e+00,0.033241,0.034106
200,0.3,1.0,10,1,0.010000,-7.570000,4.550000,11.070697,8.315594,1.220789e+02,6.934745e+01,0.034885,0.034811
200,0.3,1.0,10,1,0.018182,-7.078500,4.664000,7.616162,5.965922,5.811636e+01,3.578067e+01,0.035437,0.035506
200,0.3,1.0,10,1,0.026364,-6.854138,4.813448,5.972685,5.031301,3.618566e+01,2.539397e+01,0.035676,0.035575
200,0.3,1.0,10,1,0.034545,-6.880789,5.036842,5.160703,4.817348,2.713927e+01,2.315495e+01,0.035193,0.035639
200,0.3,1.0,10,1,0.042727,-6.915957,5.057660,4.793018,4.319308,2.344025e+01,1.861474e+01,0.034708,0.035160
200,0.3,1.0,10,1,0.050909,-6.660893,5.048214,4.507998,4.026021,2.124637e+01,1.618047e+01,0.035487,0.035897
200,0.3,1.0,10,1,0.067273,-6.449865,5.159595,3.863248,3.466787,1.633838e+01,1.197687e+01,0.034457,0.035553
200,0.3,1.0,10,1,0.059091,-6.456154,5.014308,4.115713,3.556483,1.832950e+01,1.264854e+01,0.034843,0.035560
200,0.3,1.0,10,1,0.075455,-6.419759,5.229639,3.741258,3.353482,1.548840e+01,1.120095e+01,0.035547,0.036446
200,0.3,1.0,10,1,0.083636,-6.255652,5.313478,3.518717,3.230822,1.431443e+01,1.040198e+01,0.035329,0.036126
200,0.3,1.0,10,1,0.091818,-6.243861,5.422673,3.355965,3.224733,1.323339e+01,1.039098e+01,0.035024,0.036122
200,0.3,1.0,10,1,0.100000,-6.109000,5.490000,3.280613,3.048207,1.313645e+01,9.317317e+00,0.034451,0.036271
200,0.3,1.0,15,1,0.010000,-7.620000,4.620000,10.950583,8.395686,1.194770e+02,7.072365e+01,0.035779,0.035782
200,0.3,1.0,15,1,0.018182,-7.111500,4.757500,7.593238,6.068458,5.793357e+01,3.701790e+01,0.036122,0.036385
200,0.3,1.0,15,1,0.026364,-6.903448,4.877931,6.005968,5.069649,3.677385e+01,2.581182e+01,0.036653,0.036786
200,0.3,1.0,15,1,0.034545,-6.985000,5.123684,5.299493,4.919480,2.867537e+01,2.415116e+01,0.035967,0.036447
200,0.3,1.0,15,1,0.042727,-7.028298,5.162979,4.997496,4.436286,2.550740e+01,1.963316e+01,0.036278,0.036669
200,0.3,1.0,15,1,0.050909,-6.772857,5.146429,4.698579,4.147356,2.309218e+01,1.716914e+01,0.036670,0.037361
200,0.3,1.0,15,1,0.067273,-6.536081,5.245811,3.982940,3.573920,1.745779e+01,1.273064e+01,0.035736,0.037076
200,0.3,1.0,15,1,0.059091,-6.554308,5.110769,4.269037,3.673496,1.976262e+01,1.349303e+01,0.037116,0.037693
200,0.3,1.0,15,1,0.075455,-6.501928,5.329036,3.841837,3.468317,1.644721e+01,1.198122e+01,0.036324,0.037257
200,0.3,1.0,15,1,0.083636,-6.329783,5.410326,3.603736,3.345786,1.516615e+01,1.115449e+01,0.035326,0.036786
200,0.3,1.0,15,1,0.091818,-6.311386,5.519604,3.433888,3.330570,1.403089e+01,1.108067e+01,0.035487,0.036896
200,0.3,1.0,15,1,0.100000,-6.188000,5.609000,3.405886,3.181723,1.422850e+01,1.015536e+01,0.035799,0.037566
200,0.3,1.0,20,1,0.010000,-7.620000,4.640000,10.950583,8.432367,1.194800e+02,7.131616e+01,0.037350,0.037448
200,0.3,1.0,20,1,0.018182,-7.111500,4.768500,7.593238,6.079799,5.794390e+01,3.714741e+01,0.037081,0.037258
200,0.3,1.0,20,1,0.026364,-6.903448,4.885517,6.005968,5.073711,3.678718e+01,2.584987e+01,0.037252,0.037445
200,0.3,1.0,20,1,0.034545,-6.985000,5.129474,5.299493,4.920263,2.868752e+01,2.415821e+01,0.037297,0.037598
200,0.3,1.0,20,1,0.042727,-7.028298,5.167660,4.997496,4.435773,2.551894e+01,1.962851e+01,0.036754,0.037521
200,0.3,1.0,20,1,0.050909,-6.772857,5.150357,4.698579,4.146196,2.310740e+01,1.715972e+01,0.036918,0.037866
200,0.3,1.0,20,1,0.059091,-6.554308,5.114154,4.269037,3.673854,1.978099e+01,1.349609e+01,0.037133,0.038074
200,0.3,1.0,20,1,0.067273,-6.536081,5.248784,3.982940,3.573572,1.747643e+01,1.272842e+01,0.036561,0.037499
200,0.3,1.0,20,1,0.075455,-6.501928,5.331687,3.841837,3.468803,1.646635e+01,1.198462e+01,0.036794,0.037783
200,0.3,1.0,20,1,0.091818,-6.311386,5.521782,3.433888,3.332308,1.405278e+01,1.109143e+01,0.036394,0.037933
200,0.3,1.0,20,1,0.083636,-6.329783,5.412717,3.603736,3.348336,1.518776e+01,1.117122e+01,0.037260,0.038335
200,0.3,1.0,20,1,0.100000,-6.190000,5.612000,3.413136,3.184733,1.429484e+01,1.017373e+01,0.036795,0.037839
200,0.3,2.0,5,1,0.010000,-53.240000,20.290000,32.200152,23.690417,1.032703e+03,5.670197e+02,0.043080,0.042532
200,0.3,2.0,5,1,0.018182,-51.188500,18.777000,24.382196,14.957257,5.964210e+02,2.245684e+02,0.042423,0.042243
200,0.3,2.0,5,1,0.026364,-50.543103,18.263793,20.099490,12.357299,4.097765e+02,1.527438e+02,0.041499,0.041617
200,0.3,2.0,5,1,0.034545,-49.581053,18.370000,17.259970,10.779251,3.102786e+02,1.165620e+02,0.041858,0.041954
200,0.3,2.0,5,1,0.042727,-49.113830,18.145319,16.136921,9.747140,2.765820e+02,9.510120e+01,0.041632,0.042239
200,0.3,2.0,5,1,0.050909,-48.195714,18.004643,14.252350,9.120545,2.280039e+02,8.315207e+01,0.041859,0.041988
200,0.3,2.0,5,1,0.059091,-47.584308,17.994308,13.215777,8.658062,2.062164e+02,7.495143e+01,0.041435,0.042085
200,0.3,2.0,5,1,0.067273,-46.654865,18.097973,12.585524,8.280108,2.014417e+02,6.869744e+01,0.041274,0.041773
200,0.3,2.0,5,1,0.075455,-46.164217,18.221566,12.482141,8.042192,2.055867e+02,6.500347e+01,0.042062,0.042804
200,0.3,2.0,5,1,0.091818,-44.568515,18.004059,11.505280,7.264180,2.074524e+02,5.285706e+01,0.040919,0.042015
200,0.3,2.0,5,1,0.083636,-45.254239,18.065109,11.758912,7.634777,2.018742e+02,5.842706e+01,0.041352,0.042520
200,0.3,2.0,5,1,0.100000,-43.871000,17.910000,11.401935,6.909585,2.177114e+02,4.775707e+01,0.041280,0.042528
200,0.3,2.0,10,1,0.010000,-124.220000,39.570000,77.110152,48.745200,5.924310e+03,2.372694e+03,0.058177,0.057820
200,0.3,2.0,10,1,0.018182,-119.366500,39.204000,58.605255,34.010985,3.460642e+03,1.156549e+03,0.057226,0.057500
200,0.3,2.0,10,1,0.026364,-116.801034,38.109310,46.313191,27.725420,2.215089e+03,7.666440e+02,0.058014,0.058554
200,0.3,2.0,10,1,0.042727,-112.092340,37.973404,35.758955,22.156502,1.458092e+03,4.897108e+02,0.055482,0.056432
200,0.3,2.0,10,1,0.034545,-114.391316,37.460789,40.032701,24.067657,1.723541e+03,5.770657e+02,0.056171,0.056530
200,0.3,2.0,10,1,0.050909,-109.705357,37.574821,31.765669,20.204070,1.260068e+03,4.067976e+02,0.055062,0.056649
200,0.3,2.0,10,1,0.059091,-108.026769,37.696154,30.605408,18.881906,1.244423e+03,3.554563e+02,0.055558,0.057758
200,0.3,2.0,10,1,0.067273,-106.194595,38.694730,28.788669,18.321750,1.204980e+03,3.368887e+02,0.055872,0.057769
200,0.3,2.0,10,1,0.075455,-104.311807,38.603373,28.298578,17.515413,1.254016e+03,3.078244e+02,0.054830,0.057294
200,0.3,2.0,10,1,0.083636,-101.851630,38.352935,26.817650,16.683940,1.283888e+03,2.788117e+02,0.053811,0.057498
200,0.3,2.0,10,1,0.091818,-99.907228,38.232079,26.096218,16.198588,1.342295e+03,2.626276e+02,0.054646,0.058138
200,0.3,2.0,10,1,0.100000,-97.792000,38.097000,25.606337,15.320041,1.430554e+03,2.347600e+02,0.053440,0.057308
200,0.3,2.0,15,1,0.010000,-135.970000,42.060000,95.778013,57.955082,9.152074e+03,3.349635e+03,0.061022,0.061180
200,0.3,2.0,15,1,0.018182,-131.114500,42.883500,69.164965,41.433676,4.841607e+03,1.718246e+03,0.061039,0.061564
200,0.3,2.0,15,1,0.042727,-123.775745,41.678298,41.712106,27.990822,1.992500e+03,7.831975e+02,0.060404,0.062837
200,0.3,2.0,15,1,0.026364,-128.445862,42.346207,54.875231,34.747972,3.130136e+03,1.208137e+03,0.061774,0.062598
200,0.3,2.0,15,1,0.034545,-126.708421,40.943158,47.643894,30.003985,2.434525e+03,8.975439e+02,0.061970,0.063623
200,0.3,2.0,15,1,0.050909,-120.931250,41.230357,37.277237,25.088931,1.743339e+03,6.284715e+02,0.059844,0.062001
200,0.3,2.0,15,1,0.067273,-117.454730,42.375270,33.324373,23.103028,1.609260e+03,5.372974e+02,0.058538,0.062230
200,0.3,2.0,15,1,0.059091,-119.140154,41.380308,35.553708,23.679998,1.689425e+03,5.604282e+02,0.059899,0.063839
200,0.3,2.0,15,1,0.075455,-115.311807,42.069036,32.523954,21.739768,1.657496e+03,4.750433e+02,0.057899,0.062693
200,0.3,2.0,15,1,0.083636,-112.519239,41.718696,30.631916,20.501526,1.683533e+03,4.216146e+02,0.057402,0.061967
200,0.3,2.0,15,1,0.091818,-110.385545,41.620297,29.749568,19.821932,1.751808e+03,3.939904e+02,0.057383,0.062407
200,0.3,2.0,15,1,0.100000,-108.065000,41.624000,29.401775,18.893331,1.873620e+03,3.581953e+02,0.057217,0.062534
200,0.3,2.0,20,1,0.010000,-138.410000,42.700000,101.024853,62.614634,1.017489e+04,3.910893e+03,0.062059,0.062453
200,0.3,2.0,20,1,0.018182,-133.325500,43.593000,71.927780,44.158483,5.220107e+03,1.953320e+03,0.063646,0.063470
200,0.3,2.0,20,1,0.026364,-130.190690,43.101034,56.835258,37.339555,3.345742e+03,1.396771e+03,0.062074,0.063218
200,0.3,2.0,20,1,0.050909,-122.316071,41.739107,38.492565,26.692640,1.844650e+03,7.118524e+02,0.060570,0.063043
200,0.3,2.0,20,1,0.034545,-128.381579,41.603158,49.374846,32.097386,2.600816e+03,1.027941e+03,0.062657,0.064790
200,0.3,2.0,20,1,0.042727,-125.446809,42.307872,43.063015,30.038450,2.105443e+03,9.029173e+02,0.062764,0.065216
200,0.3,2.0,20,1,0.059091,-120.504154,41.872769,36.884858,25.065540,1.796835e+03,6.283884e+02,0.060256,0.063745
200,0.3,2.0,20,1,0.067273,-118.814865,42.873243,34.378147,24.430621,1.692780e+03,6.013279e+02,0.059963,0.064227
200,0.3,2.0,20,1,0.075455,-116.549639,42.494458,33.330617,22.916058,1.730145e+03,5.280644e+02,0.059554,0.063853
200,0.3,2.0,20,1,0.083636,-113.718478,42.052283,31.372905,21.398742,1.753403e+03,4.593081e+02,0.059355,0.064302
200,0.3,2.0,20,1,0.091818,-111.558515,41.945941,30.414876,20.755399,1.819223e+03,4.319258e+02,0.059749,0.065431
200,0.3,2.0,20,1,0.100000,-109.206000,41.957000,29.978223,19.713521,1.939475e+03,3.899684e+02,0.058745,0.064567
200,0.3,4.0,5,1,0.010000,-235.680000,32.250000,87.093794,51.869783,7.557623e+03,2.704157e+03,0.050170,0.049860
200,0.3,4.0,5,1,0.018182,-231.302500,31.267500,64.437677,36.820765,4.143190e+03,1.366040e+03,0.051525,0.051792
200,0.3,4.0,5,1,0.034545,-229.630789,30.762368,52.866404,27.164892,2.803264e+03,7.469267e+02,0.050414,0.050261
200,0.3,4.0,5,1,0.026364,-228.542069,31.862069,58.910675,31.697692,3.486994e+03,1.021483e+03,0.050760,0.050509
200,0.3,4.0,5,1,0.042727,-228.729787,29.114894,50.336830,22.593857,2.552035e+03,5.117129e+02,0.050513,0.050852
200,0.3,4.0,5,1,0.050909,-228.811786,29.248214,47.107131,20.011924,2.237712e+03,4.026477e+02,0.050612,0.050491
200,0.3,4.0,5,1,0.059091,-229.130000,28.317385,44.700121,17.854746,2.014379e+03,3.185399e+02,0.051099,0.051664
200,0.3,4.0,5,1,0.067273,-228.553243,27.763108,43.187174,16.758335,1.887957e+03,2.799274e+02,0.050086,0.050563
200,0.3,4.0,5,1,0.075455,-227.562169,27.682892,41.113152,15.522478,1.725706e+03,2.401257e+02,0.050417,0.050962
200,0.3,4.0,5,1,0.083636,-226.589239,27.467717,39.390963,14.503838,1.601201e+03,2.095461e+02,0.051017,0.051553
200,0.3,4.0,5,1,0.091818,-225.378020,27.130792,38.428132,13.599347,1.546130e+03,1.842331e+02,0.051829,0.052399
200,0.3,4.0,5,1,0.100000,-224.007000,26.952000,37.218046,12.804002,1.480634e+03,1.634119e+02,0.050466,0.050703
200,0.3,4.0,10,1,0.010000,-218.760000,22.440000,150.299107,82.466352,2.250068e+04,6.816676e+03,0.064642,0.063293
200,0.3,4.0,10,1,0.034545,-221.262105,19.843421,85.362337,43.318456,7.270579e+03,1.884779e+03,0.064136,0.063373
200,0.3,4.0,10,1,0.018182,-213.576000,18.238000,110.277656,55.159535,1.212917e+04,3.036017e+03,0.066135,0.065322
200,0.3,4.0,10,1,0.026364,-218.824138,21.802759,97.897929,51.511503,9.547031e+03,2.678032e+03,0.065058,0.064279
200,0.3,4.0,10,1,0.050909,-219.326250,17.930000,70.748889,32.506201,4.988170e+03,1.056675e+03,0.064582,0.063486
200,0.3,4.0,10,1,0.042727,-218.775957,17.901915,77.123868,35.829193,5.925551e+03,1.282729e+03,0.065979,0.064747
200,0.3,4.0,10,1,0.059091,-220.182769,17.024615,65.486492,29.864393,4.277706e+03,8.896501e+02,0.064279,0.062853
200,0.3,4.0,10,1,0.067273,-221.743649,17.274459,61.960459,27.789549,3.840443e+03,7.711456e+02,0.065590,0.063798
200,0.3,4.0,10,1,0.075455,-223.713494,17.197108,58.139587,26.062033,3.403372e+03,6.782767e+02,0.066330,0.064526
200,0.3,4.0,10,1,0.083636,-223.716087,17.039239,53.304348,25.002108,2.866701e+03,6.239746e+02,0.065484,0.063866
200,0.3,4.0,10,1,0.091818,-224.320495,16.556634,51.241499,23.255509,2.659591e+03,5.391284e+02,0.065551,0.063555
200,0.3,4.0,10,1,0.100000,-224.558000,16.588000,47.740720,22.204152,2.317684e+03,4.915693e+02,0.064984,0.063190
200,0.3,4.0,15,1,0.010000,-218.150000,20.600000,155.857527,81.657589,2.420337e+04,6.668989e+03,0.065751,0.065273
200,0.3,4.0,15,1,0.018182,-211.629000,17.044500,114.553291,55.145576,1.308240e+04,3.031786e+03,0.064986,0.064406
200,0.3,4.0,15,1,0.026364,-216.514138,20.888621,99.636835,51.907312,9.889635e+03,2.714412e+03,0.065793,0.064878
200,0.3,4.0,15,1,0.034545,-219.863947,19.276053,87.773854,43.922218,7.695602e+03,1.936961e+03,0.067643,0.065942
200,0.3,4.0,15,1,0.042727,-217.212553,17.508723,78.726720,36.398309,6.177337e+03,1.324254e+03,0.066297,0.065028
200,0.3,4.0,15,1,0.050909,-217.106607,17.647143,71.926184,33.014859,5.156489e+03,1.090958e+03,0.067184,0.064828
200,0.3,4.0,15,1,0.059091,-217.395538,16.745385,66.417687,30.411408,4.398682e+03,9.231378e+02,0.066069,0.064431
200,0.3,4.0,15,1,0.067273,-218.549189,17.099054,62.344118,28.271007,3.882759e+03,7.991576e+02,0.066807,0.064973
200,0.3,4.0,15,1,0.075455,-220.670602,16.962530,58.265035,26.514650,3.411652e+03,7.028568e+02,0.066591,0.064614
200,0.3,4.0,15,1,0.083636,-220.511739,16.857500,53.537456,25.620754,2.883484e+03,6.561092e+02,0.068900,0.066857
200,0.3,4.0,15,1,0.091818,-220.834257,16.412871,52.207246,23.738174,2.746943e+03,5.624043e+02,0.067438,0.065321
200,0.3,4.0,15,1,0.100000,-221.200000,16.240000,48.274384,22.548774,2.357631e+03,5.072288e+02,0.067240,0.064981
200,0.3,4.0,20,1,0.010000,-218.040000,20.600000,155.737198,81.657589,2.416589e+04,6.669156e+03,0.066120,0.065185
200,0.3,4.0,20,1,0.018182,-211.392500,17.044500,114.237352,55.145576,1.301148e+04,3.031840e+03,0.068297,0.067245
200,0.3,4.0,20,1,0.026364,-216.434483,20.888621,99.472052,51.907312,9.856978e+03,2.714588e+03,0.067314,0.066458
200,0.3,4.0,20,1,0.034545,-219.808947,19.247105,87.714987,43.931131,7.685621e+03,1.937638e+03,0.066500,0.065212
200,0.3,4.0,20,1,0.042727,-217.062766,17.473617,78.614081,36.383042,6.159433e+03,1.323064e+03,0.066852,0.065667
200,0.3,4.0,20,1,0.050909,-217.026071,17.617679,71.876139,33.005942,5.149349e+03,1.090309e+03,0.069119,0.065627
200,0.3,4.0,20,1,0.059091,-217.244923,16.716615,66.281812,30.411994,4.380445e+03,9.231371e+02,0.066563,0.065041
200,0.3,4.0,20,1,0.067273,-218.373784,17.082703,62.349771,28.231947,3.882873e+03,7.969577e+02,0.067320,0.065326
200,0.3,4.0,20,1,0.075455,-220.595060,16.946627,58.324549,26.480793,3.418696e+03,7.010696e+02,0.067272,0.065399
200,0.3,4.0,20,1,0.091818,-220.676337,16.398713,52.315675,23.712810,2.757437e+03,5.612093e+02,0.067186,0.065167
200,0.3,4.0,20,1,0.083636,-220.416087,16.843152,53.639458,25.592454,2.894286e+03,6.546703e+02,0.069109,0.067025
200,0.3,4.0,20,1,0.100000,-221.062000,16.223000,48.322956,22.526056,2.361698e+03,5.062069e+02,0.068481,0.065520
200,0.3,8.0,5,1,0.010000,-197.060000,6.080000,98.174126,39.402969,9.640356e+03,1.551574e+03,0.053016,0.052507
200,0.3,8.0,5,1,0.018182,-200.640000,4.889500,75.285553,25.267608,5.653103e+03,6.370812e+02,0.052574,0.052152
200,0.3,8.0,5,1,0.034545,-205.170263,3.832632,56.347877,15.304052,3.165365e+03,2.332781e+02,0.052027,0.051570
200,0.3,8.0,5,1,0.026364,-203.196552,4.760345,65.359614,19.888016,4.254853e+03,3.948698e+02,0.053533,0.053343
200,0.3,8.0,5,1,0.042727,-207.225957,3.740000,52.626862,13.707504,2.772815e+03,1.871479e+02,0.052354,0.051955
200,0.3,8.0,5,1,0.050909,-209.406607,4.343036,51.274946,15.625810,2.654162e+03,2.434822e+02,0.053630,0.052849
200,0.3,8.0,5,1,0.059091,-206.622308,4.244308,47.524924,13.986199,2.259689e+03,1.950271e+02,0.053504,0.053278
200,0.3,8.0,5,1,0.067273,-207.302432,3.890135,43.670003,12.453689,1.914332e+03,1.544818e+02,0.053758,0.053261
200,0.3,8.0,5,1,0.075455,-206.743012,4.180000,42.160041,12.198905,1.781246e+03,1.483610e+02,0.053460,0.052801
200,0.3,8.0,5,1,0.083636,-207.529348,4.429891,39.643551,12.076638,1.582019e+03,1.456562e+02,0.052491,0.051914
200,0.3,8.0,5,1,0.091818,-207.228020,4.494752,37.548254,11.534728,1.418554e+03,1.329979e+02,0.053898,0.053802
200,0.3,8.0,5,1,0.100000,-207.713000,4.363000,37.727401,11.025185,1.435892e+03,1.213834e+02,0.052652,0.052321
200,0.3,8.0,10,1,0.010000,-194.630000,4.170000,104.454204,37.653116,1.088685e+04,1.413164e+03,0.055229,0.054859
200,0.3,8.0,10,1,0.018182,-197.890000,3.008500,80.716338,23.524135,6.490484e+03,5.511866e+02,0.054365,0.054185
200,0.3,8.0,10,1,0.026364,-199.486897,3.098966,68.586912,19.711655,4.685513e+03,3.869962e+02,0.055651,0.054736
200,0.3,8.0,10,1,0.042727,-202.634043,2.260851,54.725917,13.303748,2.995573e+03,1.770405e+02,0.054721,0.054180
200,0.3,8.0,10,1,0.034545,-200.006053,2.365000,58.043939,15.043105,3.356479e+03,2.259780e+02,0.055529,0.055212
200,0.3,8.0,10,1,0.050909,-205.393571,2.771607,52.142686,15.007428,2.747837e+03,2.244518e+02,0.054730,0.054160
200,0.3,8.0,10,1,0.059091,-202.919538,3.088462,48.397726,14.298264,2.347707e+03,2.036245e+02,0.055127,0.054057
200,0.3,8.0,10,1,0.067273,-202.814730,2.712838,43.903077,12.559286,1.933713e+03,1.572803e+02,0.054661,0.054094
200,0.3,8.0,10,1,0.075455,-201.895060,2.977952,42.317066,12.188815,1.791492e+03,1.479966e+02,0.056128,0.055291
200,0.3,8.0,10,1,0.083636,-202.501630,3.185217,40.275508,11.784313,1.627331e+03,1.383174e+02,0.056066,0.055236
200,0.3,8.0,10,1,0.091818,-202.578614,3.218317,37.952176,11.221648,1.446842e+03,1.254291e+02,0.055773,0.054935
200,0.3,8.0,10,1,0.100000,-203.175000,3.089000,37.999850,10.481257,1.454976e+03,1.094192e+02,0.055614,0.054460
200,0.3,8.0,15,1,0.010000,-194.630000,4.170000,104.454204,37.653116,1.088681e+04,1.413165e+03,0.056640,0.056669
200,0.3,8.0,15,1,0.018182,-197.890000,3.008500,80.716338,23.524135,6.490475e+03,5.511865e+02,0.055782,0.055407
200,0.3,8.0,15,1,0.026364,-199.486897,3.098966,68.586912,19.711655,4.685516e+03,3.869962e+02,0.056024,0.055903
200,0.3,8.0,15,1,0.034545,-200.006053,2.365000,58.043939,15.043105,3.356486e+03,2.259774e+02,0.056069,0.055295
200,0.3,8.0,15,1,0.042727,-202.634043,2.260851,54.725917,13.303748,2.995600e+03,1.770398e+02,0.056206,0.056497
200,0.3,8.0,15,1,0.050909,-205.393571,2.771607,52.142686,15.007428,2.747885e+03,2.244515e+02,0.055754,0.055796
200,0.3,8.0,15,1,0.059091,-202.919538,3.088462,48.397726,14.298264,2.347737e+03,2.036244e+02,0.055971,0.055373
200,0.3,8.0,15,1,0.067273,-202.814730,2.712838,43.903077,12.559286,1.933742e+03,1.572800e+02,0.055412,0.054909
200,0.3,8.0,15,1,0.075455,-201.895060,2.977952,42.317066,12.188815,1.791513e+03,1.479965e+02,0.056060,0.055722
200,0.3,8.0,15,1,0.083636,-202.501630,3.185217,40.275508,11.784313,1.627357e+03,1.383174e+02,0.055928,0.055924
200,0.3,8.0,15,1,0.091818,-202.578614,3.218317,37.952176,11.221648,1.446868e+03,1.254292e+02,0.056295,0.055671
200,0.3,8.0,15,1,0.100000,-203.175000,3.089000,37.999850,10.481257,1.455007e+03,1.094191e+02,0.057225,0.056311
200,0.3,8.0,20,1,0.010000,-194.630000,4.170000,104.454204,37.653116,1.088681e+04,1.413165e+03,0.056112,0.056345
200,0.3,8.0,20,1,0.018182,-197.890000,3.008500,80.716338,23.524135,6.490475e+03,5.511865e+02,0.058098,0.057652
200,0.3,8.0,20,1,0.026364,-199.486897,3.098966,68.586912,19.711655,4.685516e+03,3.869962e+02,0.056343,0.056207
200,0.3,8.0,20,1,0.034545,-200.006053,2.365000,58.043939,15.043105,3.356486e+03,2.259774e+02,0.056927,0.056624
200,0.3,8.0,20,1,0.042727,-202.634043,2.260851,54.725917,13.303748,2.995600e+03,1.770398e+02,0.057211,0.057565
200,0.3,8.0,20,1,0.059091,-202.919538,3.088462,48.397726,14.298264,2.347737e+03,2.036244e+02,0.057432,0.056942
200,0.3,8.0,20,1,0.050909,-205.393571,2.771607,52.142686,15.007428,2.747885e+03,2.244515e+02,0.057686,0.057387
200,0.3,8.0,20,1,0.067273,-202.814730,2.712838,43.903077,12.559286,1.933742e+03,1.572800e+02,0.056395,0.055945
200,0.3,8.0,20,1,0.075455,-201.895060,2.977952,42.317066,12.188815,1.791513e+03,1.479965e+02,0.056192,0.055839
200,0.3,8.0,20,1,0.083636,-202.501630,3.185217,40.275508,11.784313,1.627357e+03,1.383174e+02,0.057277,0.056849
200,0.3,8.0,20,1,0.091818,-202.578614,3.218317,37.952176,11.221648,1.446868e+03,1.254292e+02,0.057173,0.056548
200,0.3,8.0,20,1,0.100000,-203.175000,3.089000,37.999850,10.481257,1.455007e+03,1.094191e+02,0.057361,0.057208
200,0.3,16.0,5,1,0.010000,-195.670000,4.230000,69.224956,38.490364,4.785361e+03,1.487378e+03,0.049246,0.048724
200,0.3,16.0,5,1,0.026364,-197.882414,2.165862,44.837405,17.033261,2.004078e+03,2.908493e+02,0.048816,0.048672
200,0.3,16.0,5,1,0.018182,-197.499500,2.326500,53.389360,21.169700,2.841901e+03,4.487075e+02,0.049823,0.049512
200,0.3,16.0,5,1,0.034545,-198.613684,2.434474,41.912752,15.570806,1.749992e+03,2.441664e+02,0.049112,0.048689
200,0.3,16.0,5,1,0.042727,-199.181915,1.970638,39.412659,12.588850,1.547144e+03,1.592261e+02,0.049803,0.049359
200,0.3,16.0,5,1,0.050909,-198.758214,1.934821,34.657265,11.420381,1.196514e+03,1.312014e+02,0.049782,0.049151
200,0.3,16.0,5,1,0.059091,-197.866308,1.666923,30.390731,9.839097,9.216712e+02,9.717996e+01,0.049623,0.049170
200,0.3,16.0,5,1,0.067273,-197.445541,1.675270,28.783907,9.136055,8.282646e+02,8.390761e+01,0.050176,0.050106
200,0.3,16.0,5,1,0.075455,-199.005904,1.493614,28.568655,8.145398,8.129397e+02,6.656947e+01,0.048890,0.048589
200,0.3,16.0,5,1,0.083636,-198.753261,1.347500,26.188127,7.348566,6.832711e+02,5.409011e+01,0.048816,0.048568
200,0.3,16.0,5,1,0.091818,-198.840792,1.371188,25.155984,7.044059,6.304187e+02,4.975170e+01,0.048821,0.048362
200,0.3,16.0,5,1,0.100000,-199.563000,1.259000,24.740456,6.467727,6.097762e+02,4.187899e+01,0.048688,0.049100
200,0.3,16.0,10,1,0.010000,-195.620000,4.230000,70.612748,38.490364,4.977692e+03,1.487474e+03,0.050813,0.049334
200,0.3,16.0,10,1,0.018182,-197.505000,2.326500,53.945358,21.169700,2.900719e+03,4.487504e+02,0.050030,0.049515
200,0.3,16.0,10,1,0.034545,-198.639737,2.434474,42.660640,15.570806,1.812786e+03,2.442123e+02,0.050002,0.049769
200,0.3,16.0,10,1,0.026364,-198.151724,2.165862,46.102643,17.033261,2.117684e+03,2.908877e+02,0.051373,0.050956
200,0.3,16.0,10,1,0.042727,-199.043830,1.968298,39.608271,12.589163,1.562541e+03,1.592614e+02,0.050420,0.050027
200,0.3,16.0,10,1,0.059091,-197.622615,1.665231,30.524648,9.839348,9.299453e+02,9.720637e+01,0.049779,0.049284
200,0.3,16.0,10,1,0.050909,-198.493036,1.932857,34.821093,11.420672,1.207923e+03,1.312355e+02,0.049877,0.049377
200,0.3,16.0,10,1,0.067273,-197.238919,1.655946,28.652206,9.135859,8.207934e+02,8.389458e+01,0.050435,0.050483
200,0.3,16.0,10,1,0.075455,-198.909157,1.476386,28.728595,8.145223,8.220406e+02,6.656205e+01,0.049895,0.049693
200,0.3,16.0,10,1,0.083636,-198.570326,1.331957,26.167284,7.348408,6.821791e+02,5.408602e+01,0.051212,0.050975
200,0.3,16.0,10,1,0.091818,-198.687228,1.357030,25.053058,7.044213,6.252478e+02,4.975360e+01,0.050342,0.050574
200,0.3,16.0,10,1,0.100000,-199.467000,1.246000,24.690070,6.467868,6.073722e+02,4.188167e+01,0.049948,0.049419
200,0.3,16.0,15,1,0.010000,-195.620000,4.230000,70.612748,38.490364,4.977691e+03,1.487474e+03,0.051170,0.050312
200,0.3,16.0,15,1,0.018182,-197.505000,2.326500,53.945358,21.169700,2.900719e+03,4.487504e+02,0.051483,0.051286
200,0.3,16.0,15,1,0.026364,-198.151724,2.165862,46.102643,17.033261,2.117684e+03,2.908877e+02,0.050945,0.050053
200,0.3,16.0,15,1,0.034545,-198.639737,2.434474,42.660640,15.570806,1.812786e+03,2.442123e+02,0.051296,0.051393
200,0.3,16.0,15,1,0.042727,-199.043830,1.968298,39.608271,12.589163,1.562541e+03,1.592614e+02,0.050749,0.050456
200,0.3,16.0,15,1,0.059091,-197.622615,1.665231,30.524648,9.839348,9.299453e+02,9.720637e+01,0.050389,0.049883
200,0.3,16.0,15,1,0.050909,-198.493036,1.932857,34.821093,11.420672,1.207923e+03,1.312355e+02,0.050727,0.050430
200,0.3,16.0,15,1,0.067273,-197.238919,1.655946,28.652206,9.135859,8.207934e+02,8.389458e+01,0.051129,0.050701
200,0.3,16.0,15,1,0.075455,-198.909157,1.476386,28.728595,8.145223,8.220406e+02,6.656205e+01,0.050664,0.050220
200,0.3,16.0,15,1,0.083636,-198.570326,1.331957,26.167284,7.348408,6.821791e+02,5.408602e+01,0.051843,0.051924
200,0.3,16.0,15,1,0.091818,-198.687228,1.357030,25.053058,7.044213,6.252477e+02,4.975360e+01,0.051857,0.051309
200,0.3,16.0,15,1,0.100000,-199.467000,1.246000,24.690070,6.467868,6.073722e+02,4.188167e+01,0.051379,0.050796
200,0.3,16.0,20,1,0.010000,-195.620000,4.230000,70.612748,38.490364,4.977691e+03,1.487474e+03,0.051677,0.051353
200,0.3,16.0,20,1,0.018182,-197.505000,2.326500,53.945358,21.169700,2.900719e+03,4.487504e+02,0.051274,0.051078
200,0.3,16.0,20,1,0.026364,-198.151724,2.165862,46.102643,17.033261,2.117684e+03,2.908877e+02,0.051798,0.052548
200,0.3,16.0,20,1,0.034545,-198.639737,2.434474,42.660640,15.570806,1.812786e+03,2.442123e+02,0.052157,0.051716
200,0.3,16.0,20,1,0.050909,-198.493036,1.932857,34.821093,11.420672,1.207923e+03,1.312355e+02,0.051432,0.050833
200,0.3,16.0,20,1,0.042727,-199.043830,1.968298,39.608271,12.589163,1.562541e+03,1.592614e+02,0.053220,0.052304
200,0.3,16.0,20,1,0.059091,-197.622615,1.665231,30.524648,9.839348,9.299453e+02,9.720637e+01,0.051898,0.051651
200,0.3,16.0,20,1,0.075455,-198.909157,1.476386,28.728595,8.145223,8.220406e+02,6.656205e+01,0.051308,0.051292
200,0.3,16.0,20,1,0.067273,-197.238919,1.655946,28.652206,9.135859,8.207934e+02,8.389458e+01,0.053436,0.052991
200,0.3,16.0,20,1,0.083636,-198.570326,1.331957,26.167284,7.348408,6.821791e+02,5.408602e+01,0.052019,0.051875
200,0.3,16.0,20,1,0.091818,-198.687228,1.357030,25.053058,7.044213,6.252477e+02,4.975360e+01,0.051836,0.051349
200,0.3,16.0,20,1,0.100000,-199.467000,1.246000,24.690070,6.467868,6.073722e+02,4.188167e+01,0.052277,0.051537
200,0.5,1.0,5,1,0.010000,-3.790000,1.810000,5.326762,4.045288,2.844628e+01,1.631987e+01,0.030544,0.030450
200,0.5,1.0,5,1,0.018182,-3.448500,1.688500,3.654031,2.858314,1.330647e+01,8.137824e+00,0.030997,0.031023
200,0.5,1.0,5,1,0.026364,-3.292414,1.627241,3.237475,2.205425,1.044381e+01,4.845885e+00,0.030853,0.031128
200,0.5,1.0,5,1,0.034545,-3.198684,1.655789,2.726704,1.975387,7.431016e+00,3.886635e+00,0.030372,0.030504
200,0.5,1.0,5,1,0.042727,-3.023830,1.598511,2.390684,1.759248,5.805143e+00,3.087020e+00,0.030969,0.031429
200,0.5,1.0,5,1,0.059091,-2.936154,1.658462,1.924473,1.468130,3.867950e+00,2.146829e+00,0.030515,0.030847
200,0.5,1.0,5,1,0.050909,-3.042679,1.620536,2.185395,1.629740,4.857183e+00,2.647421e+00,0.030693,0.031508
200,0.5,1.0,5,1,0.067273,-2.877838,1.648514,1.795353,1.358905,3.442336e+00,1.839515e+00,0.030581,0.030798
200,0.5,1.0,5,1,0.075455,-2.849398,1.630120,1.608970,1.280707,2.838570e+00,1.634879e+00,0.031465,0.031959
200,0.5,1.0,5,1,0.091818,-2.852376,1.655446,1.514537,1.250758,2.541757e+00,1.558232e+00,0.030247,0.030818
200,0.5,1.0,5,1,0.083636,-2.862391,1.624891,1.593796,1.302171,2.777081e+00,1.690490e+00,0.030830,0.031354
200,0.5,1.0,5,1,0.100000,-2.810000,1.656000,1.413468,1.209760,2.291781e+00,1.457748e+00,0.030264,0.030942
200,0.5,1.0,10,1,0.010000,-3.950000,1.900000,5.607878,4.196480,3.143251e+01,1.755230e+01,0.031846,0.031455
200,0.5,1.0,10,1,0.018182,-3.586000,1.771000,3.915922,3.037654,1.527415e+01,9.190761e+00,0.032301,0.032212
200,0.5,1.0,10,1,0.026364,-3.444138,1.710690,3.567482,2.336276,1.270636e+01,5.442497e+00,0.031850,0.032048
200,0.5,1.0,10,1,0.034545,-3.334737,1.751316,2.988258,2.110083,8.974392e+00,4.436067e+00,0.031855,0.032093
200,0.5,1.0,10,1,0.042727,-3.140851,1.696809,2.588184,1.892332,6.899887e+00,3.575110e+00,0.031364,0.031620
200,0.5,1.0,10,1,0.059091,-3.054615,1.753231,2.117406,1.604393,4.783243e+00,2.565064e+00,0.031419,0.031962
200,0.5,1.0,10,1,0.050909,-3.174286,1.728571,2.416629,1.779150,6.013908e+00,3.156374e+00,0.031639,0.032138
200,0.5,1.0,10,1,0.067273,-3.002703,1.739189,2.030053,1.491403,4.483624e+00,2.217876e+00,0.031942,0.032226
200,0.5,1.0,10,1,0.075455,-2.964699,1.713614,1.825199,1.395875,3.745255e+00,1.946368e+00,0.032561,0.033188
200,0.5,1.0,10,1,0.083636,-2.973587,1.701413,1.798905,1.400911,3.638802e+00,1.962385e+00,0.031841,0.032239
200,0.5,1.0,10,1,0.091818,-2.956931,1.737129,1.702567,1.371398,3.324583e+00,1.875909e+00,0.031939,0.032843
200,0.5,1.0,10,1,0.100000,-2.914000,1.747000,1.591930,1.328836,3.020180e+00,1.760511e+00,0.031629,0.032563
200,0.5,1.0,15,1,0.010000,-3.950000,1.900000,5.607878,4.196480,3.142890e+01,1.755175e+01,0.032330,0.032279
200,0.5,1.0,15,1,0.018182,-3.586000,1.771000,3.915922,3.037654,1.527453e+01,9.190858e+00,0.032708,0.033153
200,0.5,1.0,15,1,0.026364,-3.444138,1.710690,3.567482,2.336276,1.270830e+01,5.442898e+00,0.033533,0.033809
200,0.5,1.0,15,1,0.034545,-3.334737,1.751316,2.988258,2.110083,8.977530e+00,4.436264e+00,0.032623,0.032850
200,0.5,1.0,15,1,0.042727,-3.140851,1.696809,2.588184,1.892332,6.905149e+00,3.575581e+00,0.032446,0.032714
200,0.5,1.0,15,1,0.059091,-3.054615,1.753231,2.117406,1.604393,4.789450e+00,2.565251e+00,0.032610,0.032763
200,0.5,1.0,15,1,0.050909,-3.174286,1.728571,2.416629,1.779150,6.018804e+00,3.156685e+00,0.033129,0.033546
200,0.5,1.0,15,1,0.067273,-3.002703,1.739189,2.030053,1.491403,4.490400e+00,2.218133e+00,0.032340,0.032972
200,0.5,1.0,15,1,0.075455,-2.964699,1.713614,1.825199,1.395875,3.752448e+00,1.946755e+00,0.033201,0.033702
200,0.5,1.0,15,1,0.083636,-2.973587,1.701413,1.798905,1.400911,3.645897e+00,1.962833e+00,0.032148,0.032869
200,0.5,1.0,15,1,0.091818,-2.956931,1.737129,1.702567,1.371398,3.331861e+00,1.876177e+00,0.032413,0.033301
200,0.5,1.0,15,1,0.100000,-2.914000,1.747000,1.591930,1.328836,3.027928e+00,1.760730e+00,0.032838,0.033715
200,0.5,1.0,20,1,0.010000,-3.950000,1.900000,5.607878,4.196480,3.142886e+01,1.755175e+01,0.033289,0.033268
200,0.5,1.0,20,1,0.018182,-3.586000,1.771000,3.915922,3.037654,1.527454e+01,9.190859e+00,0.033596,0.033714
200,0.5,1.0,20,1,0.034545,-3.334737,1.751316,2.988258,2.110083,8.977565e+00,4.436266e+00,0.033337,0.033472
200,0.5,1.0,20,1,0.026364,-3.444138,1.710690,3.567482,2.336276,1.270833e+01,5.442903e+00,0.034097,0.034407
200,0.5,1.0,20,1,0.042727,-3.140851,1.696809,2.588184,1.892332,6.905207e+00,3.575586e+00,0.033662,0.033935
200,0.5,1.0,20,1,0.050909,-3.174286,1.728571,2.416629,1.779150,6.018858e+00,3.156689e+00,0.033611,0.034142
200,0.5,1.0,20,1,0.059091,-3.054615,1.753231,2.117406,1.604393,4.789519e+00,2.565253e+00,0.033504,0.033995
200,0.5,1.0,20,1,0.067273,-3.002703,1.739189,2.030053,1.491403,4.490475e+00,2.218136e+00,0.033225,0.033824
200,0.5,1.0,20,1,0.075455,-2.964699,1.713614,1.825199,1.395875,3.752527e+00,1.946759e+00,0.034453,0.034847
200,0.5,1.0,20,1,0.083636,-2.973587,1.701413,1.798905,1.400911,3.645976e+00,1.962838e+00,0.033209,0.033737
200,0.5,1.0,20,1,0.091818,-2.956931,1.737129,1.702567,1.371398,3.331941e+00,1.876180e+00,0.033953,0.034433
200,0.5,1.0,20,1,0.100000,-2.914000,1.747000,1.591930,1.328836,3.028013e+00,1.760732e+00,0.033961,0.035097
200,0.5,2.0,5,1,0.010000,-20.890000,5.800000,17.624568,10.162337,3.151823e+02,1.029073e+02,0.037076,0.037035
200,0.5,2.0,5,1,0.018182,-20.724000,5.769500,12.648603,7.646941,1.659736e+02,5.827679e+01,0.038588,0.038534
200,0.5,2.0,5,1,0.026364,-20.642069,5.799655,10.426454,6.775413,1.153311e+02,4.576976e+01,0.037042,0.037189
200,0.5,2.0,5,1,0.034545,-20.691579,5.751842,9.861250,5.529384,1.036497e+02,3.048047e+01,0.037161,0.037499
200,0.5,2.0,5,1,0.042727,-20.162766,5.642766,8.936886,4.712367,8.937933e+01,2.212121e+01,0.036835,0.037264
200,0.5,2.0,5,1,0.050909,-19.821607,5.702321,8.551590,4.453736,8.492379e+01,1.977078e+01,0.036261,0.036977
200,0.5,2.0,5,1,0.059091,-19.361692,5.735231,7.962180,4.112709,7.863872e+01,1.687005e+01,0.037607,0.038209
200,0.5,2.0,5,1,0.067273,-19.055270,5.736351,7.611823,3.814717,7.571044e+01,1.451754e+01,0.036728,0.037738
200,0.5,2.0,5,1,0.075455,-18.776867,5.739880,7.214474,3.564697,7.228278e+01,1.268102e+01,0.036837,0.037724
200,0.5,2.0,5,1,0.083636,-18.337717,5.918478,6.708087,3.306924,6.942470e+01,1.100490e+01,0.037154,0.038211
200,0.5,2.0,5,1,0.091818,-18.139109,5.856139,6.501512,3.227190,6.871668e+01,1.044799e+01,0.037459,0.038767
200,0.5,2.0,5,1,0.100000,-17.843000,5.828000,6.360497,3.154237,7.005318e+01,9.969700e+00,0.035701,0.037192
200,0.5,2.0,10,1,0.010000,-35.140000,9.110000,27.164906,16.624935,7.559824e+02,2.752829e+02,0.042809,0.042456
200,0.5,2.0,10,1,0.018182,-34.424500,9.317000,19.676911,12.296971,4.137041e+02,1.506561e+02,0.042733,0.042863
200,0.5,2.0,10,1,0.026364,-33.830690,9.171724,16.857216,10.583313,3.177460e+02,1.115631e+02,0.042490,0.042937
200,0.5,2.0,10,1,0.034545,-33.500789,9.297895,16.136364,9.116920,2.980541e+02,8.282348e+01,0.042188,0.043402
200,0.5,2.0,10,1,0.042727,-32.452340,9.132340,14.729530,7.942101,2.689508e+02,6.282549e+01,0.042661,0.043521
200,0.5,2.0,10,1,0.050909,-31.839107,9.332321,14.598092,7.505047,2.744044e+02,5.615271e+01,0.042620,0.044163
200,0.5,2.0,10,1,0.059091,-30.784769,9.456615,13.688927,6.949641,2.665255e+02,4.822889e+01,0.042277,0.043756
200,0.5,2.0,10,1,0.067273,-30.035946,9.552162,12.903393,6.441847,2.596666e+02,4.153255e+01,0.042702,0.044240
200,0.5,2.0,10,1,0.075455,-29.433614,9.573976,12.337173,6.100212,2.574643e+02,3.728492e+01,0.041635,0.043775
200,0.5,2.0,10,1,0.083636,-28.644239,9.939457,11.665926,5.873477,2.582839e+02,3.505828e+01,0.042127,0.044918
200,0.5,2.0,10,1,0.100000,-27.391000,9.802000,10.834061,5.632379,2.689806e+02,3.208446e+01,0.040202,0.043089
200,0.5,2.0,10,1,0.091818,-28.041287,9.859703,11.119300,5.759244,2.596019e+02,3.360780e+01,0.041386,0.044156
200,0.5,2.0,15,1,0.010000,-37.330000,9.410000,29.282691,17.203510,8.758542e+02,2.947925e+02,0.044546,0.044770
200,0.5,2.0,15,1,0.018182,-36.564000,9.487500,21.488857,12.930539,4.894731e+02,1.665323e+02,0.043366,0.043884
200,0.5,2.0,15,1,0.034545,-35.283947,9.506316,17.416438,9.694433,3.472233e+02,9.360692e+01,0.042950,0.044082
200,0.5,2.0,15,1,0.026364,-35.670345,9.342414,18.834739,11.002312,3.933919e+02,1.206037e+02,0.044837,0.045680
200,0.5,2.0,15,1,0.042727,-34.027447,9.359362,15.798217,8.470479,3.121456e+02,7.149283e+01,0.044010,0.045638
200,0.5,2.0,15,1,0.050909,-33.355536,9.558214,15.558188,7.994377,3.158144e+02,6.365497e+01,0.043612,0.044870
200,0.5,2.0,15,1,0.059091,-32.209692,9.712154,14.637720,7.515833,3.092543e+02,5.629322e+01,0.042382,0.044354
200,0.5,2.0,15,1,0.067273,-31.407973,9.917838,13.799272,7.123400,3.018476e+02,5.068652e+01,0.042396,0.045462
200,0.5,2.0,15,1,0.075455,-30.764217,9.950361,13.329229,6.718930,3.031987e+02,4.513608e+01,0.042638,0.045793
200,0.5,2.0,15,1,0.083636,-29.910435,10.308913,12.560734,6.476582,3.032966e+02,4.237748e+01,0.042287,0.045115
200,0.5,2.0,15,1,0.091818,-29.258911,10.244158,11.951735,6.328813,3.046059e+02,4.039676e+01,0.042066,0.045383
200,0.5,2.0,15,1,0.100000,-28.535000,10.197000,11.590227,6.198356,3.151001e+02,3.870436e+01,0.041085,0.044538
200,0.5,2.0,20,1,0.010000,-37.400000,9.580000,29.146838,17.621455,8.686256e+02,3.092740e+02,0.044622,0.044831
200,0.5,2.0,20,1,0.018182,-36.690500,9.564500,21.526570,13.507236,4.912574e+02,1.817157e+02,0.043863,0.044353
200,0.5,2.0,20,1,0.026364,-35.768966,9.380345,18.884455,11.314078,3.958105e+02,1.275283e+02,0.043571,0.044430
200,0.5,2.0,20,1,0.034545,-35.382368,9.538158,17.458291,9.901746,3.492640e+02,9.765285e+01,0.044402,0.045651
200,0.5,2.0,20,1,0.042727,-34.107021,9.396809,15.838580,8.621476,3.144165e+02,7.405891e+01,0.043220,0.044764
200,0.5,2.0,20,1,0.050909,-33.449821,9.585714,15.594315,8.121193,3.177622e+02,6.569066e+01,0.042980,0.044755
200,0.5,2.0,20,1,0.059091,-32.304462,9.768000,14.662516,7.728947,3.109046e+02,5.954126e+01,0.044156,0.046174
200,0.5,2.0,20,1,0.067273,-31.509054,9.965405,13.816812,7.313712,3.031981e+02,5.344140e+01,0.044001,0.046808
200,0.5,2.0,20,1,0.075455,-30.854337,9.986145,13.344198,6.882180,3.047644e+02,4.735720e+01,0.042786,0.045347
200,0.5,2.0,20,1,0.100000,-28.605000,10.253000,11.595540,6.362915,3.171664e+02,4.080606e+01,0.041886,0.045695
200,0.5,2.0,20,1,0.083636,-29.991739,10.342391,12.570569,6.607062,3.050136e+02,4.409200e+01,0.043113,0.045893
200,0.5,2.0,20,1,0.091818,-29.332970,10.300792,11.962553,6.507189,3.065990e+02,4.272405e+01,0.043391,0.046723
200,0.5,4.0,5,1,0.010000,-168.900000,14.190000,63.765619,14.299890,4.063919e+03,2.106763e+02,0.047122,0.046634
200,0.5,4.0,5,1,0.018182,-163.603000,15.152500,47.948833,10.724200,2.292260e+03,1.173865e+02,0.047177,0.047197
200,0.5,4.0,5,1,0.026364,-160.376207,15.271034,40.200291,9.850244,1.632304e+03,9.909195e+01,0.047792,0.047182
200,0.5,4.0,5,1,0.042727,-155.172553,16.074043,33.269991,9.155008,1.201838e+03,8.406126e+01,0.046510,0.046709
200,0.5,4.0,5,1,0.050909,-152.310714,16.537321,30.989369,8.641990,1.121121e+03,7.447515e+01,0.046089,0.046656
200,0.5,4.0,5,1,0.034545,-158.162632,15.443421,36.579865,8.596834,1.381434e+03,7.555244e+01,0.048372,0.048686
200,0.5,4.0,5,1,0.059091,-149.836923,16.378154,29.791804,7.810144,1.118222e+03,6.096505e+01,0.046038,0.046638
200,0.5,4.0,5,1,0.067273,-146.582432,16.397432,28.473377,7.668201,1.151918e+03,5.875946e+01,0.046766,0.047725
200,0.5,4.0,5,1,0.075455,-144.076145,16.726627,27.533752,7.659244,1.198811e+03,5.844159e+01,0.045724,0.046648
200,0.5,4.0,5,1,0.083636,-141.540109,16.795326,26.515330,7.386742,1.257262e+03,5.434745e+01,0.045614,0.046612
200,0.5,4.0,5,1,0.091818,-139.097723,16.746139,25.694895,7.071686,1.335849e+03,4.981699e+01,0.045784,0.046902
200,0.5,4.0,5,1,0.100000,-136.637000,16.759000,25.553737,6.834582,1.462870e+03,4.653078e+01,0.046215,0.047377
200,0.5,4.0,10,1,0.010000,-236.870000,15.120000,109.153038,29.486666,1.190693e+04,8.798183e+02,0.065765,0.065905
200,0.5,4.0,10,1,0.018182,-231.500500,16.775000,84.027438,27.044240,7.033310e+03,7.327264e+02,0.065650,0.066159
200,0.5,4.0,10,1,0.034545,-230.554211,17.490000,63.725295,20.682877,4.044670e+03,4.278907e+02,0.064031,0.064611
200,0.5,4.0,10,1,0.026364,-230.138966,17.607586,71.539246,24.202016,5.097545e+03,5.849115e+02,0.065575,0.065654
200,0.5,4.0,10,1,0.042727,-227.103191,18.533830,55.775205,19.473284,3.110171e+03,3.777852e+02,0.065166,0.066017
200,0.5,4.0,10,1,0.050909,-224.460893,19.711607,52.767122,18.212583,2.810062e+03,3.311324e+02,0.064002,0.065200
200,0.5,4.0,10,1,0.059091,-221.575538,18.918308,48.994726,16.534770,2.471058e+03,2.723113e+02,0.064372,0.065851
200,0.5,4.0,10,1,0.067273,-217.180135,18.689595,46.096416,15.126754,2.294590e+03,2.279258e+02,0.064835,0.065932
200,0.5,4.0,10,1,0.075455,-214.448313,19.218193,43.929374,15.160146,2.180681e+03,2.290543e+02,0.063134,0.065044
200,0.5,4.0,10,1,0.091818,-210.265545,19.283762,39.275357,13.920415,1.947018e+03,1.932005e+02,0.061913,0.064445
200,0.5,4.0,10,1,0.083636,-212.341848,19.333696,41.284264,14.424804,2.028370e+03,2.074872e+02,0.062921,0.064932
200,0.5,4.0,10,1,0.100000,-207.396000,19.149000,38.949215,13.317299,2.046140e+03,1.767370e+02,0.062396,0.065358
200,0.5,4.0,15,1,0.010000,-237.300000,13.740000,116.589805,31.525989,1.357762e+04,1.011261e+03,0.073557,0.073452
200,0.5,4.0,15,1,0.034545,-231.454474,16.714211,69.584244,21.891598,4.822747e+03,4.800352e+02,0.073563,0.074040
200,0.5,4.0,15,1,0.018182,-232.221000,15.636500,91.637182,29.346756,8.365109e+03,8.652072e+02,0.075025,0.074389
200,0.5,4.0,15,1,0.042727,-228.624468,17.745106,61.791278,20.223422,3.808869e+03,4.077295e+02,0.074205,0.075605
200,0.5,4.0,15,1,0.059091,-223.531846,18.408923,52.280798,17.486600,2.779171e+03,3.045604e+02,0.073657,0.074164
200,0.5,4.0,15,1,0.050909,-226.236607,19.171429,57.012214,18.968881,3.260751e+03,3.590368e+02,0.075015,0.076346
200,0.5,4.0,15,1,0.026364,-230.692759,16.780690,76.906832,25.876189,5.891144e+03,6.693945e+02,0.078671,0.078115
200,0.5,4.0,15,1,0.075455,-216.762289,18.676145,47.014484,15.974315,2.406227e+03,2.542577e+02,0.073538,0.077029
200,0.5,4.0,15,1,0.067273,-219.130405,18.117297,49.510511,15.713903,2.584036e+03,2.459982e+02,0.075917,0.077324
200,0.5,4.0,15,1,0.083636,-214.684130,18.703587,43.648902,15.044783,2.166098e+03,2.255579e+02,0.071993,0.074750
200,0.5,4.0,15,1,0.091818,-213.036238,18.633564,41.130470,14.568704,2.010161e+03,2.114727e+02,0.072374,0.076877
200,0.5,4.0,15,1,0.100000,-210.332000,18.602000,40.634066,14.034134,2.074582e+03,1.962274e+02,0.076235,0.080682
200,0.5,4.0,20,1,0.010000,-237.000000,13.510000,117.400090,31.782786,1.376270e+04,1.029297e+03,0.073398,0.073972
200,0.5,4.0,20,1,0.018182,-232.452000,15.493500,92.285257,29.222905,8.484385e+03,8.585841e+02,0.070933,0.071189
200,0.5,4.0,20,1,0.026364,-230.571379,16.792069,77.005697,26.027506,5.906416e+03,6.770736e+02,0.072600,0.072822
200,0.5,4.0,20,1,0.050909,-226.234643,19.171429,57.140429,18.961578,3.275445e+03,3.588184e+02,0.068768,0.070195
200,0.5,4.0,20,1,0.034545,-231.347368,16.746053,69.732842,22.026097,4.843290e+03,4.857039e+02,0.070553,0.071371
200,0.5,4.0,20,1,0.042727,-228.743830,17.749787,61.992265,20.234387,3.833126e+03,4.081245e+02,0.069871,0.071497
200,0.5,4.0,20,1,0.059091,-223.531846,18.403846,52.284950,17.499257,2.779754e+03,3.050052e+02,0.068499,0.071021
200,0.5,4.0,20,1,0.067273,-219.222568,18.077162,49.647117,15.692017,2.595573e+03,2.453162e+02,0.068642,0.070491
200,0.5,4.0,20,1,0.083636,-214.772609,18.690435,43.764778,15.037043,2.173621e+03,2.253412e+02,0.068982,0.071720
200,0.5,4.0,20,1,0.075455,-216.837831,18.661566,47.203498,15.987372,2.422093e+03,2.546864e+02,0.069789,0.072139
200,0.5,4.0,20,1,0.091818,-213.171287,18.639010,41.226182,14.618122,2.013517e+03,2.129329e+02,0.068476,0.071291
200,0.5,4.0,20,1,0.100000,-210.483000,18.618000,40.720339,14.039212,2.075745e+03,1.963965e+02,0.065809,0.069518
200,0.5,8.0,5,1,0.010000,-205.870000,6.340000,88.319133,30.544825,7.810230e+03,9.322967e+02,0.052180,0.051415
200,0.5,8.0,5,1,0.018182,-206.519500,5.786000,69.271264,21.481577,4.812563e+03,4.610289e+02,0.052677,0.052367
200,0.5,8.0,5,1,0.042727,-210.322340,4.641064,46.236863,11.751244,2.133151e+03,1.375414e+02,0.051689,0.051612
200,0.5,8.0,5,1,0.026364,-209.982414,5.147241,62.195077,15.884205,3.858060e+03,2.516028e+02,0.052630,0.052236
200,0.5,8.0,5,1,0.050909,-211.423929,4.698571,44.278506,11.224557,1.953486e+03,1.254973e+02,0.052015,0.051826
200,0.5,8.0,5,1,0.034545,-210.534211,4.819737,53.610814,13.418119,2.865691e+03,1.793759e+02,0.052228,0.052243
200,0.5,8.0,5,1,0.059091,-213.222308,4.899231,41.655691,10.788217,1.729133e+03,1.160122e+02,0.052428,0.051922
200,0.5,8.0,5,1,0.075455,-215.537711,4.763133,37.811590,9.416131,1.434573e+03,8.833686e+01,0.051929,0.051987
200,0.5,8.0,5,1,0.083636,-215.873804,4.541087,36.670379,8.586288,1.352212e+03,7.343243e+01,0.052038,0.052259
200,0.5,8.0,5,1,0.067273,-214.865676,4.893514,39.777073,10.125289,1.582543e+03,1.022000e+02,0.053762,0.053639
200,0.5,8.0,5,1,0.091818,-215.628317,4.401089,35.120517,8.026060,1.239690e+03,6.419788e+01,0.052204,0.052116
200,0.5,8.0,5,1,0.100000,-216.483000,4.523000,34.120857,8.339569,1.177193e+03,6.927552e+01,0.052406,0.052488
200,0.5,8.0,10,1,0.010000,-192.290000,4.150000,101.680809,31.617260,1.035789e+04,9.965852e+02,0.056726,0.056524
200,0.5,8.0,10,1,0.018182,-194.584500,4.587000,89.299844,24.803901,7.972466e+03,6.147403e+02,0.056388,0.055470
200,0.5,8.0,10,1,0.034545,-196.335526,3.557632,64.123644,15.639905,4.109212e+03,2.437676e+02,0.056218,0.055556
200,0.5,8.0,10,1,0.042727,-196.642553,3.388936,53.635428,13.578794,2.876882e+03,1.836880e+02,0.056408,0.055479
200,0.5,8.0,10,1,0.026364,-195.056552,4.252069,74.803122,19.572049,5.598087e+03,3.826731e+02,0.056738,0.056346
200,0.5,8.0,10,1,0.050909,-197.823214,3.445357,48.569500,13.225100,2.354531e+03,1.742718e+02,0.057549,0.056003
200,0.5,8.0,10,1,0.059091,-200.022308,3.646923,46.723488,12.415707,2.174353e+03,1.537472e+02,0.056412,0.055796
200,0.5,8.0,10,1,0.075455,-201.494819,3.537229,42.891917,10.631120,1.834437e+03,1.126932e+02,0.056509,0.055682
200,0.5,8.0,10,1,0.067273,-201.625541,3.664189,44.912423,11.531028,2.011531e+03,1.326631e+02,0.057722,0.056589
200,0.5,8.0,10,1,0.091818,-201.367525,3.344653,38.100083,9.485107,1.447538e+03,8.963311e+01,0.056875,0.055545
200,0.5,8.0,10,1,0.083636,-201.449457,3.429130,40.229144,10.165591,1.613861e+03,1.029858e+02,0.058066,0.057337
200,0.5,8.0,10,1,0.100000,-201.198000,3.252000,36.269598,8.873271,1.311533e+03,7.842459e+01,0.057715,0.056400
200,0.5,8.0,15,1,0.010000,-192.140000,4.150000,101.502866,31.617260,1.032251e+04,9.965997e+02,0.056599,0.056327
200,0.5,8.0,15,1,0.018182,-194.067500,4.587000,88.299069,24.803901,7.800059e+03,6.147613e+02,0.057427,0.057139
200,0.5,8.0,15,1,0.026364,-194.487586,4.252069,73.954816,19.572049,5.477198e+03,3.826891e+02,0.056665,0.056084
200,0.5,8.0,15,1,0.034545,-195.993947,3.557632,63.722504,15.639905,4.059909e+03,2.437733e+02,0.056669,0.056347
200,0.5,8.0,15,1,0.050909,-197.497143,3.411964,48.377083,13.223211,2.336962e+03,1.742092e+02,0.057139,0.056277
200,0.5,8.0,15,1,0.042727,-196.300851,3.349149,53.357063,13.574073,2.848853e+03,1.835482e+02,0.058827,0.058284
200,0.5,8.0,15,1,0.059091,-199.885231,3.618154,46.788055,12.415791,2.180369e+03,1.537301e+02,0.059040,0.057922
200,0.5,8.0,15,1,0.067273,-201.363919,3.637432,44.850955,11.532559,2.005581e+03,1.326801e+02,0.057286,0.056237
200,0.5,8.0,15,1,0.083636,-200.955652,3.407609,40.356045,10.167738,1.623122e+03,1.030227e+02,0.057105,0.055910
200,0.5,8.0,15,1,0.091818,-200.910099,3.322871,38.282860,9.486578,1.460651e+03,8.965654e+01,0.058225,0.057278
200,0.5,8.0,15,1,0.075455,-201.072048,3.513373,42.922076,10.633049,1.836210e+03,1.127228e+02,0.059222,0.058164
200,0.5,8.0,15,1,0.100000,-200.684000,3.232000,36.445449,8.875063,1.323507e+03,7.845473e+01,0.057219,0.056350
200,0.5,8.0,20,1,0.010000,-192.140000,4.150000,101.502866,31.617260,1.032249e+04,9.965998e+02,0.057021,0.056564
200,0.5,8.0,20,1,0.018182,-194.067500,4.587000,88.299069,24.803901,7.800045e+03,6.147615e+02,0.058259,0.057551
200,0.5,8.0,20,1,0.026364,-194.487586,4.252069,73.954816,19.572049,5.477185e+03,3.826893e+02,0.057561,0.057148
200,0.5,8.0,20,1,0.034545,-195.993947,3.557632,63.722504,15.639905,4.059900e+03,2.437733e+02,0.058118,0.057333
200,0.5,8.0,20,1,0.042727,-196.300851,3.349149,53.357063,13.574073,2.848844e+03,1.835482e+02,0.059964,0.058307
200,0.5,8.0,20,1,0.059091,-199.885231,3.618154,46.788055,12.415791,2.180369e+03,1.537302e+02,0.057946,0.057106
200,0.5,8.0,20,1,0.050909,-197.497143,3.411964,48.377083,13.223211,2.336957e+03,1.742092e+02,0.059096,0.058409
200,0.5,8.0,20,1,0.067273,-201.363919,3.637432,44.850955,11.532559,2.005584e+03,1.326802e+02,0.057997,0.057124
200,0.5,8.0,20,1,0.075455,-201.072048,3.513373,42.922076,10.633049,1.836213e+03,1.127228e+02,0.059787,0.058670
200,0.5,8.0,20,1,0.091818,-200.906832,3.322871,38.280022,9.486578,1.460430e+03,8.965656e+01,0.058091,0.056736
200,0.5,8.0,20,1,0.083636,-200.952065,3.407609,40.352465,10.167738,1.622829e+03,1.030227e+02,0.059820,0.058815
200,0.5,8.0,20,1,0.100000,-200.669000,3.232000,36.447019,8.875063,1.323601e+03,7.845473e+01,0.059704,0.058132
200,0.5,16.0,5,1,0.010000,-201.190000,0.580000,76.591933,6.640027,5.845096e+03,4.396992e+01,0.049699,0.049276
200,0.5,16.0,5,1,0.018182,-200.799500,0.825000,55.008053,8.697137,3.015004e+03,7.533768e+01,0.049752,0.049279
200,0.5,16.0,5,1,0.034545,-199.406842,0.726579,40.911345,6.421118,1.667126e+03,4.107406e+01,0.049610,0.049139
200,0.5,16.0,5,1,0.026364,-196.960690,0.948276,41.479257,8.414094,1.721120e+03,7.053095e+01,0.050712,0.050001
200,0.5,16.0,5,1,0.050909,-201.635893,0.722857,36.756561,5.653496,1.349410e+03,3.184309e+01,0.049630,0.049039
200,0.5,16.0,5,1,0.059091,-201.545385,0.624462,34.925265,4.870561,1.218321e+03,2.366466e+01,0.049672,0.049386
200,0.5,16.0,5,1,0.042727,-200.342766,0.587447,39.111453,5.191542,1.524007e+03,2.689714e+01,0.050628,0.050306
200,0.5,16.0,5,1,0.067273,-201.601757,0.551486,32.566440,4.277941,1.059969e+03,1.829824e+01,0.050242,0.049511
200,0.5,16.0,5,1,0.083636,-201.490109,0.557174,28.593705,3.845882,8.175542e+02,1.479931e+01,0.049674,0.049281
200,0.5,16.0,5,1,0.075455,-201.665783,0.616265,30.240270,4.263046,9.147025e+02,1.814128e+01,0.051353,0.051096
200,0.5,16.0,5,1,0.091818,-201.765050,0.508614,27.092016,3.503063,7.353291e+02,1.231766e+01,0.050930,0.050367
200,0.5,16.0,5,1,0.100000,-201.639000,0.654000,25.723798,3.794056,6.628485e+02,1.436395e+01,0.050064,0.049514
200,0.5,16.0,10,1,0.010000,-196.800000,0.910000,74.936787,14.388363,5.598049e+03,2.062132e+02,0.051112,0.050984
200,0.5,16.0,10,1,0.018182,-198.093500,1.001000,54.553372,11.169025,2.965050e+03,1.242960e+02,0.050956,0.050510
200,0.5,16.0,10,1,0.034545,-197.458684,0.816316,41.477307,7.401490,1.715966e+03,5.456408e+01,0.050640,0.050004
200,0.5,16.0,10,1,0.026364,-194.438276,1.069655,41.825995,9.698504,1.763532e+03,9.376733e+01,0.051479,0.051174
200,0.5,16.0,10,1,0.050909,-199.913214,0.783750,36.808929,6.178490,1.350252e+03,3.802105e+01,0.050748,0.050136
200,0.5,16.0,10,1,0.042727,-198.397872,0.660000,38.388347,5.984183,1.468175e+03,3.568215e+01,0.051290,0.050971
200,0.5,16.0,10,1,0.059091,-200.171231,0.675231,34.739339,5.323007,1.203289e+03,2.823252e+01,0.051145,0.050559
200,0.5,16.0,10,1,0.067273,-200.202973,0.594595,32.479527,4.675484,1.052068e+03,2.180793e+01,0.050862,0.050601
200,0.5,16.0,10,1,0.075455,-200.523373,0.652048,30.179054,4.578561,9.093518e+02,2.089632e+01,0.051329,0.051498
200,0.5,16.0,10,1,0.083636,-200.442717,0.588261,28.752762,4.130658,8.254003e+02,1.703173e+01,0.052250,0.051254
200,0.5,16.0,10,1,0.091818,-200.748911,0.535842,27.115530,3.762580,7.352536e+02,1.416110e+01,0.052822,0.051492
200,0.5,16.0,10,1,0.100000,-200.702000,0.676000,25.543867,3.997241,6.526630e+02,1.592532e+01,0.050990,0.050182
200,0.5,16.0,15,1,0.010000,-196.800000,0.910000,74.936787,14.388363,5.598048e+03,2.062132e+02,0.051818,0.051428
200,0.5,16.0,15,1,0.026364,-194.438276,1.069655,41.825995,9.698504,1.763531e+03,9.376733e+01,0.051507,0.050956
200,0.5,16.0,15,1,0.018182,-198.093500,1.001000,54.553372,11.169025,2.965049e+03,1.242960e+02,0.051766,0.052359
200,0.5,16.0,15,1,0.034545,-197.458684,0.816316,41.477307,7.401490,1.715965e+03,5.456408e+01,0.051492,0.051401
200,0.5,16.0,15,1,0.042727,-198.397872,0.660000,38.388347,5.984183,1.468174e+03,3.568215e+01,0.051574,0.050867
200,0.5,16.0,15,1,0.050909,-199.913214,0.783750,36.808929,6.178490,1.350252e+03,3.802105e+01,0.051707,0.051476
200,0.5,16.0,15,1,0.059091,-200.171231,0.675231,34.739339,5.323007,1.203289e+03,2.823252e+01,0.053507,0.052949
200,0.5,16.0,15,1,0.067273,-200.202973,0.594595,32.479527,4.675484,1.052068e+03,2.180792e+01,0.052060,0.051613
200,0.5,16.0,15,1,0.075455,-200.523373,0.652048,30.179054,4.578561,9.093522e+02,2.089632e+01,0.051729,0.050979
200,0.5,16.0,15,1,0.083636,-200.442717,0.588261,28.752762,4.130658,8.254006e+02,1.703172e+01,0.052525,0.052160
200,0.5,16.0,15,1,0.100000,-200.702000,0.676000,25.543867,3.997241,6.526634e+02,1.592531e+01,0.052165,0.051082
200,0.5,16.0,15,1,0.091818,-200.748911,0.535842,27.115530,3.762580,7.352539e+02,1.416110e+01,0.053725,0.052825
200,0.5,16.0,20,1,0.010000,-196.800000,0.910000,74.936787,14.388363,5.598048e+03,2.062132e+02,0.052094,0.051765
200,0.5,16.0,20,1,0.018182,-198.093500,1.001000,54.553372,11.169025,2.965049e+03,1.242960e+02,0.052368,0.052014
200,0.5,16.0,20,1,0.034545,-197.458684,0.816316,41.477307,7.401490,1.715965e+03,5.456408e+01,0.052076,0.051564
200,0.5,16.0,20,1,0.026364,-194.438276,1.069655,41.825995,9.698504,1.763531e+03,9.376733e+01,0.053696,0.053622
200,0.5,16.0,20,1,0.042727,-198.397872,0.660000,38.388347,5.984183,1.468174e+03,3.568215e+01,0.051988,0.051699
200,0.5,16.0,20,1,0.050909,-199.913214,0.783750,36.808929,6.178490,1.350252e+03,3.802105e+01,0.052393,0.052363
200,0.5,16.0,20,1,0.059091,-200.171231,0.675231,34.739339,5.323007,1.203289e+03,2.823252e+01,0.054446,0.053431
200,0.5,16.0,20,1,0.067273,-200.202973,0.594595,32.479527,4.675484,1.052068e+03,2.180792e+01,0.052583,0.052270
200,0.5,16.0,20,1,0.075455,-200.523373,0.652048,30.179054,4.578561,9.093522e+02,2.089632e+01,0.052716,0.052221
200,0.5,16.0,20,1,0.083636,-200.442717,0.588261,28.752762,4.130658,8.254006e+02,1.703172e+01,0.053891,0.053302
200,0.5,16.0,20,1,0.091818,-200.748911,0.535842,27.115530,3.762580,7.352539e+02,1.416110e+01,0.053298,0.052372
200,0.8,1.0,5,1,0.010000,-1.720000,0.340000,2.876578,1.043434,8.276707e+00,1.085575e+00,0.027277,0.027236
200,0.5,16.0,20,1,0.100000,-200.702000,0.676000,25.543867,3.997241,6.526634e+02,1.592531e+01,0.053357,0.053196
200,0.8,1.0,5,1,0.018182,-1.584000,0.319000,1.975965,0.791673,3.891458e+00,6.244152e-01,0.027280,0.027116
200,0.8,1.0,5,1,0.026364,-1.505862,0.348966,1.546853,0.711414,2.383899e+00,5.059547e-01,0.027168,0.027407
200,0.8,1.0,5,1,0.034545,-1.456053,0.335789,1.307631,0.591199,1.708922e+00,3.490217e-01,0.027444,0.027522
200,0.8,1.0,5,1,0.042727,-1.394894,0.325319,1.089368,0.508026,1.200948e+00,2.574417e-01,0.027688,0.028135
200,0.8,1.0,5,1,0.050909,-1.422143,0.312321,1.031816,0.437766,1.072594e+00,1.909156e-01,0.026987,0.027242
200,0.8,1.0,5,1,0.059091,-1.387692,0.306308,0.972038,0.390340,9.620865e-01,1.517558e-01,0.027645,0.027535
200,0.8,1.0,5,1,0.067273,-1.370541,0.309189,0.888597,0.389079,8.127203e-01,1.507891e-01,0.027290,0.027642
200,0.8,1.0,5,1,0.075455,-1.357108,0.307470,0.845029,0.356764,7.420261e-01,1.267746e-01,0.026867,0.027346
200,0.8,1.0,5,1,0.091818,-1.333069,0.303861,0.765715,0.330842,6.237990e-01,1.090221e-01,0.026715,0.027236
200,0.8,1.0,5,1,0.083636,-1.342717,0.297717,0.826239,0.330820,7.160074e-01,1.090685e-01,0.027418,0.027888
200,0.8,1.0,5,1,0.100000,-1.318000,0.305000,0.708792,0.318009,5.464425e-01,1.007255e-01,0.027157,0.027817
200,0.8,1.0,10,1,0.010000,-1.720000,0.340000,2.876578,1.043434,8.276028e+00,1.085551e+00,0.027867,0.028137
200,0.8,1.0,10,1,0.018182,-1.584000,0.319000,1.975965,0.791673,3.891274e+00,6.244059e-01,0.028182,0.028183
200,0.8,1.0,10,1,0.026364,-1.505862,0.348966,1.546853,0.711414,2.383999e+00,5.059243e-01,0.027912,0.027952
200,0.8,1.0,10,1,0.034545,-1.456053,0.335789,1.307631,0.591199,1.709205e+00,3.490007e-01,0.028102,0.028152
200,0.8,1.0,10,1,0.042727,-1.394894,0.325319,1.089368,0.508026,1.201453e+00,2.574280e-01,0.027995,0.027875
200,0.8,1.0,10,1,0.050909,-1.422143,0.312321,1.031816,0.437766,1.072999e+00,1.909111e-01,0.027857,0.028037
200,0.8,1.0,10,1,0.059091,-1.387692,0.306308,0.972038,0.390340,9.626179e-01,1.517555e-01,0.028423,0.028480
200,0.8,1.0,10,1,0.067273,-1.370541,0.310676,0.888597,0.392861,8.133142e-01,1.537437e-01,0.028824,0.028650
200,0.8,1.0,10,1,0.075455,-1.357108,0.308795,0.845029,0.359926,7.426689e-01,1.290360e-01,0.027643,0.027981
200,0.8,1.0,10,1,0.091818,-1.333069,0.304950,0.765715,0.332979,6.245294e-01,1.104326e-01,0.027606,0.028044
200,0.8,1.0,10,1,0.083636,-1.342717,0.298913,0.826239,0.333523,7.167026e-01,1.108441e-01,0.027889,0.028230
200,0.8,1.0,10,1,0.100000,-1.318000,0.306000,0.708792,0.319802,5.472278e-01,1.018640e-01,0.028482,0.029072
200,0.8,1.0,15,1,0.010000,-1.720000,0.340000,2.876578,1.043434,8.276028e+00,1.085551e+00,0.028759,0.028740
200,0.8,1.0,15,1,0.018182,-1.584000,0.319000,1.975965,0.791673,3.891274e+00,6.244059e-01,0.028650,0.028672
200,0.8,1.0,15,1,0.026364,-1.505862,0.348966,1.546853,0.711414,2.383999e+00,5.059243e-01,0.029011,0.029065
200,0.8,1.0,15,1,0.034545,-1.456053,0.335789,1.307631,0.591199,1.709205e+00,3.490006e-01,0.028829,0.028990
200,0.8,1.0,15,1,0.042727,-1.394894,0.325319,1.089368,0.508026,1.201454e+00,2.574280e-01,0.028649,0.028794
200,0.8,1.0,15,1,0.050909,-1.422143,0.312321,1.031816,0.437766,1.073000e+00,1.909111e-01,0.028634,0.028878
200,0.8,1.0,15,1,0.059091,-1.387692,0.306308,0.972038,0.390340,9.626180e-01,1.517555e-01,0.029491,0.029487
200,0.8,1.0,15,1,0.067273,-1.370541,0.310676,0.888597,0.392861,8.133143e-01,1.537437e-01,0.029487,0.029667
200,0.8,1.0,15,1,0.075455,-1.357108,0.308795,0.845029,0.359926,7.426691e-01,1.290360e-01,0.028586,0.028935
200,0.8,1.0,15,1,0.083636,-1.342717,0.298913,0.826239,0.333523,7.167028e-01,1.108441e-01,0.028449,0.028780
200,0.8,1.0,15,1,0.091818,-1.333069,0.304950,0.765715,0.332979,6.245296e-01,1.104326e-01,0.028373,0.028811
200,0.8,1.0,15,1,0.100000,-1.318000,0.306000,0.708792,0.319802,5.472280e-01,1.018640e-01,0.029455,0.029971
200,0.8,1.0,20,1,0.010000,-1.720000,0.340000,2.876578,1.043434,8.276028e+00,1.085551e+00,0.029662,0.029632
200,0.8,1.0,20,1,0.018182,-1.584000,0.319000,1.975965,0.791673,3.891274e+00,6.244059e-01,0.029646,0.029841
200,0.8,1.0,20,1,0.026364,-1.505862,0.348966,1.546853,0.711414,2.383999e+00,5.059243e-01,0.029733,0.029773
200,0.8,1.0,20,1,0.034545,-1.456053,0.335789,1.307631,0.591199,1.709205e+00,3.490006e-01,0.030026,0.029906
200,0.8,1.0,20,1,0.042727,-1.394894,0.325319,1.089368,0.508026,1.201454e+00,2.574280e-01,0.029692,0.030033
200,0.8,1.0,20,1,0.050909,-1.422143,0.312321,1.031816,0.437766,1.073000e+00,1.909111e-01,0.029833,0.029970
200,0.8,1.0,20,1,0.059091,-1.387692,0.306308,0.972038,0.390340,9.626180e-01,1.517555e-01,0.030145,0.030682
200,0.8,1.0,20,1,0.075455,-1.357108,0.308795,0.845029,0.359926,7.426691e-01,1.290360e-01,0.029674,0.030017
200,0.8,1.0,20,1,0.067273,-1.370541,0.310676,0.888597,0.392861,8.133143e-01,1.537437e-01,0.030456,0.030350
200,0.8,1.0,20,1,0.091818,-1.333069,0.304950,0.765715,0.332979,6.245296e-01,1.104326e-01,0.029973,0.029976
200,0.8,1.0,20,1,0.083636,-1.342717,0.298913,0.826239,0.333523,7.167028e-01,1.108441e-01,0.030079,0.030541
200,0.8,1.0,20,1,0.100000,-1.318000,0.306000,0.708792,0.319802,5.472280e-01,1.018640e-01,0.029798,0.030296
200,0.8,2.0,5,1,0.010000,-4.800000,0.350000,5.796066,1.075699,3.349899e+01,1.173066e+00,0.029701,0.029682
200,0.8,2.0,5,1,0.018182,-4.570500,0.484000,3.999541,1.063729,1.611463e+01,1.127082e+00,0.029117,0.029472
200,0.8,2.0,5,1,0.026364,-4.532759,0.493103,3.326926,0.888099,1.124010e+01,7.855649e-01,0.029142,0.029466
200,0.8,2.0,5,1,0.034545,-4.423158,0.523947,2.798260,0.910276,8.128747e+00,8.262214e-01,0.029373,0.029643
200,0.8,2.0,5,1,0.042727,-4.514681,0.575745,2.499187,0.819062,6.454016e+00,6.749580e-01,0.028891,0.029384
200,0.8,2.0,5,1,0.050909,-4.352857,0.548036,2.269736,0.734887,5.546594e+00,5.408825e-01,0.029234,0.029878
200,0.8,2.0,5,1,0.067273,-4.180000,0.548514,1.981976,0.647686,4.580739e+00,4.208557e-01,0.028874,0.029651
200,0.8,2.0,5,1,0.059091,-4.268000,0.538154,2.071616,0.675894,4.806521e+00,4.570081e-01,0.030115,0.030943
200,0.8,2.0,5,1,0.075455,-4.073976,0.561928,1.854644,0.621769,4.278749e+00,3.897452e-01,0.029652,0.030640
200,0.8,2.0,5,1,0.083636,-4.001848,0.542826,1.749253,0.577535,4.038868e+00,3.346547e-01,0.028385,0.029311
200,0.8,2.0,5,1,0.091818,-3.917525,0.521683,1.607702,0.527117,3.740605e+00,2.775409e-01,0.028978,0.029432
200,0.8,2.0,5,1,0.100000,-3.871000,0.516000,1.543905,0.520411,3.642997e+00,2.702544e-01,0.028769,0.029735
200,0.8,2.0,10,1,0.010000,-4.840000,0.350000,5.831847,1.075699,3.394850e+01,1.176221e+00,0.030398,0.030299
200,0.8,2.0,10,1,0.018182,-4.653000,0.484000,4.228740,1.063729,1.802159e+01,1.127395e+00,0.030095,0.030231
200,0.8,2.0,10,1,0.026364,-4.604828,0.496897,3.477608,0.896106,1.230282e+01,7.998449e-01,0.030601,0.030489
200,0.8,2.0,10,1,0.034545,-4.486842,0.526842,2.912845,0.914366,8.841808e+00,8.332424e-01,0.029891,0.030275
200,0.8,2.0,10,1,0.042727,-4.573191,0.578085,2.595980,0.821599,7.002691e+00,6.778113e-01,0.029809,0.030648
200,0.8,2.0,10,1,0.050909,-4.401964,0.559821,2.353795,0.758534,6.022635e+00,5.761858e-01,0.029802,0.030286
200,0.8,2.0,10,1,0.059091,-4.310308,0.546615,2.139571,0.692796,5.202497e+00,4.798607e-01,0.029816,0.030493
200,0.8,2.0,10,1,0.067273,-4.217162,0.560405,2.046966,0.680315,4.974414e+00,4.641575e-01,0.030829,0.031637
200,0.8,2.0,10,1,0.075455,-4.107108,0.573855,1.909886,0.647523,4.643294e+00,4.224865e-01,0.030131,0.031165
200,0.8,2.0,10,1,0.083636,-4.036522,0.558370,1.802509,0.614007,4.393139e+00,3.784503e-01,0.029886,0.030648
200,0.8,2.0,10,1,0.091818,-3.949109,0.536931,1.653814,0.560399,4.076956e+00,3.138745e-01,0.030284,0.030963
200,0.8,2.0,10,1,0.100000,-3.900000,0.530000,1.589688,0.549827,3.986445e+00,3.017752e-01,0.029906,0.031150
200,0.8,2.0,15,1,0.010000,-4.840000,0.350000,5.831847,1.075699,3.394877e+01,1.176234e+00,0.031208,0.031099
200,0.8,2.0,15,1,0.018182,-4.653000,0.484000,4.228740,1.063729,1.802206e+01,1.127396e+00,0.030941,0.031132
200,0.8,2.0,15,1,0.026364,-4.604828,0.496897,3.477608,0.896106,1.230334e+01,7.998455e-01,0.031139,0.031537
200,0.8,2.0,15,1,0.034545,-4.486842,0.526842,2.912845,0.914366,8.842447e+00,8.332404e-01,0.030831,0.031273
200,0.8,2.0,15,1,0.042727,-4.573191,0.578085,2.595980,0.821599,7.003241e+00,6.778048e-01,0.030812,0.031417
200,0.8,2.0,15,1,0.050909,-4.401964,0.559821,2.353795,0.758534,6.023360e+00,5.761809e-01,0.030673,0.031336
200,0.8,2.0,15,1,0.059091,-4.310308,0.546615,2.139571,0.692796,5.203316e+00,4.798569e-01,0.030818,0.031397
200,0.8,2.0,15,1,0.075455,-4.107108,0.573855,1.909886,0.647523,4.644321e+00,4.224804e-01,0.031294,0.031964
200,0.8,2.0,15,1,0.067273,-4.217162,0.560405,2.046966,0.680315,4.975328e+00,4.641525e-01,0.031693,0.032593
200,0.8,2.0,15,1,0.083636,-4.036522,0.558370,1.802509,0.614007,4.394238e+00,3.784455e-01,0.030315,0.031322
200,0.8,2.0,15,1,0.091818,-3.949109,0.536931,1.653814,0.560399,4.078144e+00,3.138716e-01,0.030219,0.031267
200,0.8,2.0,15,1,0.100000,-3.900000,0.530000,1.589688,0.549827,3.987683e+00,3.017729e-01,0.029823,0.031205
200,0.8,2.0,20,1,0.010000,-4.840000,0.350000,5.831847,1.075699,3.394878e+01,1.176235e+00,0.032098,0.032086
200,0.8,2.0,20,1,0.018182,-4.653000,0.484000,4.228740,1.063729,1.802206e+01,1.127396e+00,0.032639,0.033048
200,0.8,2.0,20,1,0.026364,-4.604828,0.496897,3.477608,0.896106,1.230334e+01,7.998455e-01,0.031889,0.032024
200,0.8,2.0,20,1,0.034545,-4.486842,0.526842,2.912845,0.914366,8.842448e+00,8.332404e-01,0.031963,0.032316
200,0.8,2.0,20,1,0.042727,-4.573191,0.578085,2.595980,0.821599,7.003242e+00,6.778048e-01,0.031871,0.032461
200,0.8,2.0,20,1,0.050909,-4.401964,0.559821,2.353795,0.758534,6.023362e+00,5.761809e-01,0.031725,0.032286
200,0.8,2.0,20,1,0.059091,-4.310308,0.546615,2.139571,0.692796,5.203317e+00,4.798569e-01,0.031620,0.032330
200,0.8,2.0,20,1,0.067273,-4.217162,0.560405,2.046966,0.680315,4.975330e+00,4.641525e-01,0.032187,0.033123
200,0.8,2.0,20,1,0.083636,-4.036522,0.558370,1.802509,0.614007,4.394240e+00,3.784455e-01,0.030918,0.032004
200,0.8,2.0,20,1,0.075455,-4.107108,0.573855,1.909886,0.647523,4.644323e+00,4.224803e-01,0.032689,0.033513
200,0.8,2.0,20,1,0.091818,-3.949109,0.536931,1.653814,0.560399,4.078146e+00,3.138716e-01,0.031253,0.032334
200,0.8,2.0,20,1,0.100000,-3.900000,0.530000,1.589688,0.549827,3.987686e+00,3.017729e-01,0.030817,0.031960
200,0.8,4.0,5,1,0.010000,-24.830000,0.840000,17.003015,2.513897,2.881296e+02,6.416043e+00,0.034269,0.034319
200,0.8,4.0,5,1,0.018182,-23.111000,0.852500,11.314670,1.866646,1.321208e+02,3.583511e+00,0.034491,0.034611
200,0.8,4.0,5,1,0.026364,-22.572759,0.974828,9.650255,1.897317,9.996728e+01,3.631186e+00,0.034114,0.034562
200,0.8,4.0,5,1,0.034545,-21.670000,0.995789,8.327038,1.602308,8.193844e+01,2.594365e+00,0.033681,0.034847
200,0.8,4.0,5,1,0.042727,-20.743191,1.078936,7.811040,1.567427,8.115492e+01,2.459063e+00,0.033206,0.034196
200,0.8,4.0,5,1,0.050909,-19.843214,1.151071,7.109247,1.575938,7.966288e+01,2.475069e+00,0.033352,0.034860
200,0.8,4.0,5,1,0.059091,-19.046923,1.211692,6.641490,1.567809,8.251473e+01,2.448718e+00,0.033988,0.035412
200,0.8,4.0,5,1,0.067273,-18.285270,1.144595,6.284365,1.384565,8.795906e+01,1.911303e+00,0.032590,0.034165
200,0.8,4.0,5,1,0.075455,-17.580120,1.147711,5.925294,1.288562,9.392383e+01,1.655436e+00,0.032682,0.034524
200,0.8,4.0,5,1,0.083636,-17.079891,1.236304,5.776235,1.344725,1.001186e+02,1.803312e+00,0.032562,0.034880
200,0.8,4.0,5,1,0.091818,-16.447723,1.247030,5.460406,1.286026,1.073239e+02,1.650641e+00,0.032669,0.034628
200,0.8,4.0,5,1,0.100000,-15.882000,1.228000,5.177383,1.221262,1.146139e+02,1.487055e+00,0.032179,0.034189
200,0.8,4.0,10,1,0.010000,-29.640000,1.040000,22.494319,3.608390,5.041536e+02,1.308439e+01,0.036178,0.036516
200,0.8,4.0,10,1,0.026364,-26.096552,1.153103,12.332477,2.237532,1.672542e+02,5.038264e+00,0.035293,0.036220
200,0.8,4.0,10,1,0.018182,-27.054500,1.006500,14.803756,2.397527,2.273559e+02,5.865072e+00,0.037021,0.037574
200,0.8,4.0,10,1,0.042727,-23.415957,1.249787,9.594732,1.864104,1.359406e+02,3.478087e+00,0.034680,0.036167
200,0.8,4.0,10,1,0.034545,-24.747105,1.146316,10.506156,1.859934,1.382500e+02,3.500391e+00,0.035672,0.036819
200,0.8,4.0,10,1,0.050909,-22.233750,1.349464,8.652137,1.878889,1.359359e+02,3.517071e+00,0.034716,0.036352
200,0.8,4.0,10,1,0.059091,-21.187692,1.409692,7.990538,1.825037,1.424536e+02,3.318284e+00,0.035575,0.037560
200,0.8,4.0,10,1,0.067273,-20.251892,1.331892,7.547671,1.611233,1.530959e+02,2.588057e+00,0.034654,0.036744
200,0.8,4.0,10,1,0.083636,-18.711957,1.446739,6.808997,1.657429,1.751373e+02,2.740460e+00,0.033719,0.036363
200,0.8,4.0,10,1,0.075455,-19.357349,1.329277,7.076264,1.510750,1.645918e+02,2.275866e+00,0.034072,0.036570
200,0.8,4.0,10,1,0.091818,-17.955050,1.460495,6.423476,1.594734,1.878201e+02,2.539393e+00,0.034470,0.037696
200,0.8,4.0,10,1,0.100000,-17.277000,1.441000,6.063256,1.513417,2.002263e+02,2.284921e+00,0.033348,0.036412
200,0.8,4.0,15,1,0.010000,-29.760000,1.040000,22.993635,3.608390,5.267771e+02,1.308720e+01,0.037067,0.037371
200,0.8,4.0,15,1,0.018182,-27.208500,1.006500,15.199306,2.397527,2.389830e+02,5.868156e+00,0.036250,0.037117
200,0.8,4.0,15,1,0.034545,-24.833947,1.181053,10.648990,1.947982,1.416325e+02,3.820916e+00,0.036120,0.037495
200,0.8,4.0,15,1,0.026364,-26.210345,1.153103,12.555244,2.237532,1.728397e+02,5.040146e+00,0.037132,0.037783
200,0.8,4.0,15,1,0.050909,-22.292679,1.373036,8.719919,1.912473,1.380973e+02,3.643057e+00,0.035642,0.037429
200,0.8,4.0,15,1,0.042727,-23.486170,1.277872,9.684389,1.917248,1.383509e+02,3.672540e+00,0.036636,0.038095
200,0.8,4.0,15,1,0.059091,-21.238462,1.430000,8.045121,1.848024,1.445915e+02,3.403587e+00,0.035835,0.037908
200,0.8,4.0,15,1,0.083636,-18.747826,1.461087,6.844750,1.678433,1.775819e+02,2.811708e+00,0.034713,0.037539
200,0.8,4.0,15,1,0.075455,-19.397108,1.345181,7.120082,1.540963,1.669749e+02,2.366627e+00,0.035393,0.037694
200,0.8,4.0,15,1,0.067273,-20.296486,1.349730,7.593336,1.630295,1.553057e+02,2.648451e+00,0.035755,0.038306
200,0.8,4.0,15,1,0.100000,-17.307000,1.452000,6.089650,1.527097,2.029020e+02,2.327230e+00,0.034216,0.037265
200,0.8,4.0,15,1,0.091818,-17.987723,1.473564,6.453574,1.612252,1.903727e+02,2.596860e+00,0.034597,0.037921
200,0.8,4.0,20,1,0.010000,-29.760000,1.040000,22.993635,3.608390,5.267780e+02,1.308722e+01,0.037777,0.037818
200,0.8,4.0,20,1,0.018182,-27.208500,1.006500,15.199306,2.397527,2.389890e+02,5.868178e+00,0.037592,0.037887
200,0.8,4.0,20,1,0.026364,-26.210345,1.153103,12.555244,2.237532,1.728477e+02,5.040159e+00,0.036809,0.037779
200,0.8,4.0,20,1,0.042727,-23.486170,1.277872,9.684389,1.917248,1.383644e+02,3.672546e+00,0.036666,0.038207
200,0.8,4.0,20,1,0.034545,-24.833947,1.181053,10.648990,1.947982,1.416433e+02,3.820928e+00,0.037837,0.038921
200,0.8,4.0,20,1,0.050909,-22.292679,1.373036,8.719919,1.912473,1.381133e+02,3.643058e+00,0.037804,0.039555
200,0.8,4.0,20,1,0.059091,-21.238462,1.430000,8.045121,1.848024,1.446096e+02,3.403584e+00,0.036307,0.038321
200,0.8,4.0,20,1,0.075455,-19.397108,1.345181,7.120082,1.540963,1.669967e+02,2.366629e+00,0.035606,0.037846
200,0.8,4.0,20,1,0.067273,-20.296486,1.349730,7.593336,1.630295,1.553257e+02,2.648453e+00,0.036060,0.038444
200,0.8,4.0,20,1,0.083636,-18.747826,1.461087,6.844750,1.678433,1.776050e+02,2.811703e+00,0.036107,0.039541
200,0.8,4.0,20,1,0.091818,-17.987723,1.473564,6.453574,1.612252,1.903973e+02,2.596855e+00,0.035171,0.038017
200,0.8,4.0,20,1,0.100000,-17.307000,1.452000,6.089650,1.527097,2.029280e+02,2.327226e+00,0.035334,0.038411
200,0.8,8.0,5,1,0.010000,-130.780000,2.770000,44.422235,7.819635,1.966236e+03,6.094170e+01,0.043657,0.043581
200,0.8,8.0,5,1,0.018182,-125.807000,2.486000,35.442895,4.935979,1.285567e+03,2.427366e+01,0.043075,0.043275
200,0.8,8.0,5,1,0.026364,-121.993793,2.621034,30.161655,3.953050,9.997452e+02,1.556660e+01,0.042780,0.044139
200,0.8,8.0,5,1,0.034545,-117.398947,2.501053,26.952648,3.278390,9.272462e+02,1.070974e+01,0.042213,0.043361
200,0.8,8.0,5,1,0.042727,-112.572128,2.490213,25.413679,2.906818,1.008059e+03,8.422322e+00,0.041890,0.043405
200,0.8,8.0,5,1,0.050909,-108.293036,2.506429,23.531054,2.572528,1.098050e+03,6.595600e+00,0.042311,0.044373
200,0.8,8.0,5,1,0.067273,-99.304730,2.409595,21.073279,2.098306,1.489917e+03,4.411331e+00,0.040389,0.043493
200,0.8,8.0,5,1,0.059091,-103.755385,2.447077,21.908050,2.287995,1.257354e+03,5.229340e+00,0.041624,0.044142
200,0.8,8.0,5,1,0.091818,-87.417327,2.376436,17.963504,1.764179,2.279832e+03,3.137738e+00,0.039428,0.043496
200,0.8,8.0,5,1,0.075455,-95.093012,2.348434,19.790566,1.922341,1.728088e+03,3.730155e+00,0.040905,0.044710
200,0.8,8.0,5,1,0.083636,-91.290435,2.294457,18.922777,1.769586,1.987272e+03,3.195391e+00,0.040423,0.043597
200,0.8,8.0,5,1,0.100000,-83.859000,2.394000,17.181478,1.820583,2.580061e+03,3.332598e+00,0.039084,0.043766
200,0.8,8.0,10,1,0.010000,-160.250000,3.460000,62.127706,10.400050,3.846600e+03,1.080877e+02,0.053338,0.053217
200,0.8,8.0,10,1,0.018182,-154.346500,3.146000,49.579326,6.732299,2.502779e+03,4.522402e+01,0.051578,0.053030
200,0.8,8.0,10,1,0.042727,-138.047660,2.829574,34.042656,4.271770,1.715075e+03,1.817599e+01,0.048648,0.052136
200,0.8,8.0,10,1,0.026364,-150.002069,3.023103,41.080566,5.114806,1.818385e+03,2.608301e+01,0.050070,0.052275
200,0.8,8.0,10,1,0.034545,-143.903158,2.923684,36.216579,4.596149,1.624157e+03,2.104407e+01,0.050007,0.052668
200,0.8,8.0,10,1,0.050909,-132.111964,2.828571,31.208812,3.750956,1.847266e+03,1.401441e+01,0.049436,0.052969
200,0.8,8.0,10,1,0.100000,-99.890000,2.609000,20.853630,2.545839,4.257203e+03,6.518665e+00,0.044792,0.052385
200,0.8,8.0,10,1,0.075455,-114.714096,2.588313,24.785116,2.808420,2.822251e+03,7.929809e+00,0.046800,0.052192
200,0.8,8.0,10,1,0.067273,-120.314730,2.665270,26.788412,3.084639,2.429895e+03,9.515085e+00,0.046627,0.052652
200,0.8,8.0,10,1,0.091818,-104.567525,2.617129,21.991757,2.597839,3.749143e+03,6.781042e+00,0.045638,0.052903
200,0.8,8.0,10,1,0.059091,-126.478000,2.772000,28.481169,3.429537,2.050569e+03,1.172253e+01,0.048464,0.053615
200,0.8,8.0,10,1,0.083636,-109.675978,2.501304,23.475842,2.532832,3.258433e+03,6.518662e+00,0.046723,0.053608
200,0.8,8.0,15,1,0.010000,-161.240000,3.620000,63.606963,11.318482,4.031450e+03,1.281681e+02,0.053268,0.054062
200,0.8,8.0,15,1,0.018182,-155.149500,3.223000,50.521047,7.144399,2.597333e+03,5.096760e+01,0.051922,0.053153
200,0.8,8.0,15,1,0.042727,-138.726383,2.834255,34.479606,4.324970,1.752934e+03,1.863139e+01,0.050678,0.053595
200,0.8,8.0,15,1,0.026364,-150.605172,3.038276,41.718291,5.274848,1.876776e+03,2.774332e+01,0.052474,0.054498
200,0.8,8.0,15,1,0.034545,-144.499474,2.932368,36.601572,4.699490,1.661109e+03,2.200163e+01,0.052830,0.054860
200,0.8,8.0,15,1,0.050909,-132.715000,2.834464,31.493365,3.799493,1.879597e+03,1.437924e+01,0.050685,0.054943
200,0.8,8.0,15,1,0.067273,-120.869189,2.653378,26.971540,3.131260,2.464086e+03,9.809665e+00,0.047436,0.053013
200,0.8,8.0,15,1,0.059091,-127.087231,2.780462,28.703833,3.468655,2.080130e+03,1.199032e+01,0.047885,0.053294
200,0.8,8.0,15,1,0.083636,-110.144674,2.497717,23.640233,2.586605,3.305761e+03,6.797465e+00,0.046993,0.053900
200,0.8,8.0,15,1,0.075455,-115.230964,2.585663,24.937142,2.868009,2.861009e+03,8.269693e+00,0.047893,0.053782
200,0.8,8.0,15,1,0.091818,-104.994455,2.612772,22.135670,2.670449,3.803764e+03,7.165573e+00,0.047463,0.055267
200,0.8,8.0,15,1,0.100000,-100.281000,2.602000,20.987656,2.614083,4.319496e+03,6.874411e+00,0.047535,0.055537
200,0.8,8.0,20,1,0.010000,-161.260000,3.620000,63.636158,11.318482,4.035124e+03,1.281681e+02,0.054931,0.055095
200,0.8,8.0,20,1,0.026364,-150.571034,3.034483,41.746650,5.271905,1.880198e+03,2.771108e+01,0.052253,0.053859
200,0.8,8.0,20,1,0.034545,-144.522632,2.929474,36.620674,4.697946,1.662035e+03,2.198678e+01,0.051082,0.054236
200,0.8,8.0,20,1,0.018182,-155.144000,3.223000,50.537176,7.144399,2.599190e+03,5.096760e+01,0.053056,0.054788
200,0.8,8.0,20,1,0.042727,-138.745106,2.831915,34.495317,4.323171,1.753608e+03,1.861604e+01,0.050578,0.054221
200,0.8,8.0,20,1,0.050909,-132.730714,2.832500,31.504490,3.798287,1.879967e+03,1.437023e+01,0.049408,0.053448
200,0.8,8.0,20,1,0.083636,-110.154239,2.495326,23.648367,2.586425,3.306214e+03,6.798302e+00,0.046328,0.053128
200,0.8,8.0,20,1,0.075455,-115.241566,2.583012,24.943480,2.867640,2.861289e+03,8.269072e+00,0.047284,0.053639
200,0.8,8.0,20,1,0.067273,-120.881081,2.650405,26.978159,3.130776,2.464302e+03,9.807914e+00,0.048439,0.053496
200,0.8,8.0,20,1,0.100000,-100.289000,2.600000,20.994650,2.613872,4.320066e+03,6.874371e+00,0.045251,0.053330
200,0.8,8.0,20,1,0.059091,-127.100769,2.777077,28.711865,3.467647,2.080354e+03,1.198393e+01,0.049250,0.053800
200,0.8,8.0,20,1,0.091818,-105.003168,2.610594,22.142837,2.670247,3.804254e+03,7.165599e+00,0.047667,0.056093
200,0.8,16.0,5,1,0.010000,-216.000000,2.100000,62.626579,9.657280,3.917628e+03,9.389897e+01,0.050723,0.050504
200,0.8,16.0,5,1,0.050909,-206.904107,1.151071,30.732315,3.171901,9.737039e+02,1.002380e+01,0.047749,0.048367
200,0.8,16.0,5,1,0.018182,-212.839000,1.820500,48.618681,7.097665,2.354357e+03,5.070093e+01,0.049231,0.049050
200,0.8,16.0,5,1,0.034545,-211.990263,1.265000,37.536439,4.205569,1.403783e+03,1.764479e+01,0.049210,0.049187
200,0.8,16.0,5,1,0.042727,-208.450000,1.231064,32.927448,3.722633,1.097514e+03,1.382094e+01,0.049208,0.049523
200,0.8,16.0,5,1,0.026364,-213.620000,1.376897,42.565074,4.935779,1.805481e+03,2.434364e+01,0.050500,0.049814
200,0.8,16.0,5,1,0.075455,-201.046867,1.114578,26.580008,2.492878,8.382859e+02,6.189944e+00,0.046989,0.048834
200,0.8,16.0,5,1,0.059091,-205.033231,1.125385,28.573124,2.876716,8.711613e+02,8.243283e+00,0.048483,0.049134
200,0.8,16.0,5,1,0.091818,-194.872079,1.092376,24.118685,2.229751,8.954116e+02,4.951913e+00,0.046495,0.049443
200,0.8,16.0,5,1,0.100000,-191.061000,1.042000,23.641408,2.052703,1.022733e+03,4.199601e+00,0.045316,0.048440
200,0.8,16.0,5,1,0.083636,-198.137500,1.110761,25.259117,2.425338,8.460615e+02,5.858967e+00,0.048437,0.050005
200,0.8,16.0,5,1,0.067273,-203.950405,1.098514,27.594409,2.636876,8.340753e+02,6.925312e+00,0.049624,0.051209
200,0.8,16.0,10,1,0.010000,-216.530000,2.810000,72.568235,14.805598,5.280554e+03,2.218562e+02,0.054006,0.053650
200,0.8,16.0,10,1,0.026364,-213.908276,1.464138,45.880010,6.446667,2.107671e+03,4.167658e+01,0.052846,0.052809
200,0.8,16.0,10,1,0.067273,-208.701216,1.030135,29.405519,3.237154,8.647344e+02,1.044690e+01,0.051128,0.052020
200,0.8,16.0,10,1,0.075455,-206.480602,1.082771,27.985342,3.111867,7.968053e+02,9.667746e+00,0.050577,0.052029
200,0.8,16.0,10,1,0.018182,-213.086500,2.029500,53.187523,9.316888,2.823908e+03,8.766196e+01,0.053972,0.053415
200,0.8,16.0,10,1,0.034545,-212.734211,1.386579,40.724853,5.426272,1.656545e+03,2.953340e+01,0.053590,0.053504
200,0.8,16.0,10,1,0.042727,-210.781064,1.310638,36.692258,4.715908,1.340979e+03,2.229429e+01,0.053329,0.053920
200,0.8,16.0,10,1,0.059091,-208.822308,1.142308,30.792399,3.662138,9.474488e+02,1.340189e+01,0.052592,0.053212
200,0.8,16.0,10,1,0.083636,-204.044022,1.033043,26.136835,2.884792,7.230466e+02,8.298968e+00,0.050697,0.052771
200,0.8,16.0,10,1,0.050909,-210.168750,1.180536,33.265509,4.052371,1.102332e+03,1.641785e+01,0.053552,0.054512
200,0.8,16.0,10,1,0.091818,-201.091980,1.005248,24.767497,2.703309,7.008903e+02,7.284030e+00,0.051116,0.053459
200,0.8,16.0,10,1,0.100000,-197.526000,0.929000,24.153309,2.495922,7.513079e+02,6.204717e+00,0.051218,0.054933
200,0.8,16.0,15,1,0.010000,-216.670000,2.810000,73.579494,14.805598,5.430015e+03,2.218639e+02,0.054269,0.053747
200,0.8,16.0,15,1,0.018182,-213.053500,2.029500,53.409298,9.316888,2.847523e+03,8.766644e+01,0.053406,0.053316
200,0.8,16.0,15,1,0.034545,-212.713947,1.386579,40.876726,5.426272,1.669003e+03,2.953526e+01,0.053156,0.052764
200,0.8,16.0,15,1,0.042727,-210.832553,1.310638,36.788831,4.715908,1.348097e+03,2.229584e+01,0.053049,0.053183
200,0.8,16.0,15,1,0.026364,-214.135862,1.464138,46.116503,6.446667,2.131245e+03,4.167875e+01,0.053422,0.053340
200,0.8,16.0,15,1,0.075455,-206.554819,1.073494,28.021815,3.093576,7.978641e+02,9.552570e+00,0.051927,0.053550
200,0.8,16.0,15,1,0.091818,-201.160594,0.995446,24.809481,2.689348,7.007888e+02,7.207966e+00,0.051198,0.054047
200,0.8,16.0,15,1,0.083636,-204.110978,1.024674,26.160603,2.868900,7.228125e+02,8.206659e+00,0.051635,0.053929
200,0.8,16.0,15,1,0.067273,-208.785946,1.024189,29.457022,3.236992,8.672786e+02,1.044511e+01,0.053438,0.054195
200,0.8,16.0,15,1,0.050909,-210.235536,1.180536,33.347287,4.052371,1.107679e+03,1.641887e+01,0.054264,0.054961
200,0.8,16.0,15,1,0.059091,-208.886615,1.142308,30.846001,3.662138,9.503627e+02,1.340275e+01,0.055356,0.055507
200,0.8,16.0,15,1,0.100000,-197.600000,0.920000,24.198829,2.482792,7.503635e+02,6.139697e+00,0.052277,0.055044
200,0.8,16.0,20,1,0.026364,-214.135862,1.464138,46.116503,6.446667,2.131244e+03,4.167877e+01,0.054662,0.054838
200,0.8,16.0,20,1,0.010000,-216.670000,2.810000,73.579494,14.805598,5.430015e+03,2.218639e+02,0.057472,0.056962
200,0.8,16.0,20,1,0.018182,-213.053500,2.029500,53.409298,9.316888,2.847523e+03,8.766647e+01,0.055799,0.055103
200,0.8,16.0,20,1,0.042727,-210.832553,1.310638,36.788831,4.715908,1.348097e+03,2.229585e+01,0.055789,0.055656
200,0.8,16.0,20,1,0.067273,-208.785946,1.024189,29.457022,3.236992,8.672787e+02,1.044511e+01,0.053580,0.055037
200,0.8,16.0,20,1,0.034545,-212.711053,1.386579,40.877006,5.426272,1.669013e+03,2.953527e+01,0.056824,0.056159
200,0.8,16.0,20,1,0.075455,-206.554819,1.073494,28.021815,3.093576,7.978643e+02,9.552573e+00,0.053998,0.056915
200,0.8,16.0,20,1,0.083636,-204.110978,1.024674,26.160603,2.868900,7.228128e+02,8.206661e+00,0.053986,0.056436
200,0.8,16.0,20,1,0.059091,-208.886615,1.142308,30.846001,3.662138,9.503628e+02,1.340276e+01,0.055913,0.056214
200,0.8,16.0,20,1,0.091818,-201.160594,0.995446,24.809481,2.689348,7.007894e+02,7.207968e+00,0.053142,0.055812
200,0.8,16.0,20,1,0.050909,-210.235536,1.180536,33.347287,4.052371,1.107679e+03,1.641888e+01,0.058136,0.057351
200,0.8,16.0,20,1,0.100000,-197.600000,0.920000,24.198829,2.482792,7.503642e+02,6.139697e+00,0.052472,0.057737
200,0.99,1.0,5,1,0.010000,-0.930000,0.030000,1.618821,0.272759,2.617394e+00,7.449478e-02,0.025835,0.025770
200,0.99,1.0,5,1,0.026364,-0.352759,0.015172,0.614036,0.119224,8.146279e-01,1.418285e-02,0.025566,0.025718
200,0.99,1.0,5,1,0.018182,-0.511500,0.022000,0.890352,0.172874,1.043473e+00,2.990687e-02,0.026744,0.026450
200,0.99,1.0,5,1,0.042727,-0.217660,0.009362,0.378873,0.073564,7.793636e-01,5.390542e-03,0.025624,0.025295
200,0.99,1.0,5,1,0.034545,-0.269211,0.011579,0.468606,0.090987,7.755151e-01,8.247526e-03,0.026334,0.026251
200,0.99,1.0,5,1,0.050909,-0.182679,0.011786,0.317983,0.075309,7.941369e-01,5.651462e-03,0.025957,0.026059
200,0.99,1.0,5,1,0.083636,-0.111196,0.008370,0.193555,0.049411,8.549028e-01,2.434825e-03,0.025313,0.025314
200,0.99,1.0,5,1,0.067273,-0.138243,0.010405,0.240636,0.061430,8.270814e-01,3.758676e-03,0.026154,0.026318
200,0.99,1.0,5,1,0.059091,-0.157385,0.010154,0.273954,0.064881,8.109447e-01,4.192758e-03,0.026949,0.027143
200,0.99,1.0,5,1,0.075455,-0.123253,0.009277,0.214543,0.054769,8.417743e-01,2.988405e-03,0.026637,0.026865
200,0.99,1.0,5,1,0.091818,-0.101287,0.009802,0.176307,0.050824,8.665660e-01,2.572885e-03,0.026487,0.026148
200,0.99,1.0,5,1,0.100000,-0.093000,0.009000,0.161882,0.046666,8.769265e-01,2.170279e-03,0.026363,0.026341
200,0.99,1.0,10,1,0.010000,-0.930000,0.030000,1.618821,0.272759,2.617394e+00,7.449478e-02,0.025832,0.025932
200,0.99,1.0,10,1,0.018182,-0.511500,0.022000,0.890352,0.172874,1.043473e+00,2.990687e-02,0.025946,0.025707
200,0.99,1.0,10,1,0.026364,-0.352759,0.015172,0.614036,0.119224,8.146279e-01,1.418285e-02,0.025590,0.025812
200,0.99,1.0,10,1,0.034545,-0.269211,0.011579,0.468606,0.090987,7.755151e-01,8.247526e-03,0.025786,0.025725
200,0.99,1.0,10,1,0.042727,-0.217660,0.009362,0.378873,0.073564,7.793636e-01,5.390542e-03,0.026293,0.026191
200,0.99,1.0,10,1,0.050909,-0.182679,0.011786,0.317983,0.075309,7.941369e-01,5.651462e-03,0.026106,0.025958
200,0.99,1.0,10,1,0.059091,-0.157385,0.010154,0.273954,0.064881,8.109447e-01,4.192758e-03,0.025715,0.025539
200,0.99,1.0,10,1,0.067273,-0.138243,0.010405,0.240636,0.061430,8.270814e-01,3.758676e-03,0.025937,0.025815
200,0.99,1.0,10,1,0.075455,-0.123253,0.009277,0.214543,0.054769,8.417743e-01,2.988405e-03,0.026370,0.026285
200,0.99,1.0,10,1,0.091818,-0.101287,0.009802,0.176307,0.050824,8.665660e-01,2.572885e-03,0.026003,0.026037
200,0.99,1.0,10,1,0.083636,-0.111196,0.008370,0.193555,0.049411,8.549028e-01,2.434825e-03,0.027337,0.026983
200,0.99,1.0,10,1,0.100000,-0.093000,0.009000,0.161882,0.046666,8.769265e-01,2.170279e-03,0.026858,0.026491
200,0.99,1.0,15,1,0.010000,-0.930000,0.030000,1.618821,0.272759,2.617394e+00,7.449478e-02,0.026471,0.026331
200,0.99,1.0,15,1,0.018182,-0.511500,0.022000,0.890352,0.172874,1.043473e+00,2.990687e-02,0.026586,0.026561
200,0.99,1.0,15,1,0.026364,-0.352759,0.015172,0.614036,0.119224,8.146279e-01,1.418285e-02,0.026743,0.026486
200,0.99,1.0,15,1,0.034545,-0.269211,0.011579,0.468606,0.090987,7.755151e-01,8.247526e-03,0.026725,0.026846
200,0.99,1.0,15,1,0.050909,-0.182679,0.011786,0.317983,0.075309,7.941369e-01,5.651462e-03,0.026785,0.026489
200,0.99,1.0,15,1,0.042727,-0.217660,0.009362,0.378873,0.073564,7.793636e-01,5.390542e-03,0.027116,0.026665
200,0.99,1.0,15,1,0.059091,-0.157385,0.010154,0.273954,0.064881,8.109447e-01,4.192758e-03,0.027048,0.026953
200,0.99,1.0,15,1,0.067273,-0.138243,0.010405,0.240636,0.061430,8.270814e-01,3.758676e-03,0.026965,0.027141
200,0.99,1.0,15,1,0.075455,-0.123253,0.009277,0.214543,0.054769,8.417743e-01,2.988405e-03,0.026635,0.026349
200,0.99,1.0,15,1,0.083636,-0.111196,0.008370,0.193555,0.049411,8.549028e-01,2.434825e-03,0.027231,0.027174
200,0.99,1.0,15,1,0.100000,-0.093000,0.009000,0.161882,0.046666,8.769265e-01,2.170279e-03,0.026864,0.026524
200,0.99,1.0,15,1,0.091818,-0.101287,0.009802,0.176307,0.050824,8.665660e-01,2.572885e-03,0.027410,0.027260
200,0.99,1.0,20,1,0.010000,-0.930000,0.030000,1.618821,0.272759,2.617394e+00,7.449478e-02,0.027155,0.027100
200,0.99,1.0,20,1,0.026364,-0.352759,0.015172,0.614036,0.119224,8.146279e-01,1.418285e-02,0.027421,0.027340
200,0.99,1.0,20,1,0.018182,-0.511500,0.022000,0.890352,0.172874,1.043473e+00,2.990687e-02,0.028362,0.028320
200,0.99,1.0,20,1,0.034545,-0.269211,0.011579,0.468606,0.090987,7.755151e-01,8.247526e-03,0.028235,0.027927
200,0.99,1.0,20,1,0.042727,-0.217660,0.009362,0.378873,0.073564,7.793636e-01,5.390542e-03,0.027909,0.027516
200,0.99,1.0,20,1,0.050909,-0.182679,0.011786,0.317983,0.075309,7.941369e-01,5.651462e-03,0.028274,0.028364
200,0.99,1.0,20,1,0.059091,-0.157385,0.010154,0.273954,0.064881,8.109447e-01,4.192758e-03,0.028092,0.027931
200,0.99,1.0,20,1,0.067273,-0.138243,0.010405,0.240636,0.061430,8.270814e-01,3.758676e-03,0.028052,0.027991
200,0.99,1.0,20,1,0.075455,-0.123253,0.009277,0.214543,0.054769,8.417743e-01,2.988405e-03,0.027851,0.027584
200,0.99,1.0,20,1,0.083636,-0.111196,0.008370,0.193555,0.049411,8.549028e-01,2.434825e-03,0.028140,0.028065
200,0.99,1.0,20,1,0.100000,-0.093000,0.009000,0.161882,0.046666,8.769265e-01,2.170279e-03,0.027912,0.027737
200,0.99,1.0,20,1,0.091818,-0.101287,0.009802,0.176307,0.050824,8.665660e-01,2.572885e-03,0.028163,0.028107
200,0.99,2.0,5,1,0.010000,-1.850000,0.000000,2.229886,0.000000,5.001622e+00,1.062287e-04,0.025050,0.024989
200,0.99,2.0,5,1,0.026364,-0.701724,0.003793,0.845819,0.059974,2.589206e+00,3.624948e-03,0.025224,0.025286
200,0.99,2.0,5,1,0.018182,-1.017500,0.000000,1.226437,0.000000,2.609334e+00,1.062287e-04,0.025491,0.025446
200,0.99,2.0,5,1,0.042727,-0.432979,0.007021,0.521888,0.063837,2.956475e+00,4.069690e-03,0.025133,0.025329
200,0.99,2.0,5,1,0.034545,-0.535526,0.002895,0.645493,0.045770,2.774628e+00,2.141433e-03,0.026182,0.025863
200,0.99,2.0,5,1,0.059091,-0.313077,0.008462,0.377365,0.059350,3.234365e+00,3.511689e-03,0.025170,0.025222
200,0.99,2.0,5,1,0.050909,-0.363393,0.009821,0.438013,0.068888,3.109183e+00,4.726798e-03,0.025499,0.025231
200,0.99,2.0,5,1,0.067273,-0.275000,0.007432,0.331469,0.052131,3.337333e+00,2.715073e-03,0.025204,0.025112
200,0.99,2.0,5,1,0.075455,-0.245181,0.007952,0.295527,0.050811,3.422925e+00,2.576949e-03,0.025510,0.025335
200,0.99,2.0,5,1,0.100000,-0.185000,0.010000,0.222989,0.049088,3.608920e+00,2.400094e-03,0.025003,0.024867
200,0.99,2.0,5,1,0.091818,-0.201485,0.008713,0.242859,0.048017,3.556208e+00,2.298943e-03,0.025454,0.025447
200,0.99,2.0,5,1,0.083636,-0.221196,0.008370,0.266617,0.049411,3.494929e+00,2.435475e-03,0.026090,0.025768
200,0.99,2.0,10,1,0.010000,-1.850000,0.000000,2.229886,0.000000,5.001622e+00,1.062287e-04,0.025670,0.025506
200,0.99,2.0,10,1,0.018182,-1.017500,0.000000,1.226437,0.000000,2.609334e+00,1.062287e-04,0.026317,0.026243
200,0.99,2.0,10,1,0.026364,-0.701724,0.003793,0.845819,0.059974,2.589206e+00,3.624948e-03,0.026776,0.026781
200,0.99,2.0,10,1,0.042727,-0.432979,0.007021,0.521888,0.063837,2.956475e+00,4.069690e-03,0.026414,0.026193
200,0.99,2.0,10,1,0.034545,-0.535526,0.002895,0.645493,0.045770,2.774628e+00,2.141433e-03,0.027250,0.027065
200,0.99,2.0,10,1,0.050909,-0.363393,0.009821,0.438013,0.068888,3.109183e+00,4.726798e-03,0.026700,0.026848
200,0.99,2.0,10,1,0.067273,-0.275000,0.007432,0.331469,0.052131,3.337333e+00,2.715073e-03,0.027339,0.027348
200,0.99,2.0,10,1,0.075455,-0.245181,0.007952,0.295527,0.050811,3.422926e+00,2.576949e-03,0.027563,0.027590
200,0.99,2.0,10,1,0.083636,-0.221196,0.008370,0.266617,0.049411,3.494929e+00,2.435475e-03,0.026586,0.026366
200,0.99,2.0,10,1,0.059091,-0.313077,0.008462,0.377365,0.059350,3.234365e+00,3.511689e-03,0.029848,0.029588
200,0.99,2.0,10,1,0.091818,-0.201485,0.008713,0.242859,0.048017,3.556208e+00,2.298943e-03,0.027722,0.027873
200,0.99,2.0,10,1,0.100000,-0.185000,0.010000,0.222989,0.049088,3.608920e+00,2.400094e-03,0.030011,0.030170
200,0.99,2.0,15,1,0.010000,-1.850000,0.000000,2.229886,0.000000,5.001622e+00,1.062287e-04,0.029824,0.030335
200,0.99,2.0,15,1,0.026364,-0.701724,0.003793,0.845819,0.059974,2.589206e+00,3.624948e-03,0.027407,0.027692
200,0.99,2.0,15,1,0.034545,-0.535526,0.002895,0.645493,0.045770,2.774628e+00,2.141433e-03,0.026901,0.026974
200,0.99,2.0,15,1,0.018182,-1.017500,0.000000,1.226437,0.000000,2.609334e+00,1.062287e-04,0.029259,0.028874
200,0.99,2.0,15,1,0.050909,-0.363393,0.009821,0.438013,0.068888,3.109183e+00,4.726798e-03,0.026806,0.026760
200,0.99,2.0,15,1,0.042727,-0.432979,0.007021,0.521888,0.063837,2.956475e+00,4.069690e-03,0.030437,0.030651
200,0.99,2.0,15,1,0.059091,-0.313077,0.008462,0.377365,0.059350,3.234365e+00,3.511689e-03,0.028758,0.028623
200,0.99,2.0,15,1,0.083636,-0.221196,0.008370,0.266617,0.049411,3.494929e+00,2.435475e-03,0.027267,0.027380
200,0.99,2.0,15,1,0.067273,-0.275000,0.007432,0.331469,0.052131,3.337333e+00,2.715073e-03,0.029033,0.028845
200,0.99,2.0,15,1,0.075455,-0.245181,0.007952,0.295527,0.050811,3.422926e+00,2.576949e-03,0.029089,0.028599
200,0.99,2.0,15,1,0.091818,-0.201485,0.008713,0.242859,0.048017,3.556208e+00,2.298943e-03,0.028252,0.027571
200,0.99,2.0,15,1,0.100000,-0.185000,0.010000,0.222989,0.049088,3.608920e+00,2.400094e-03,0.028923,0.028281
200,0.99,2.0,20,1,0.018182,-1.017500,0.000000,1.226437,0.000000,2.609334e+00,1.062287e-04,0.027575,0.027698
200,0.99,2.0,20,1,0.010000,-1.850000,0.000000,2.229886,0.000000,5.001622e+00,1.062287e-04,0.028850,0.028269
200,0.99,2.0,20,1,0.026364,-0.701724,0.003793,0.845819,0.059974,2.589206e+00,3.624948e-03,0.028332,0.028531
200,0.99,2.0,20,1,0.042727,-0.432979,0.007021,0.521888,0.063837,2.956475e+00,4.069690e-03,0.027590,0.027530
200,0.99,2.0,20,1,0.034545,-0.535526,0.002895,0.645493,0.045770,2.774628e+00,2.141433e-03,0.029635,0.029774
200,0.99,2.0,20,1,0.050909,-0.363393,0.009821,0.438013,0.068888,3.109183e+00,4.726798e-03,0.028292,0.028124
200,0.99,2.0,20,1,0.075455,-0.245181,0.007952,0.295527,0.050811,3.422926e+00,2.576949e-03,0.027903,0.027908
200,0.99,2.0,20,1,0.059091,-0.313077,0.008462,0.377365,0.059350,3.234365e+00,3.511689e-03,0.029192,0.028865
200,0.99,2.0,20,1,0.067273,-0.275000,0.007432,0.331469,0.052131,3.337333e+00,2.715073e-03,0.029193,0.029300
200,0.99,2.0,20,1,0.091818,-0.201485,0.008713,0.242859,0.048017,3.556208e+00,2.298943e-03,0.028357,0.028317
200,0.99,2.0,20,1,0.083636,-0.221196,0.008370,0.266617,0.049411,3.494929e+00,2.435475e-03,0.031760,0.031892
200,0.99,2.0,20,1,0.100000,-0.185000,0.010000,0.222989,0.049088,3.608920e+00,2.400094e-03,0.029909,0.029860
200,0.99,4.0,5,1,0.010000,-3.840000,0.010000,3.200841,0.158114,1.042139e+01,2.490041e-02,0.025895,0.025971
200,0.99,4.0,5,1,0.018182,-2.112000,0.005500,1.760462,0.086963,7.899705e+00,7.558660e-03,0.026341,0.025789
200,0.99,4.0,5,1,0.026364,-1.456552,0.003793,1.214112,0.059974,9.586537e+00,3.629388e-03,0.025683,0.025948
200,0.99,4.0,5,1,0.034545,-1.111579,0.002895,0.926559,0.045770,1.105829e+01,2.146470e-03,0.025594,0.025871
200,0.99,4.0,5,1,0.042727,-0.898723,0.002340,0.749133,0.037005,1.216731e+01,1.432788e-03,0.025640,0.025773
200,0.99,4.0,5,1,0.050909,-0.754286,0.001964,0.628737,0.031058,1.300717e+01,1.035998e-03,0.025762,0.026251
200,0.99,4.0,5,1,0.067273,-0.570811,0.004459,0.475801,0.040545,1.417582e+01,1.675532e-03,0.025483,0.025649
200,0.99,4.0,5,1,0.059091,-0.649846,0.003385,0.541681,0.037765,1.365843e+01,1.473124e-03,0.025952,0.026026
200,0.99,4.0,5,1,0.075455,-0.508916,0.003976,0.424208,0.036149,1.459576e+01,1.345907e-03,0.025981,0.025802
200,0.99,4.0,5,1,0.083636,-0.459130,0.003587,0.382709,0.032613,1.494295e+01,1.109054e-03,0.025948,0.025987
200,0.99,4.0,5,1,0.091818,-0.418218,0.003267,0.348606,0.029706,1.523454e+01,9.332856e-04,0.025468,0.025666
200,0.99,4.0,5,1,0.100000,-0.384000,0.003000,0.320084,0.027276,1.548277e+01,7.993551e-04,0.025276,0.025387
200,0.99,4.0,10,1,0.010000,-3.840000,0.010000,3.200841,0.158114,1.042140e+01,2.490041e-02,0.026115,0.026133
200,0.99,4.0,10,1,0.018182,-2.112000,0.005500,1.760462,0.086963,7.899710e+00,7.558660e-03,0.027063,0.026751
200,0.99,4.0,10,1,0.026364,-1.456552,0.003793,1.214112,0.059974,9.586543e+00,3.629388e-03,0.026572,0.026578
200,0.99,4.0,10,1,0.034545,-1.111579,0.002895,0.926559,0.045770,1.105830e+01,2.146470e-03,0.026755,0.026529
200,0.99,4.0,10,1,0.042727,-0.898723,0.002340,0.749133,0.037005,1.216731e+01,1.432788e-03,0.026418,0.026744
200,0.99,4.0,10,1,0.050909,-0.754286,0.001964,0.628737,0.031058,1.300718e+01,1.035998e-03,0.026506,0.026243
200,0.99,4.0,10,1,0.059091,-0.649846,0.003385,0.541681,0.037765,1.365844e+01,1.473124e-03,0.026097,0.026082
200,0.99,4.0,10,1,0.067273,-0.570811,0.004459,0.475801,0.040545,1.417583e+01,1.675532e-03,0.026740,0.026757
200,0.99,4.0,10,1,0.075455,-0.508916,0.003976,0.424208,0.036149,1.459577e+01,1.345907e-03,0.026617,0.026713
200,0.99,4.0,10,1,0.083636,-0.459130,0.003587,0.382709,0.032613,1.494296e+01,1.109054e-03,0.026780,0.026656
200,0.99,4.0,10,1,0.091818,-0.418218,0.003267,0.348606,0.029706,1.523455e+01,9.332856e-04,0.026492,0.026541
200,0.99,4.0,10,1,0.100000,-0.384000,0.003000,0.320084,0.027276,1.548277e+01,7.993552e-04,0.026571,0.026287
200,0.99,4.0,15,1,0.010000,-3.840000,0.010000,3.200841,0.158114,1.042140e+01,2.490041e-02,0.027133,0.027374
200,0.99,4.0,15,1,0.034545,-1.111579,0.002895,0.926559,0.045770,1.105830e+01,2.146470e-03,0.027341,0.027301
200,0.99,4.0,15,1,0.026364,-1.456552,0.003793,1.214112,0.059974,9.586543e+00,3.629388e-03,0.027575,0.027849
200,0.99,4.0,15,1,0.018182,-2.112000,0.005500,1.760462,0.086963,7.899710e+00,7.558660e-03,0.027736,0.028190
200,0.99,4.0,15,1,0.042727,-0.898723,0.002340,0.749133,0.037005,1.216731e+01,1.432788e-03,0.027115,0.027326
200,0.99,4.0,15,1,0.050909,-0.754286,0.001964,0.628737,0.031058,1.300718e+01,1.035998e-03,0.027152,0.026964
200,0.99,4.0,15,1,0.059091,-0.649846,0.003385,0.541681,0.037765,1.365844e+01,1.473124e-03,0.027321,0.027450
200,0.99,4.0,15,1,0.067273,-0.570811,0.004459,0.475801,0.040545,1.417583e+01,1.675532e-03,0.027364,0.027380
200,0.99,4.0,15,1,0.075455,-0.508916,0.003976,0.424208,0.036149,1.459577e+01,1.345907e-03,0.027283,0.027344
200,0.99,4.0,15,1,0.083636,-0.459130,0.003587,0.382709,0.032613,1.494296e+01,1.109054e-03,0.027322,0.027516
200,0.99,4.0,15,1,0.091818,-0.418218,0.003267,0.348606,0.029706,1.523455e+01,9.332856e-04,0.027908,0.028522
200,0.99,4.0,15,1,0.100000,-0.384000,0.003000,0.320084,0.027276,1.548277e+01,7.993552e-04,0.027847,0.027849
200,0.99,4.0,20,1,0.010000,-3.840000,0.010000,3.200841,0.158114,1.042140e+01,2.490041e-02,0.028529,0.028791
200,0.99,4.0,20,1,0.018182,-2.112000,0.005500,1.760462,0.086963,7.899710e+00,7.558660e-03,0.027711,0.027846
200,0.99,4.0,20,1,0.034545,-1.111579,0.002895,0.926559,0.045770,1.105830e+01,2.146470e-03,0.028027,0.027828
200,0.99,4.0,20,1,0.042727,-0.898723,0.002340,0.749133,0.037005,1.216731e+01,1.432788e-03,0.028181,0.028467
200,0.99,4.0,20,1,0.026364,-1.456552,0.003793,1.214112,0.059974,9.586543e+00,3.629388e-03,0.029678,0.029402
200,0.99,4.0,20,1,0.050909,-0.754286,0.001964,0.628737,0.031058,1.300718e+01,1.035998e-03,0.028051,0.027981
200,0.99,4.0,20,1,0.059091,-0.649846,0.003385,0.541681,0.037765,1.365844e+01,1.473124e-03,0.028734,0.028519
200,0.99,4.0,20,1,0.067273,-0.570811,0.004459,0.475801,0.040545,1.417583e+01,1.675532e-03,0.027966,0.028208
200,0.99,4.0,20,1,0.075455,-0.508916,0.003976,0.424208,0.036149,1.459577e+01,1.345907e-03,0.028258,0.028315
200,0.99,4.0,20,1,0.083636,-0.459130,0.003587,0.382709,0.032613,1.494296e+01,1.109054e-03,0.028381,0.028157
200,0.99,4.0,20,1,0.091818,-0.418218,0.003267,0.348606,0.029706,1.523455e+01,9.332856e-04,0.028443,0.028473
200,0.99,4.0,20,1,0.100000,-0.384000,0.003000,0.320084,0.027276,1.548277e+01,7.993552e-04,0.028843,0.028706
200,0.99,8.0,5,1,0.010000,-8.320000,0.010000,5.481587,0.158114,3.077772e+01,2.490146e-02,0.025745,0.026054
200,0.99,8.0,5,1,0.018182,-4.576000,0.011000,3.014873,0.122737,3.082484e+01,1.500404e-02,0.025470,0.025572
200,0.99,8.0,5,1,0.026364,-3.155862,0.011379,2.079222,0.103460,4.134719e+01,1.066127e-02,0.025591,0.025712
200,0.99,8.0,5,1,0.042727,-1.947234,0.007021,1.282925,0.063837,5.485321e+01,4.076424e-03,0.026016,0.025999
200,0.99,8.0,5,1,0.034545,-2.408421,0.008684,1.586775,0.078957,4.920586e+01,6.215580e-03,0.026092,0.026203
200,0.99,8.0,5,1,0.050909,-1.634286,0.005893,1.076740,0.053578,5.903235e+01,2.887338e-03,0.025669,0.025810
200,0.99,8.0,5,1,0.059091,-1.408000,0.005077,0.927653,0.046159,6.222897e+01,2.159743e-03,0.025648,0.026067
200,0.99,8.0,5,1,0.067273,-1.236757,0.008919,0.814830,0.056990,6.474553e+01,3.240156e-03,0.025858,0.026003
200,0.99,8.0,5,1,0.075455,-1.102651,0.011928,0.726475,0.061846,6.677499e+01,3.810200e-03,0.026639,0.026929
200,0.99,8.0,5,1,0.083636,-0.994783,0.011957,0.655407,0.058692,6.844476e+01,3.431562e-03,0.025601,0.025897
200,0.99,8.0,5,1,0.091818,-0.906139,0.010891,0.597004,0.053462,6.984191e+01,2.846880e-03,0.025705,0.025845
200,0.99,8.0,5,1,0.100000,-0.832000,0.012000,0.548159,0.058047,7.102771e+01,3.356627e-03,0.026712,0.027053
200,0.99,8.0,10,1,0.010000,-8.320000,0.010000,5.481587,0.158114,3.077779e+01,2.490146e-02,0.026634,0.026791
200,0.99,8.0,10,1,0.018182,-4.576000,0.011000,3.014873,0.122737,3.082518e+01,1.500404e-02,0.026314,0.026514
200,0.99,8.0,10,1,0.026364,-3.155862,0.011379,2.079222,0.103460,4.134763e+01,1.066127e-02,0.026344,0.026519
200,0.99,8.0,10,1,0.034545,-2.408421,0.008684,1.586775,0.078957,4.920635e+01,6.215580e-03,0.026515,0.026814
200,0.99,8.0,10,1,0.042727,-1.947234,0.007021,1.282925,0.063837,5.485374e+01,4.076424e-03,0.026614,0.026820
200,0.99,8.0,10,1,0.050909,-1.634286,0.005893,1.076740,0.053578,5.903290e+01,2.887339e-03,0.026819,0.026725
200,0.99,8.0,10,1,0.059091,-1.408000,0.005077,0.927653,0.046159,6.222953e+01,2.159744e-03,0.026440,0.027000
200,0.99,8.0,10,1,0.067273,-1.236757,0.008919,0.814830,0.056990,6.474611e+01,3.240156e-03,0.026496,0.026682
200,0.99,8.0,10,1,0.083636,-0.994783,0.011957,0.655407,0.058692,6.844536e+01,3.431562e-03,0.026738,0.026924
200,0.99,8.0,10,1,0.075455,-1.102651,0.011928,0.726475,0.061846,6.677557e+01,3.810200e-03,0.026936,0.027183
200,0.99,8.0,10,1,0.091818,-0.906139,0.010891,0.597004,0.053462,6.984251e+01,2.846880e-03,0.026952,0.027121
200,0.99,8.0,10,1,0.100000,-0.832000,0.012000,0.548159,0.058047,7.102832e+01,3.356627e-03,0.026970,0.027103
200,0.99,8.0,15,1,0.018182,-4.576000,0.011000,3.014873,0.122737,3.082518e+01,1.500404e-02,0.027311,0.027597
200,0.99,8.0,15,1,0.010000,-8.320000,0.010000,5.481587,0.158114,3.077779e+01,2.490146e-02,0.028638,0.028505
200,0.99,8.0,15,1,0.026364,-3.155862,0.011379,2.079222,0.103460,4.134763e+01,1.066127e-02,0.028509,0.028591
200,0.99,8.0,15,1,0.034545,-2.408421,0.008684,1.586775,0.078957,4.920635e+01,6.215580e-03,0.027736,0.027935
200,0.99,8.0,15,1,0.042727,-1.947234,0.007021,1.282925,0.063837,5.485374e+01,4.076424e-03,0.027454,0.027966
200,0.99,8.0,15,1,0.050909,-1.634286,0.005893,1.076740,0.053578,5.903290e+01,2.887339e-03,0.027981,0.027974
200,0.99,8.0,15,1,0.059091,-1.408000,0.005077,0.927653,0.046159,6.222953e+01,2.159744e-03,0.027374,0.027811
200,0.99,8.0,15,1,0.067273,-1.236757,0.008919,0.814830,0.056990,6.474611e+01,3.240156e-03,0.027517,0.027960
200,0.99,8.0,15,1,0.083636,-0.994783,0.011957,0.655407,0.058692,6.844536e+01,3.431562e-03,0.028074,0.028123
200,0.99,8.0,15,1,0.075455,-1.102651,0.011928,0.726475,0.061846,6.677557e+01,3.810200e-03,0.028389,0.028490
200,0.99,8.0,15,1,0.091818,-0.906139,0.010891,0.597004,0.053462,6.984251e+01,2.846880e-03,0.028123,0.028262
200,0.99,8.0,15,1,0.100000,-0.832000,0.012000,0.548159,0.058047,7.102832e+01,3.356627e-03,0.028094,0.027851
200,0.99,8.0,20,1,0.010000,-8.320000,0.010000,5.481587,0.158114,3.077779e+01,2.490146e-02,0.028032,0.028300
200,0.99,8.0,20,1,0.026364,-3.155862,0.011379,2.079222,0.103460,4.134763e+01,1.066127e-02,0.028304,0.028373
200,0.99,8.0,20,1,0.018182,-4.576000,0.011000,3.014873,0.122737,3.082518e+01,1.500404e-02,0.029421,0.029503
200,0.99,8.0,20,1,0.034545,-2.408421,0.008684,1.586775,0.078957,4.920635e+01,6.215580e-03,0.028670,0.028948
200,0.99,8.0,20,1,0.042727,-1.947234,0.007021,1.282925,0.063837,5.485374e+01,4.076424e-03,0.029014,0.028785
200,0.99,8.0,20,1,0.050909,-1.634286,0.005893,1.076740,0.053578,5.903290e+01,2.887339e-03,0.028517,0.028794
200,0.99,8.0,20,1,0.059091,-1.408000,0.005077,0.927653,0.046159,6.222953e+01,2.159744e-03,0.028545,0.029103
200,0.99,8.0,20,1,0.067273,-1.236757,0.008919,0.814830,0.056990,6.474611e+01,3.240156e-03,0.028683,0.029575
200,0.99,8.0,20,1,0.075455,-1.102651,0.011928,0.726475,0.061846,6.677557e+01,3.810200e-03,0.028384,0.028789
200,0.99,8.0,20,1,0.083636,-0.994783,0.011957,0.655407,0.058692,6.844536e+01,3.431562e-03,0.028299,0.028760
200,0.99,8.0,20,1,0.091818,-0.906139,0.010891,0.597004,0.053462,6.984251e+01,2.846880e-03,0.028452,0.028772
200,0.99,8.0,20,1,0.100000,-0.832000,0.012000,0.548159,0.058047,7.102832e+01,3.356627e-03,0.028464,0.028649
200,0.99,16.0,5,1,0.010000,-17.580000,0.000000,8.307808,0.000000,7.820330e+01,1.410163e-04,0.026427,0.026870
200,0.99,16.0,5,1,0.026364,-6.668276,0.011379,3.151238,0.103460,2.055376e+02,1.066148e-02,0.026423,0.026833
200,0.99,16.0,5,1,0.018182,-9.669000,0.005500,4.569295,0.086963,1.415017e+02,7.572891e-03,0.026922,0.027548
200,0.99,16.0,5,1,0.042727,-4.114468,0.011702,1.944381,0.082079,2.773766e+02,6.710080e-03,0.025969,0.026627
200,0.99,16.0,5,1,0.034545,-5.088947,0.011579,2.404892,0.090987,2.480830e+02,8.245517e-03,0.026593,0.026648
200,0.99,16.0,5,1,0.050909,-3.453214,0.011786,1.631891,0.075309,2.985767e+02,5.648732e-03,0.026318,0.026990
200,0.99,16.0,5,1,0.059091,-2.975077,0.013538,1.405937,0.074611,3.145719e+02,5.547288e-03,0.026160,0.026691
200,0.99,16.0,5,1,0.067273,-2.613243,0.014865,1.234944,0.072969,3.270479e+02,5.312080e-03,0.026681,0.027365
200,0.99,16.0,5,1,0.075455,-2.329880,0.014578,1.101035,0.068090,3.370418e+02,4.624945e-03,0.026336,0.026769
200,0.99,16.0,5,1,0.083636,-2.101957,0.014348,0.993325,0.064026,3.452228e+02,4.089007e-03,0.026260,0.026814
200,0.99,16.0,5,1,0.091818,-1.914653,0.015248,0.904811,0.067307,3.520408e+02,4.523520e-03,0.026375,0.026842
200,0.99,16.0,5,1,0.100000,-1.758000,0.017000,0.830781,0.066925,3.578091e+02,4.487265e-03,0.026063,0.026516
200,0.99,16.0,10,1,0.010000,-17.580000,0.000000,8.307808,0.000000,7.820686e+01,1.410210e-04,0.027534,0.028127
200,0.99,16.0,10,1,0.018182,-9.669000,0.005500,4.569295,0.086963,1.415144e+02,7.572893e-03,0.027278,0.027928
200,0.99,16.0,10,1,0.026364,-6.668276,0.011379,3.151238,0.103460,2.055538e+02,1.066148e-02,0.027394,0.028052
200,0.99,16.0,10,1,0.034545,-5.088947,0.011579,2.404892,0.090987,2.481010e+02,8.245517e-03,0.027083,0.027668
200,0.99,16.0,10,1,0.042727,-4.114468,0.011702,1.944381,0.082079,2.773958e+02,6.710080e-03,0.028131,0.028624
200,0.99,16.0,10,1,0.050909,-3.453214,0.011786,1.631891,0.075309,2.985966e+02,5.648733e-03,0.027440,0.028178
200,0.99,16.0,10,1,0.059091,-2.975077,0.013538,1.405937,0.074611,3.145923e+02,5.547287e-03,0.027632,0.028702
200,0.99,16.0,10,1,0.067273,-2.613243,0.014865,1.234944,0.072969,3.270688e+02,5.312079e-03,0.027683,0.028486
200,0.99,16.0,10,1,0.083636,-2.101957,0.014348,0.993325,0.064026,3.452443e+02,4.089006e-03,0.027617,0.028290
200,0.99,16.0,10,1,0.075455,-2.329880,0.014578,1.101035,0.068090,3.370630e+02,4.624943e-03,0.028031,0.028424
200,0.99,16.0,10,1,0.091818,-1.914653,0.015248,0.904811,0.067307,3.520625e+02,4.523518e-03,0.027315,0.027809
200,0.99,16.0,10,1,0.100000,-1.758000,0.017000,0.830781,0.066925,3.578310e+02,4.487263e-03,0.027687,0.028736
200,0.99,16.0,15,1,0.010000,-17.580000,0.000000,8.307808,0.000000,7.820686e+01,1.410210e-04,0.028490,0.029241
200,0.99,16.0,15,1,0.026364,-6.668276,0.011379,3.151238,0.103460,2.055538e+02,1.066148e-02,0.027870,0.028882
200,0.99,16.0,15,1,0.034545,-5.088947,0.011579,2.404892,0.090987,2.481010e+02,8.245517e-03,0.028237,0.029053
200,0.99,16.0,15,1,0.018182,-9.669000,0.005500,4.569295,0.086963,1.415144e+02,7.572893e-03,0.030454,0.030592
200,0.99,16.0,15,1,0.042727,-4.114468,0.011702,1.944381,0.082079,2.773958e+02,6.710080e-03,0.029019,0.029434
200,0.99,16.0,15,1,0.050909,-3.453214,0.011786,1.631891,0.075309,2.985966e+02,5.648733e-03,0.028544,0.029190
200,0.99,16.0,15,1,0.059091,-2.975077,0.013538,1.405937,0.074611,3.145923e+02,5.547287e-03,0.027774,0.028439
200,0.99,16.0,15,1,0.067273,-2.613243,0.014865,1.234944,0.072969,3.270688e+02,5.312079e-03,0.028609,0.029479
200,0.99,16.0,15,1,0.075455,-2.329880,0.014578,1.101035,0.068090,3.370630e+02,4.624943e-03,0.028060,0.028807
200,0.99,16.0,15,1,0.083636,-2.101957,0.014348,0.993325,0.064026,3.452443e+02,4.089006e-03,0.028322,0.028963
200,0.99,16.0,15,1,0.091818,-1.914653,0.015248,0.904811,0.067307,3.520625e+02,4.523518e-03,0.029090,0.029820
200,0.99,16.0,15,1,0.100000,-1.758000,0.017000,0.830781,0.066925,3.578310e+02,4.487263e-03,0.027821,0.028441
200,0.99,16.0,20,1,0.010000,-17.580000,0.000000,8.307808,0.000000,7.820686e+01,1.410210e-04,0.029578,0.030172
200,0.99,16.0,20,1,0.018182,-9.669000,0.005500,4.569295,0.086963,1.415144e+02,7.572893e-03,0.028694,0.029355
200,0.99,16.0,20,1,0.034545,-5.088947,0.011579,2.404892,0.090987,2.481010e+02,8.245517e-03,0.027954,0.028498
200,0.99,16.0,20,1,0.026364,-6.668276,0.011379,3.151238,0.103460,2.055538e+02,1.066148e-02,0.029485,0.030038
200,0.99,16.0,20,1,0.042727,-4.114468,0.011702,1.944381,0.082079,2.773958e+02,6.710080e-03,0.028356,0.028838
200,0.99,16.0,20,1,0.059091,-2.975077,0.013538,1.405937,0.074611,3.145923e+02,5.547287e-03,0.027531,0.028193
200,0.99,16.0,20,1,0.050909,-3.453214,0.011786,1.631891,0.075309,2.985966e+02,5.648733e-03,0.028392,0.028916
200,0.99,16.0,20,1,0.067273,-2.613243,0.014865,1.234944,0.072969,3.270688e+02,5.312079e-03,0.026590,0.026992
200,0.99,16.0,20,1,0.083636,-2.101957,0.014348,0.993325,0.064026,3.452443e+02,4.089006e-03,0.026500,0.026980
200,0.99,16.0,20,1,0.075455,-2.329880,0.014578,1.101035,0.068090,3.370630e+02,4.624943e-03,0.026924,0.027579
200,0.99,16.0,20,1,0.091818,-1.914653,0.015248,0.904811,0.067307,3.520625e+02,4.523518e-03,0.026036,0.026529
200,0.99,16.0,20,1,0.100000,-1.758000,0.017000,0.830781,0.066925,3.578310e+02,4.487263e-03,0.024815,0.025312
